Workbook

Sheet 使用说明
A1: 项目 | B1: 使用方法与公式 | C1: 意义及简化范围
A2: 先改配置 | B2: 配置与结果B6:E9选择基准/对比塑造和原心相增幅。面板B15:K18输入自己的装备后数值。 | C2: 基准和对比共用面板、木桩、流程，只比较所选效果变化。
A3: 看结果 | B3: H/I为基准/对比，J差额，K比例。逐档收益每行改变一项配置。 | C3: 全队期望包含队友收益；一名辅助的收益不等于仅看自己的伤害。
A4: 百分比输入 | B4: 暴击率70%输入70%。总暴创202.5%输入202.5%。倍率1500%在效果参数填1500%。 | C4: Excel保存为数值，不要输入文本。显示暴创的精度可依自己游戏面板依据修正。
A5: 当前角色与心相 | B5: 红弩箭SP、37狂想IV、小瑞安侬、J狂想IV，原四种心相Lv60。 | C5: 可改变0～5塑与1～5增幅。换心相类型需新增完整效果及重新录入装备面板，本版没有自动换装功能。
A6: 固定流程 | B6: 固定流程页仅供查看：36次行动、3个普通回合＋13次洞穿，4次补充算式、2次黑莓。当前只比较配置，不在Excel内修改牌序。 | C6: 不模拟随机发牌、行动点、激情、灵光、使役能量、洞知点和额外行动机会。流程用于同口径比较，不表示所有0塑配置都能开局照此打。
A7: 状态近似 | B7: 短窗口内触发的群鸟、数维、雨声、灵犀、J团队增伤等不计算到期。灵犀按回合开始及普通咒语消费默契累积并限上限。 | C7: 不追踪灵犀分批到期、回合末默契、额外回合。37持续时间塑造及小瑞能量塑造收益可能被低估。
A8: 红弩箭计时 | B8: 按普通回合推进雷鸣/极限，回合末雷鸣+3增压，首次俯冲按塑造+1/+2，满10下回合进入极限2回合。 | C8: 洞穿不消耗此计时。固定高阶牌不核算获取，部分塑造预备牌收益没有计入。
A9: J燃烧 | B9: 默认自身按该塑造燃烧上限、木桩预置30层。H24改0可比较指定固定层数。 | C9: 没有燃烧伤害、扣层、护盾或受击反击。J硬度测试仍计反击，伤后叠家庭仪式威力。J1塑高温回火提升在本木桩可能显示0收益，属于场景限制。
A10: J仪式疑点 | B10: 有效溢出倍率=游戏文本×H27。默认H27=2：0塑每层100%，4塑起按文本75%推算为150%。 | C10: 0塑100%由原测试支持；4塑/5塑150%尚未独立测试。可将H27改1看游戏文本口径。
A11: 有效攻击 | B11: 战前攻击×角色百分比增益＋数维固定攻击＋尘酿鹰固定攻击，再向下取整。数维和尘酿鹰用各自施放时近似快照。 | C11: 小瑞入战5%与雨声入战攻击另加；J每层燃烧攻击按塑造/狂想。心相静态属性已在输入面板，不重复加。
A12: 主伤 | B12: MAX(攻击×最低攻防比例，攻击−有效防御)×技能倍率×普通创伤区×威力区×克制区。分别算不暴击、暴击并取整。 | C12: 普通创伤区含角色伤加、雨声、瑞升华、J团队、反击伤加，减去木桩固定受创减免。
... A22: 使用建议 | B22: 一次只改一个选项，比较角色与全队两种收益；再改木桩防御/暴防，看结论是否稳定。 | C22: 没有实测伤害输入参与结果。其他玩家可按自己的面板使用同一固定流程估算。

Sheet 配置与结果
A1: 洞知队固定流程配置对比
A2: 固定3个普通回合＋1次洞穿。木桩不攻击、不施加状态。结果按暴击概率加权，用于比较塑造及原心相的增幅收益。黄色可改，绿色为公式。
A5: 角色 | B5: 基准塑造 | C5: 对比塑造 | D5: 基准增幅 | E5: 对比增幅 | F5: 固定心相 | G5: 结果 | H5: 基准 | I5: 对比 | J5: 差额 | K5: 提升率 | L5: 说明
A6: 红弩箭 | B6: 0 | C6: 2 | D6: 5 | E6: 5 | F6: 立于风暴脊 | G6: 全队合计 | H6: =IF(ISNUMBER(方案参数!M3),方案参数!M3,"") -> 8766612 | I6: =IF(ISNUMBER(方案参数!M4),方案参数!M4,"") -> 13566810 | J6: =IF(AND(ISNUMBER(H6),ISNUMBER(I6)),I6-H6,"") -> 4800198 | K6: =IF(AND(ISNUMBER(H6),ISNUMBER(I6),H6>0),I6/H6-1,"") -> 0.54755452 | L6: =IF(AND(ISNUMBER(H6),ISNUMBER(I6)),"固定流程期望","待补效果参数") -> 固定流程期望
A7: 37 | B7: 0 | C7: 0 | D7: 1 | E7: 1 | F7: 灵知当齐一 | G7: 普通阶段 | H7: =IF(ISNUMBER(方案参数!N3),方案参数!N3,"") -> 3133250.7 | I7: =IF(ISNUMBER(方案参数!N4),方案参数!N4,"") -> 4620699.7 | J7: =IF(AND(ISNUMBER(H7),ISNUMBER(I7)),I7-H7,"") -> 1487449 | K7: =IF(AND(ISNUMBER(H7),ISNUMBER(I7),H7>0),I7/H7-1,"") -> 0.47473029 | L7: =IF(AND(ISNUMBER(H7),ISNUMBER(I7)),"固定流程期望","待补效果参数") -> 固定流程期望
A8: 小瑞安侬 | B8: 0 | C8: 0 | D8: 5 | E8: 5 | F8: 昨日雨声轻 | G8: 洞穿阶段 | H8: =IF(ISNUMBER(方案参数!O3),方案参数!O3,"") -> 5633361.3 | I8: =IF(ISNUMBER(方案参数!O4),方案参数!O4,"") -> 8946110.3 | J8: =IF(AND(ISNUMBER(H8),ISNUMBER(I8)),I8-H8,"") -> 3312749 | K8: =IF(AND(ISNUMBER(H8),ISNUMBER(I8),H8>0),I8/H8-1,"") -> 0.58805904 | L8: =IF(AND(ISNUMBER(H8),ISNUMBER(I8)),"固定流程期望","待补效果参数") -> 固定流程期望
A9: J | B9: 0 | C9: 0 | D9: 1 | E9: 1 | F9: 家庭指导员 | G9: 红弩箭合计 | H9: =IF(ISNUMBER(方案参数!P3),方案参数!P3,"") -> 7363386 | I9: =IF(ISNUMBER(方案参数!P4),方案参数!P4,"") -> 12163584 | J9: =IF(AND(ISNUMBER(H9),ISNUMBER(I9)),I9-H9,"") -> 4800198 | K9: =IF(AND(ISNUMBER(H9),ISNUMBER(I9),H9>0),I9/H9-1,"") -> 0.65190091 | L9: =IF(AND(ISNUMBER(H9),ISNUMBER(I9)),"固定流程期望","待补效果参数") -> 固定流程期望
G10: 37合计 | H10: =IF(ISNUMBER(方案参数!Q3),方案参数!Q3,"") -> 642844.12 | I10: =IF(ISNUMBER(方案参数!Q4),方案参数!Q4,"") -> 642844.12 | J10: =IF(AND(ISNUMBER(H10),ISNUMBER(I10)),I10-H10,"") -> 0 | K10: =IF(AND(ISNUMBER(H10),ISNUMBER(I10),H10>0),I10/H10-1,"") -> 0 | L10: =IF(AND(ISNUMBER(H10),ISNUMBER(I10)),"固定流程期望","待补效果参数") -> 固定流程期望
A11: 面板使用已装备原心相后的战前数值。增幅仅改变战斗效果，不重复加静态属性。37/J固定狂想IV。其他心相换装不在本版范围。 | G11: 小瑞安侬合计 | H11: =IF(ISNUMBER(方案参数!R3),方案参数!R3,"") -> 489818.29 | I11: =IF(ISNUMBER(方案参数!R4),方案参数!R4,"") -> 489818.29 | J11: =IF(AND(ISNUMBER(H11),ISNUMBER(I11)),I11-H11,"") -> 0 | K11: =IF(AND(ISNUMBER(H11),ISNUMBER(I11),H11>0),I11/H11-1,"") -> 0 | L11: =IF(AND(ISNUMBER(H11),ISNUMBER(I11)),"固定流程期望","待补效果参数") -> 固定流程期望
G12: J合计 | H12: =IF(ISNUMBER(方案参数!S3),方案参数!S3,"") -> 270563.56 | I12: =IF(ISNUMBER(方案参数!S4),方案参数!S4,"") -> 270563.56 | J12: =IF(AND(ISNUMBER(H12),ISNUMBER(I12)),I12-H12,"") -> 0 | K12: =IF(AND(ISNUMBER(H12),ISNUMBER(I12),H12>0),I12/H12-1,"") -> 0 | L12: =IF(AND(ISNUMBER(H12),ISNUMBER(I12)),"固定流程期望","待补效果参数") -> 固定流程期望
A14: 角色 | B14: 攻击 | C14: 生命 | D14: 暴击率 | E14: 计算暴创 | F14: 创伤加成 | G14: 术法威力 | H14: 仪式威力 | I14: 穿透率 | J14: 本源增益 | K14: 自然克制？ | L14: 说明
A15: 红弩箭 | B15: 2296 | C15: 9354 | D15: 0.7 | E15: 2.025 | F15: 0.1 | G15: 0 | H15: 0 | I15: 0 | J15: 0 | K15: 0 | L15: 显示202.6%，本例按202.5%计算
A16: 37 | B16: 2306 | C16: 11089 | D16: 0.46 | E16: 1.928 | F16: 0.005 | G16: 0 | H16: 0 | I16: 0 | J16: 0 | K16: 0 | L16: 洞悉15%＋灵知暴创按增幅
A17: 小瑞安侬 | B17: 2597 | C17: 12240 | D17: 0.255 | E17: 1.55 | F17: 0.035 | G17: 0 | H17: 0 | I17: 0 | J17: 0 | K17: 0 | L17: 心相入战攻击及洞悉另加
A18: J | B18: 1906 | C18: 12876 | D18: 0.367 | E18: 1.717 | F18: 0.025 | G18: 0 | H18: 0 | I18: 0 | J18: 0 | K18: 0 | L18: 显示171.8%，本例按171.7%计算
A20: 计算暴创为总倍率：202.5%请输入202.5%，不是102.5%。自然克制0=不克制、1=克制。黑莓固定视为克制。生命只保留面板信息，当前木桩模型没有生命比例增伤。
A23: 木桩基础属性（全程固定） | G23: 简化场景假设
A24: 现实防御 | B24: 1200 | C24: 所有现实攻击使用此防御 | G24: J燃烧取角色上限 | H24: 1 | I24: 1=比较满燃烧；0=使用下行固定层数
A25: 精神防御 | B25: 1000 | C25: 所有精神攻击使用此防御 | G25: J固定燃烧层数 | H25: 35 | I25: 选择0时生效，仍不超过该塑造上限
A26: 暴击防御 | B26: 0.4 | C26: 从暴击创伤扣百分点 | G26: 木桩预置燃烧 | H26: 30 | I26: 仅算J仪式溢出，不模拟结算及扣层
A27: 抗暴率 | B27: 0 | C27: 从角色暴击概率扣百分点 | G27: J溢出实测/文本比例 | H27: 2 | I27: 0塑文本50%，本例有效100%；高塑按相同比例推算，未独立验证
A28: 普通受创减免 | B28: 0.4 | C28: 普通创伤乘区扣减 | G28: 固定追击次数 | H28: 4 | I28: 37补充算式固定4次；不随灵光生成变化
A29: 洞知受创减免 | B29: 0 | C29: 洞知威力区扣减 | G29: 状态持续时间 | H29: 短循环近似 | I29: 增益一旦触发，本窗口内不再到期；用于配置相对收益
A30: 直接本源减免 | B30: 0 | C30: 仅影响37技能自带本源 | G30: 洞穿开始 | H30: 固定第3回合后 | I30: 不计算洞知点及提前进入收益
A31: 最低攻防比例 | B31: 0.1 | C31: 高防时攻防项最低为攻击×此比例 | G31: 受击反击次数 | H31: 0 | I31: 木桩不攻击，高温回火不触发
A32: 普通创伤区下限 | B32: 0.3 | C32: 与原验证模型保持一致
A33: 基础克制加成 | B33: 0.3 | C33: 克制基础倍率1＋此值
A35: 木桩没有关卡仰望、保守主义、分段生命减伤、非克制追加暴防及全员术法−40%。角色产生的创伤、暴防降低及洞知减免降低仍计算为技能修正。各方案共用相同流程和木桩。
A38: 看逐档收益：每次只改变一名角色的塑造或心相增幅，其余配置保持基准。增量=本档相对上一档；累计=本档相对0塑或增幅1。固定流程忽略额外行动机会、提前洞穿和卡牌获取收益。缺失参数时不显示受影响结果。

Sheet 逐档收益
A1: 塑造与心相逐档收益
A2: 每行仅替换一名角色的一个配置项，其余角色保持配置与结果页的基准。上一档提升按相邻档比较；累计按0塑/增幅1比较。普通阶段在红0塑洞知参数缺失时仍可显示。
A5: 变化项 | B5: 档位 | C5: 全队期望 | D5: 上一档提升 | E5: 累计提升 | F5: 该角色期望 | G5: 普通阶段 | H5: 洞穿阶段 | I5: 说明
A6: 红弩箭 | B6: 0 | C6: =IF(ISNUMBER(方案参数!M5),方案参数!M5,"") -> 8766612 | D6: ="" | E6: =IF(AND(ISNUMBER(方案参数!M5),ISNUMBER(方案参数!M5),方案参数!M5>0),方案参数!M5/方案参数!M5-1,"") -> 0 | F6: =IF(ISNUMBER(方案参数!P5),方案参数!P5,"") -> 7363386 | G6: =IF(ISNUMBER(方案参数!N5),方案参数!N5,"") -> 3133250.7 | H6: =IF(ISNUMBER(方案参数!O5),方案参数!O5,"") -> 5633361.3 | I6: =IF(ISNUMBER(C6),"固定次数的相对收益","待补参数；普通阶段可单独查看") -> 固定次数的相对收益
A7: 红弩箭 | B7: 1 | C7: =IF(ISNUMBER(方案参数!M6),方案参数!M6,"") -> 12079361 | D7: =IF(AND(ISNUMBER(方案参数!M6),ISNUMBER(方案参数!M5),方案参数!M5>0),方案参数!M6/方案参数!M5-1,"") -> 0.37788247 | E7: =IF(AND(ISNUMBER(方案参数!M6),ISNUMBER(方案参数!M5),方案参数!M5>0),方案参数!M6/方案参数!M5-1,"") -> 0.37788247 | F7: =IF(ISNUMBER(方案参数!P6),方案参数!P6,"") -> 10676135 | G7: =IF(ISNUMBER(方案参数!N6),方案参数!N6,"") -> 3133250.7 | H7: =IF(ISNUMBER(方案参数!O6),方案参数!O6,"") -> 8946110.3 | I7: =IF(ISNUMBER(C7),"固定次数的相对收益","待补参数；普通阶段可单独查看") -> 固定次数的相对收益
A8: 红弩箭 | B8: 2 | C8: =IF(ISNUMBER(方案参数!M7),方案参数!M7,"") -> 13566810 | D8: =IF(AND(ISNUMBER(方案参数!M7),ISNUMBER(方案参数!M6),方案参数!M6>0),方案参数!M7/方案参数!M6-1,"") -> 0.12313971 | E8: =IF(AND(ISNUMBER(方案参数!M7),ISNUMBER(方案参数!M5),方案参数!M5>0),方案参数!M7/方案参数!M5-1,"") -> 0.54755452 | F8: =IF(ISNUMBER(方案参数!P7),方案参数!P7,"") -> 12163584 | G8: =IF(ISNUMBER(方案参数!N7),方案参数!N7,"") -> 4620699.7 | H8: =IF(ISNUMBER(方案参数!O7),方案参数!O7,"") -> 8946110.3 | I8: =IF(ISNUMBER(C8),"固定次数的相对收益","待补参数；普通阶段可单独查看") -> 固定次数的相对收益
A9: 红弩箭 | B9: 3 | C9: =IF(ISNUMBER(方案参数!M8),方案参数!M8,"") -> 15110630 | D9: =IF(AND(ISNUMBER(方案参数!M8),ISNUMBER(方案参数!M7),方案参数!M7>0),方案参数!M8/方案参数!M7-1,"") -> 0.11379388 | E9: =IF(AND(ISNUMBER(方案参数!M8),ISNUMBER(方案参数!M5),方案参数!M5>0),方案参数!M8/方案参数!M5-1,"") -> 0.72365676 | F9: =IF(ISNUMBER(方案参数!P8),方案参数!P8,"") -> 13707404 | G9: =IF(ISNUMBER(方案参数!N8),方案参数!N8,"") -> 6164519.7 | H9: =IF(ISNUMBER(方案参数!O8),方案参数!O8,"") -> 8946110.3 | I9: =IF(ISNUMBER(C9),"固定次数的相对收益","待补参数；普通阶段可单独查看") -> 固定次数的相对收益
A10: 红弩箭 | B10: 4 | C10: =IF(ISNUMBER(方案参数!M9),方案参数!M9,"") -> 16284949 | D10: =IF(AND(ISNUMBER(方案参数!M9),ISNUMBER(方案参数!M8),方案参数!M8>0),方案参数!M9/方案参数!M8-1,"") -> 0.077714761 | E10: =IF(AND(ISNUMBER(方案参数!M9),ISNUMBER(方案参数!M5),方案参数!M5>0),方案参数!M9/方案参数!M5-1,"") -> 0.85761033 | F10: =IF(ISNUMBER(方案参数!P9),方案参数!P9,"") -> 14881723 | G10: =IF(ISNUMBER(方案参数!N9),方案参数!N9,"") -> 7338838.7 | H10: =IF(ISNUMBER(方案参数!O9),方案参数!O9,"") -> 8946110.3 | I10: =IF(ISNUMBER(C10),"固定次数的相对收益","待补参数；普通阶段可单独查看") -> 固定次数的相对收益
A11: 红弩箭 | B11: 5 | C11: =IF(ISNUMBER(方案参数!M10),方案参数!M10,"") -> 20939648 | D11: =IF(AND(ISNUMBER(方案参数!M10),ISNUMBER(方案参数!M9),方案参数!M9>0),方案参数!M10/方案参数!M9-1,"") -> 0.28582828 | E11: =IF(AND(ISNUMBER(方案参数!M10),ISNUMBER(方案参数!M5),方案参数!M5>0),方案参数!M10/方案参数!M5-1,"") -> 1.3885679 | F11: =IF(ISNUMBER(方案参数!P10),方案参数!P10,"") -> 19536422 | G11: =IF(ISNUMBER(方案参数!N10),方案参数!N10,"") -> 7338838.7 | H11: =IF(ISNUMBER(方案参数!O10),方案参数!O10,"") -> 13600809 | I11: =IF(ISNUMBER(C11),"固定次数的相对收益","待补参数；普通阶段可单独查看") -> 固定次数的相对收益
A12: 37 | B12: 0 | C12: =IF(ISNUMBER(方案参数!M11),方案参数!M11,"") -> 8766612 | D12: ="" | E12: =IF(AND(ISNUMBER(方案参数!M11),ISNUMBER(方案参数!M11),方案参数!M11>0),方案参数!M11/方案参数!M11-1,"") -> 0 | F12: =IF(ISNUMBER(方案参数!Q11),方案参数!Q11,"") -> 642844.12 | G12: =IF(ISNUMBER(方案参数!N11),方案参数!N11,"") -> 3133250.7 | H12: =IF(ISNUMBER(方案参数!O11),方案参数!O11,"") -> 5633361.3 | I12: =IF(ISNUMBER(C12),"固定次数的相对收益","待补参数；普通阶段可单独查看") -> 固定次数的相对收益
A13: 37 | B13: 1 | C13: =IF(ISNUMBER(方案参数!M12),方案参数!M12,"") -> 8981207.9 | D13: =IF(AND(ISNUMBER(方案参数!M12),ISNUMBER(方案参数!M11),方案参数!M11>0),方案参数!M12/方案参数!M11-1,"") -> 0.02447877 | E13: =IF(AND(ISNUMBER(方案参数!M12),ISNUMBER(方案参数!M11),方案参数!M11>0),方案参数!M12/方案参数!M11-1,"") -> 0.02447877 | F13: =IF(ISNUMBER(方案参数!Q12),方案参数!Q12,"") -> 744289 | G13: =IF(ISNUMBER(方案参数!N12),方案参数!N12,"") -> 3265669.9 | H13: =IF(ISNUMBER(方案参数!O12),方案参数!O12,"") -> 5715538 | I13: =IF(ISNUMBER(C13),"固定次数的相对收益","待补参数；普通阶段可单独查看") -> 固定次数的相对收益
A14: 37 | B14: 2 | C14: =IF(ISNUMBER(方案参数!M13),方案参数!M13,"") -> 11519916 | D14: =IF(AND(ISNUMBER(方案参数!M13),ISNUMBER(方案参数!M12),方案参数!M12>0),方案参数!M13/方案参数!M12-1,"") -> 0.28266888 | E14: =IF(AND(ISNUMBER(方案参数!M13),ISNUMBER(方案参数!M11),方案参数!M11>0),方案参数!M13/方案参数!M11-1,"") -> 0.31406704 | F14: =IF(ISNUMBER(方案参数!Q13),方案参数!Q13,"") -> 1156054 | G14: =IF(ISNUMBER(方案参数!N13),方案参数!N13,"") -> 3326324.9 | H14: =IF(ISNUMBER(方案参数!O13),方案参数!O13,"") -> 8193591 | I14: =IF(ISNUMBER(C14),"固定次数的相对收益","待补参数；普通阶段可单独查看") -> 固定次数的相对收益
A15: 37 | B15: 3 | C15: =IF(ISNUMBER(方案参数!M14),方案参数!M14,"") -> 12114966 | D15: =IF(AND(ISNUMBER(方案参数!M14),ISNUMBER(方案参数!M13),方案参数!M13>0),方案参数!M14/方案参数!M13-1,"") -> 0.051654062 | E15: =IF(AND(ISNUMBER(方案参数!M14),ISNUMBER(方案参数!M11),方案参数!M11>0),方案参数!M14/方案参数!M11-1,"") -> 0.38194394 | F15: =IF(ISNUMBER(方案参数!Q14),方案参数!Q14,"") -> 1211568 | G15: =IF(ISNUMBER(方案参数!N14),方案参数!N14,"") -> 3479932.3 | H15: =IF(ISNUMBER(方案参数!O14),方案参数!O14,"") -> 8635034 | I15: =IF(ISNUMBER(C15),"固定次数的相对收益","待补参数；普通阶段可单独查看") -> 固定次数的相对收益
A16: 37 | B16: 4 | C16: =IF(ISNUMBER(方案参数!M15),方案参数!M15,"") -> 12216608 | D16: =IF(AND(ISNUMBER(方案参数!M15),ISNUMBER(方案参数!M14),方案参数!M14>0),方案参数!M15/方案参数!M14-1,"") -> 0.0083897881 | E16: =IF(AND(ISNUMBER(方案参数!M15),ISNUMBER(方案参数!M11),方案参数!M11>0),方案参数!M15/方案参数!M11-1,"") -> 0.39353816 | F16: =IF(ISNUMBER(方案参数!Q15),方案参数!Q15,"") -> 1313210 | G16: =IF(ISNUMBER(方案参数!N15),方案参数!N15,"") -> 3581574.3 | H16: =IF(ISNUMBER(方案参数!O15),方案参数!O15,"") -> 8635034 | I16: =IF(ISNUMBER(C16),"固定次数的相对收益","待补参数；普通阶段可单独查看") -> 固定次数的相对收益
A17: 37 | B17: 5 | C17: =IF(ISNUMBER(方案参数!M16),方案参数!M16,"") -> 15496514 | D17: =IF(AND(ISNUMBER(方案参数!M16),ISNUMBER(方案参数!M15),方案参数!M15>0),方案参数!M16/方案参数!M15-1,"") -> 0.26847926 | E17: =IF(AND(ISNUMBER(方案参数!M16),ISNUMBER(方案参数!M11),方案参数!M11>0),方案参数!M16/方案参数!M11-1,"") -> 0.76767426 | F17: =IF(ISNUMBER(方案参数!Q16),方案参数!Q16,"") -> 1814117 | G17: =IF(ISNUMBER(方案参数!N16),方案参数!N16,"") -> 3581574.3 | H17: =IF(ISNUMBER(方案参数!O16),方案参数!O16,"") -> 11914940 | I17: =IF(ISNUMBER(C17),"固定次数的相对收益","待补参数；普通阶段可单独查看") -> 固定次数的相对收益
A18: 小瑞安侬 | B18: 0 | C18: =IF(ISNUMBER(方案参数!M17),方案参数!M17,"") -> 8766612 | D18: ="" | E18: =IF(AND(ISNUMBER(方案参数!M17),ISNUMBER(方案参数!M17),方案参数!M17>0),方案参数!M17/方案参数!M17-1,"") -> 0 | F18: =IF(ISNUMBER(方案参数!R17),方案参数!R17,"") -> 489818.29 | G18: =IF(ISNUMBER(方案参数!N17),方案参数!N17,"") -> 3133250.7 | H18: =IF(ISNUMBER(方案参数!O17),方案参数!O17,"") -> 5633361.3 | I18: =IF(ISNUMBER(C18),"固定次数的相对收益","待补参数；普通阶段可单独查看") -> 固定次数的相对收益
A19: 小瑞安侬 | B19: 1 | C19: =IF(ISNUMBER(方案参数!M18),方案参数!M18,"") -> 8986839.7 | D19: =IF(AND(ISNUMBER(方案参数!M18),ISNUMBER(方案参数!M17),方案参数!M17>0),方案参数!M18/方案参数!M17-1,"") -> 0.025121192 | E19: =IF(AND(ISNUMBER(方案参数!M18),ISNUMBER(方案参数!M17),方案参数!M17>0),方案参数!M18/方案参数!M17-1,"") -> 0.025121192 | F19: =IF(ISNUMBER(方案参数!R18),方案参数!R18,"") -> 546336.91 | G19: =IF(ISNUMBER(方案参数!N18),方案参数!N18,"") -> 3353478.4 | H19: =IF(ISNUMBER(方案参数!O18),方案参数!O18,"") -> 5633361.3 | I19: =IF(ISNUMBER(C19),"固定次数的相对收益","待补参数；普通阶段可单独查看") -> 固定次数的相对收益
A20: 小瑞安侬 | B20: 2 | C20: =IF(ISNUMBER(方案参数!M19),方案参数!M19,"") -> 9754459.6 | D20: =IF(AND(ISNUMBER(方案参数!M19),ISNUMBER(方案参数!M18),方案参数!M18>0),方案参数!M19/方案参数!M18-1,"") -> 0.085415994 | E20: =IF(AND(ISNUMBER(方案参数!M19),ISNUMBER(方案参数!M17),方案参数!M17>0),方案参数!M19/方案参数!M17-1,"") -> 0.11268294 | F20: =IF(ISNUMBER(方案参数!R19),方案参数!R19,"") -> 1311975.8 | G20: =IF(ISNUMBER(方案参数!N19),方案参数!N19,"") -> 4121098.3 | H20: =IF(ISNUMBER(方案参数!O19),方案参数!O19,"") -> 5633361.3 | I20: =IF(ISNUMBER(C20),"固定次数的相对收益","待补参数；普通阶段可单独查看") -> 固定次数的相对收益
A21: 小瑞安侬 | B21: 3 | C21: =IF(ISNUMBER(方案参数!M20),方案参数!M20,"") -> 10642502 | D21: =IF(AND(ISNUMBER(方案参数!M20),ISNUMBER(方案参数!M19),方案参数!M19>0),方案参数!M20/方案参数!M19-1,"") -> 0.091039677 | E21: =IF(AND(ISNUMBER(方案参数!M20),ISNUMBER(方案参数!M17),方案参数!M17>0),方案参数!M20/方案参数!M17-1,"") -> 0.21398123 | F21: =IF(ISNUMBER(方案参数!R20),方案参数!R20,"") -> 1471186.2 | G21: =IF(ISNUMBER(方案参数!N20),方案参数!N20,"") -> 4550742.1 | H21: =IF(ISNUMBER(方案参数!O20),方案参数!O20,"") -> 6091760.3 | I21: =IF(ISNUMBER(C21),"固定次数的相对收益","待补参数；普通阶段可单独查看") -> 固定次数的相对收益
A22: 小瑞安侬 | B22: 4 | C22: =IF(ISNUMBER(方案参数!M21),方案参数!M21,"") -> 10947941 | D22: =IF(AND(ISNUMBER(方案参数!M21),ISNUMBER(方案参数!M20),方案参数!M20>0),方案参数!M21/方案参数!M20-1,"") -> 0.028699895 | E22: =IF(AND(ISNUMBER(方案参数!M21),ISNUMBER(方案参数!M17),方案参数!M17>0),方案参数!M21/方案参数!M17-1,"") -> 0.24882237 | F22: =IF(ISNUMBER(方案参数!R21),方案参数!R21,"") -> 1471186.2 | G22: =IF(ISNUMBER(方案参数!N21),方案参数!N21,"") -> 4658778.8 | H22: =IF(ISNUMBER(方案参数!O21),方案参数!O21,"") -> 6289162.3 | I22: =IF(ISNUMBER(C22),"固定次数的相对收益","待补参数；普通阶段可单独查看") -> 固定次数的相对收益
A23: 小瑞安侬 | B23: 5 | C23: =IF(ISNUMBER(方案参数!M22),方案参数!M22,"") -> 12584225 | D23: =IF(AND(ISNUMBER(方案参数!M22),ISNUMBER(方案参数!M21),方案参数!M21>0),方案参数!M22/方案参数!M21-1,"") -> 0.14946038 | E23: =IF(AND(ISNUMBER(方案参数!M22),ISNUMBER(方案参数!M17),方案参数!M17>0),方案参数!M22/方案参数!M17-1,"") -> 0.43547184 | F23: =IF(ISNUMBER(方案参数!R22),方案参数!R22,"") -> 3103342 | G23: =IF(ISNUMBER(方案参数!N22),方案参数!N22,"") -> 6295062.3 | H23: =IF(ISNUMBER(方案参数!O22),方案参数!O22,"") -> 6289162.3 | I23: =IF(ISNUMBER(C23),"固定次数的相对收益","待补参数；普通阶段可单独查看") -> 固定次数的相对收益
A24: J | B24: 0 | C24: =IF(ISNUMBER(方案参数!M23),方案参数!M23,"") -> 8766612 | D24: ="" | E24: =IF(AND(ISNUMBER(方案参数!M23),ISNUMBER(方案参数!M23),方案参数!M23>0),方案参数!M23/方案参数!M23-1,"") -> 0 | F24: =IF(ISNUMBER(方案参数!S23),方案参数!S23,"") -> 270563.56 | G24: =IF(ISNUMBER(方案参数!N23),方案参数!N23,"") -> 3133250.7 | H24: =IF(ISNUMBER(方案参数!O23),方案参数!O23,"") -> 5633361.3 | I24: =IF(ISNUMBER(C24),"固定次数的相对收益","待补参数；普通阶段可单独查看") -> 固定次数的相对收益
A25: J | B25: 1 | C25: =IF(ISNUMBER(方案参数!M24),方案参数!M24,"") -> 8766612 | D25: =IF(AND(ISNUMBER(方案参数!M24),ISNUMBER(方案参数!M23),方案参数!M23>0),方案参数!M24/方案参数!M23-1,"") -> 0 | E25: =IF(AND(ISNUMBER(方案参数!M24),ISNUMBER(方案参数!M23),方案参数!M23>0),方案参数!M24/方案参数!M23-1,"") -> 0 | F25: =IF(ISNUMBER(方案参数!S24),方案参数!S24,"") -> 270563.56 | G25: =IF(ISNUMBER(方案参数!N24),方案参数!N24,"") -> 3133250.7 | H25: =IF(ISNUMBER(方案参数!O24),方案参数!O24,"") -> 5633361.3 | I25: =IF(ISNUMBER(C25),"固定次数的相对收益","待补参数；普通阶段可单独查看") -> 固定次数的相对收益
A26: J | B26: 2 | C26: =IF(ISNUMBER(方案参数!M25),方案参数!M25,"") -> 8855228.9 | D26: =IF(AND(ISNUMBER(方案参数!M25),ISNUMBER(方案参数!M24),方案参数!M24>0),方案参数!M25/方案参数!M24-1,"") -> 0.010108461 | E26: =IF(AND(ISNUMBER(方案参数!M25),ISNUMBER(方案参数!M23),方案参数!M23>0),方案参数!M25/方案参数!M23-1,"") -> 0.010108461 | F26: =IF(ISNUMBER(方案参数!S25),方案参数!S25,"") -> 359180.52 | G26: =IF(ISNUMBER(方案参数!N25),方案参数!N25,"") -> 3221867.7 | H26: =IF(ISNUMBER(方案参数!O25),方案参数!O25,"") -> 5633361.3 | I26: =IF(ISNUMBER(C26),"固定次数的相对收益","待补参数；普通阶段可单独查看") -> 固定次数的相对收益
A27: J | B27: 3 | C27: =IF(ISNUMBER(方案参数!M26),方案参数!M26,"") -> 9783412.3 | D27: =IF(AND(ISNUMBER(方案参数!M26),ISNUMBER(方案参数!M25),方案参数!M25>0),方案参数!M26/方案参数!M25-1,"") -> 0.10481755 | E27: =IF(AND(ISNUMBER(方案参数!M26),ISNUMBER(方案参数!M23),方案参数!M23>0),方案参数!M26/方案参数!M23-1,"") -> 0.11598556 | F27: =IF(ISNUMBER(方案参数!S26),方案参数!S26,"") -> 492226.36 | G27: =IF(ISNUMBER(方案参数!N26),方案参数!N26,"") -> 3604233.1 | H27: =IF(ISNUMBER(方案参数!O26),方案参数!O26,"") -> 6179179.2 | I27: =IF(ISNUMBER(C27),"固定次数的相对收益","待补参数；普通阶段可单独查看") -> 固定次数的相对收益
A28: J | B28: 4 | C28: =IF(ISNUMBER(方案参数!M27),方案参数!M27,"") -> 9971031.4 | D28: =IF(AND(ISNUMBER(方案参数!M27),ISNUMBER(方案参数!M26),方案参数!M26>0),方案参数!M27/方案参数!M26-1,"") -> 0.019177263 | E28: =IF(AND(ISNUMBER(方案参数!M27),ISNUMBER(方案参数!M23),方案参数!M23>0),方案参数!M27/方案参数!M23-1,"") -> 0.1373871 | F28: =IF(ISNUMBER(方案参数!S27),方案参数!S27,"") -> 679845.43 | G28: =IF(ISNUMBER(方案参数!N27),方案参数!N27,"") -> 3791852.2 | H28: =IF(ISNUMBER(方案参数!O27),方案参数!O27,"") -> 6179179.2 | I28: =IF(ISNUMBER(C28),"固定次数的相对收益","待补参数；普通阶段可单独查看") -> 固定次数的相对收益
A29: J | B29: 5 | C29: =IF(ISNUMBER(方案参数!M28),方案参数!M28,"") -> 10158553 | D29: =IF(AND(ISNUMBER(方案参数!M28),ISNUMBER(方案参数!M27),方案参数!M27>0),方案参数!M28/方案参数!M27-1,"") -> 0.018806674 | E29: =IF(AND(ISNUMBER(方案参数!M28),ISNUMBER(方案参数!M23),方案参数!M23>0),方案参数!M28/方案参数!M23-1,"") -> 0.15877757 | F29: =IF(ISNUMBER(方案参数!S28),方案参数!S28,"") -> 867367.37 | G29: =IF(ISNUMBER(方案参数!N28),方案参数!N28,"") -> 3979374.1 | H29: =IF(ISNUMBER(方案参数!O28),方案参数!O28,"") -> 6179179.2 | I29: =IF(ISNUMBER(C29),"固定次数的相对收益","待补参数；普通阶段可单独查看") -> 固定次数的相对收益
A30: 立于风暴脊 | B30: 1 | C30: =IF(ISNUMBER(方案参数!M29),方案参数!M29,"") -> 7967879 | D30: ="" | E30: =IF(AND(ISNUMBER(方案参数!M29),ISNUMBER(方案参数!M29),方案参数!M29>0),方案参数!M29/方案参数!M29-1,"") -> 0 | F30: =IF(ISNUMBER(方案参数!P29),方案参数!P29,"") -> 6564653 | G30: =IF(ISNUMBER(方案参数!N29),方案参数!N29,"") -> 3056550.7 | H30: =IF(ISNUMBER(方案参数!O29),方案参数!O29,"") -> 4911328.3 | I30: =IF(ISNUMBER(C30),"固定次数的相对收益","待补参数；普通阶段可单独查看") -> 固定次数的相对收益
A31: 立于风暴脊 | B31: 2 | C31: =IF(ISNUMBER(方案参数!M30),方案参数!M30,"") -> 8075580 | D31: =IF(AND(ISNUMBER(方案参数!M30),ISNUMBER(方案参数!M29),方案参数!M29>0),方案参数!M30/方案参数!M29-1,"") -> 0.013516897 | E31: =IF(AND(ISNUMBER(方案参数!M30),ISNUMBER(方案参数!M29),方案参数!M29>0),方案参数!M30/方案参数!M29-1,"") -> 0.013516897 | F31: =IF(ISNUMBER(方案参数!P30),方案参数!P30,"") -> 6672354 | G31: =IF(ISNUMBER(方案参数!N30),方案参数!N30,"") -> 3094900.7 | H31: =IF(ISNUMBER(方案参数!O30),方案参数!O30,"") -> 4980679.3 | I31: =IF(ISNUMBER(C31),"固定次数的相对收益","待补参数；普通阶段可单独查看") -> 固定次数的相对收益
A32: 立于风暴脊 | B32: 3 | C32: =IF(ISNUMBER(方案参数!M31),方案参数!M31,"") -> 8362785 | D32: =IF(AND(ISNUMBER(方案参数!M31),ISNUMBER(方案参数!M30),方案参数!M30>0),方案参数!M31/方案参数!M30-1,"") -> 0.035564628 | E32: =IF(AND(ISNUMBER(方案参数!M31),ISNUMBER(方案参数!M29),方案参数!M29>0),方案参数!M31/方案参数!M29-1,"") -> 0.049562249 | F32: =IF(ISNUMBER(方案参数!P31),方案参数!P31,"") -> 6959559 | G32: =IF(ISNUMBER(方案参数!N31),方案参数!N31,"") -> 3094900.7 | H32: =IF(ISNUMBER(方案参数!O31),方案参数!O31,"") -> 5267884.3 | I32: =IF(ISNUMBER(C32),"固定次数的相对收益","待补参数；普通阶段可单独查看") -> 固定次数的相对收益
A33: 立于风暴脊 | B33: 4 | C33: =IF(ISNUMBER(方案参数!M32),方案参数!M32,"") -> 8474949 | D33: =IF(AND(ISNUMBER(方案参数!M32),ISNUMBER(方案参数!M31),方案参数!M31>0),方案参数!M32/方案参数!M31-1,"") -> 0.013412278 | E33: =IF(AND(ISNUMBER(方案参数!M32),ISNUMBER(方案参数!M29),方案参数!M29>0),方案参数!M32/方案参数!M29-1,"") -> 0.06363927 | F33: =IF(ISNUMBER(方案参数!P32),方案参数!P32,"") -> 7071723 | G33: =IF(ISNUMBER(方案参数!N32),方案参数!N32,"") -> 3133250.7 | H33: =IF(ISNUMBER(方案参数!O32),方案参数!O32,"") -> 5341698.3 | I33: =IF(ISNUMBER(C33),"固定次数的相对收益","待补参数；普通阶段可单独查看") -> 固定次数的相对收益
A34: 立于风暴脊 | B34: 5 | C34: =IF(ISNUMBER(方案参数!M33),方案参数!M33,"") -> 8766612 | D34: =IF(AND(ISNUMBER(方案参数!M33),ISNUMBER(方案参数!M32),方案参数!M32>0),方案参数!M33/方案参数!M32-1,"") -> 0.03441472 | E34: =IF(AND(ISNUMBER(方案参数!M33),ISNUMBER(方案参数!M29),方案参数!M29>0),方案参数!M33/方案参数!M29-1,"") -> 0.10024412 | F34: =IF(ISNUMBER(方案参数!P33),方案参数!P33,"") -> 7363386 | G34: =IF(ISNUMBER(方案参数!N33),方案参数!N33,"") -> 3133250.7 | H34: =IF(ISNUMBER(方案参数!O33),方案参数!O33,"") -> 5633361.3 | I34: =IF(ISNUMBER(C34),"固定次数的相对收益","待补参数；普通阶段可单独查看") -> 固定次数的相对收益
A35: 灵知当齐一 | B35: 1 | C35: =IF(ISNUMBER(方案参数!M34),方案参数!M34,"") -> 8766612 | D35: ="" | E35: =IF(AND(ISNUMBER(方案参数!M34),ISNUMBER(方案参数!M34),方案参数!M34>0),方案参数!M34/方案参数!M34-1,"") -> 0 | F35: =IF(ISNUMBER(方案参数!Q34),方案参数!Q34,"") -> 642844.12 | G35: =IF(ISNUMBER(方案参数!N34),方案参数!N34,"") -> 3133250.7 | H35: =IF(ISNUMBER(方案参数!O34),方案参数!O34,"") -> 5633361.3 | I35: =IF(ISNUMBER(C35),"固定次数的相对收益","待补参数；普通阶段可单独查看") -> 固定次数的相对收益
A36: 灵知当齐一 | B36: 2 | C36: =IF(ISNUMBER(方案参数!M35),方案参数!M35,"") -> 8888625.2 | D36: =IF(AND(ISNUMBER(方案参数!M35),ISNUMBER(方案参数!M34),方案参数!M34>0),方案参数!M35/方案参数!M34-1,"") -> 0.013917947 | E36: =IF(AND(ISNUMBER(方案参数!M35),ISNUMBER(方案参数!M34),方案参数!M34>0),方案参数!M35/方案参数!M34-1,"") -> 0.013917947 | F36: =IF(ISNUMBER(方案参数!Q35),方案参数!Q35,"") -> 663562.36 | G36: =IF(ISNUMBER(方案参数!N35),方案参数!N35,"") -> 3134747.1 | H36: =IF(ISNUMBER(方案参数!O35),方案参数!O35,"") -> 5753878.1 | I36: =IF(ISNUMBER(C36),"固定次数的相对收益","待补参数；普通阶段可单独查看") -> 固定次数的相对收益
A37: 灵知当齐一 | B37: 3 | C37: =IF(ISNUMBER(方案参数!M36),方案参数!M36,"") -> 9010937.1 | D37: =IF(AND(ISNUMBER(方案参数!M36),ISNUMBER(方案参数!M35),方案参数!M35>0),方案参数!M36/方案参数!M35-1,"") -> 0.013760499 | E37: =IF(AND(ISNUMBER(方案参数!M36),ISNUMBER(方案参数!M34),方案参数!M34>0),方案参数!M36/方案参数!M34-1,"") -> 0.027869964 | F37: =IF(ISNUMBER(方案参数!Q36),方案参数!Q36,"") -> 684576.28 | G37: =IF(ISNUMBER(方案参数!N36),方案参数!N36,"") -> 3136245.9 | H37: =IF(ISNUMBER(方案参数!O36),方案参数!O36,"") -> 5874691.3 | I37: =IF(ISNUMBER(C37),"固定次数的相对收益","待补参数；普通阶段可单独查看") -> 固定次数的相对收益
A38: 灵知当齐一 | B38: 4 | C38: =IF(ISNUMBER(方案参数!M37),方案参数!M37,"") -> 9133551.1 | D38: =IF(AND(ISNUMBER(方案参数!M37),ISNUMBER(方案参数!M36),方案参数!M36>0),方案参数!M37/方案参数!M36-1,"") -> 0.013607233 | E38: =IF(AND(ISNUMBER(方案参数!M37),ISNUMBER(方案参数!M34),方案参数!M34>0),方案参数!M37/方案参数!M34-1,"") -> 0.04185643 | F38: =IF(ISNUMBER(方案参数!Q37),方案参数!Q37,"") -> 705893.2 | G38: =IF(ISNUMBER(方案参数!N37),方案参数!N37,"") -> 3137743.8 | H38: =IF(ISNUMBER(方案参数!O37),方案参数!O37,"") -> 5995807.2 | I38: =IF(ISNUMBER(C38),"固定次数的相对收益","待补参数；普通阶段可单独查看") -> 固定次数的相对收益
A39: 灵知当齐一 | B39: 5 | C39: =IF(ISNUMBER(方案参数!M38),方案参数!M38,"") -> 9256463.1 | D39: =IF(AND(ISNUMBER(方案参数!M38),ISNUMBER(方案参数!M37),方案参数!M37>0),方案参数!M38/方案参数!M37-1,"") -> 0.013457197 | E39: =IF(AND(ISNUMBER(方案参数!M38),ISNUMBER(方案参数!M34),方案参数!M34>0),方案参数!M38/方案参数!M34-1,"") -> 0.055876898 | F39: =IF(ISNUMBER(方案参数!Q38),方案参数!Q38,"") -> 727506.2 | G39: =IF(ISNUMBER(方案参数!N38),方案参数!N38,"") -> 3139241.8 | H39: =IF(ISNUMBER(方案参数!O38),方案参数!O38,"") -> 6117221.3 | I39: =IF(ISNUMBER(C39),"固定次数的相对收益","待补参数；普通阶段可单独查看") -> 固定次数的相对收益
A40: 昨日雨声轻 | B40: 1 | C40: =IF(ISNUMBER(方案参数!M39),方案参数!M39,"") -> 8291958.4 | D40: ="" | E40: =IF(AND(ISNUMBER(方案参数!M39),ISNUMBER(方案参数!M39),方案参数!M39>0),方案参数!M39/方案参数!M39-1,"") -> 0 | F40: =IF(ISNUMBER(方案参数!R39),方案参数!R39,"") -> 435716.05 | G40: =IF(ISNUMBER(方案参数!N39),方案参数!N39,"") -> 2930760.4 | H40: =IF(ISNUMBER(方案参数!O39),方案参数!O39,"") -> 5361198 | I40: =IF(ISNUMBER(C40),"固定次数的相对收益","待补参数；普通阶段可单独查看") -> 固定次数的相对收益
A41: 昨日雨声轻 | B41: 2 | C41: =IF(ISNUMBER(方案参数!M40),方案参数!M40,"") -> 8402306.9 | D41: =IF(AND(ISNUMBER(方案参数!M40),ISNUMBER(方案参数!M39),方案参数!M39>0),方案参数!M40/方案参数!M39-1,"") -> 0.013307895 | E41: =IF(AND(ISNUMBER(方案参数!M40),ISNUMBER(方案参数!M39),方案参数!M39>0),方案参数!M40/方案参数!M39-1,"") -> 0.013307895 | F41: =IF(ISNUMBER(方案参数!R40),方案参数!R40,"") -> 446538.38 | G41: =IF(ISNUMBER(方案参数!N40),方案参数!N40,"") -> 2976743.5 | H41: =IF(ISNUMBER(方案参数!O40),方案参数!O40,"") -> 5425563.4 | I41: =IF(ISNUMBER(C41),"固定次数的相对收益","待补参数；普通阶段可单独查看") -> 固定次数的相对收益
A42: 昨日雨声轻 | B42: 3 | C42: =IF(ISNUMBER(方案参数!M41),方案参数!M41,"") -> 8513503.4 | D42: =IF(AND(ISNUMBER(方案参数!M41),ISNUMBER(方案参数!M40),方案参数!M40>0),方案参数!M41/方案参数!M40-1,"") -> 0.013234038 | E42: =IF(AND(ISNUMBER(方案参数!M41),ISNUMBER(方案参数!M39),方案参数!M39>0),方案参数!M41/方案参数!M39-1,"") -> 0.026718051 | F42: =IF(ISNUMBER(方案参数!R41),方案参数!R41,"") -> 457532.8 | G42: =IF(ISNUMBER(方案参数!N41),方案参数!N41,"") -> 3023154.5 | H42: =IF(ISNUMBER(方案参数!O41),方案参数!O41,"") -> 5490348.9 | I42: =IF(ISNUMBER(C42),"固定次数的相对收益","待补参数；普通阶段可单独查看") -> 固定次数的相对收益
A43: 昨日雨声轻 | B43: 4 | C43: =IF(ISNUMBER(方案参数!M42),方案参数!M42,"") -> 8639461.1 | D43: =IF(AND(ISNUMBER(方案参数!M42),ISNUMBER(方案参数!M41),方案参数!M41>0),方案参数!M42/方案参数!M41-1,"") -> 0.014795051 | E43: =IF(AND(ISNUMBER(方案参数!M42),ISNUMBER(方案参数!M39),方案参数!M39>0),方案参数!M42/方案参数!M39-1,"") -> 0.041908397 | F43: =IF(ISNUMBER(方案参数!R42),方案参数!R42,"") -> 473521.72 | G43: =IF(ISNUMBER(方案参数!N42),方案参数!N42,"") -> 3077880.6 | H43: =IF(ISNUMBER(方案参数!O42),方案参数!O42,"") -> 5561580.5 | I43: =IF(ISNUMBER(C43),"固定次数的相对收益","待补参数；普通阶段可单独查看") -> 固定次数的相对收益
A44: 昨日雨声轻 | B44: 5 | C44: =IF(ISNUMBER(方案参数!M43),方案参数!M43,"") -> 8766612 | D44: =IF(AND(ISNUMBER(方案参数!M43),ISNUMBER(方案参数!M42),方案参数!M42>0),方案参数!M43/方案参数!M42-1,"") -> 0.014717453 | E44: =IF(AND(ISNUMBER(方案参数!M43),ISNUMBER(方案参数!M39),方案参数!M39>0),方案参数!M43/方案参数!M39-1,"") -> 0.057242635 | F44: =IF(ISNUMBER(方案参数!R43),方案参数!R43,"") -> 489818.29 | G44: =IF(ISNUMBER(方案参数!N43),方案参数!N43,"") -> 3133250.7 | H44: =IF(ISNUMBER(方案参数!O43),方案参数!O43,"") -> 5633361.3 | I44: =IF(ISNUMBER(C44),"固定次数的相对收益","待补参数；普通阶段可单独查看") -> 固定次数的相对收益
A45: 家庭指导员 | B45: 1 | C45: =IF(ISNUMBER(方案参数!M44),方案参数!M44,"") -> 8766612 | D45: ="" | E45: =IF(AND(ISNUMBER(方案参数!M44),ISNUMBER(方案参数!M44),方案参数!M44>0),方案参数!M44/方案参数!M44-1,"") -> 0 | F45: =IF(ISNUMBER(方案参数!S44),方案参数!S44,"") -> 270563.56 | G45: =IF(ISNUMBER(方案参数!N44),方案参数!N44,"") -> 3133250.7 | H45: =IF(ISNUMBER(方案参数!O44),方案参数!O44,"") -> 5633361.3 | I45: =IF(ISNUMBER(C45),"固定次数的相对收益","待补参数；普通阶段可单独查看") -> 固定次数的相对收益
A46: 家庭指导员 | B46: 2 | C46: =IF(ISNUMBER(方案参数!M45),方案参数!M45,"") -> 8828655.5 | D46: =IF(AND(ISNUMBER(方案参数!M45),ISNUMBER(方案参数!M44),方案参数!M44>0),方案参数!M45/方案参数!M44-1,"") -> 0.0070772553 | E46: =IF(AND(ISNUMBER(方案参数!M45),ISNUMBER(方案参数!M44),方案参数!M44>0),方案参数!M45/方案参数!M44-1,"") -> 0.0070772553 | F46: =IF(ISNUMBER(方案参数!S45),方案参数!S45,"") -> 276229.26 | G46: =IF(ISNUMBER(方案参数!N45),方案参数!N45,"") -> 3157234.5 | H46: =IF(ISNUMBER(方案参数!O45),方案参数!O45,"") -> 5671421 | I46: =IF(ISNUMBER(C46),"固定次数的相对收益","待补参数；普通阶段可单独查看") -> 固定次数的相对收益
A47: 家庭指导员 | B47: 3 | C47: =IF(ISNUMBER(方案参数!M46),方案参数!M46,"") -> 8890733.8 | D47: =IF(AND(ISNUMBER(方案参数!M46),ISNUMBER(方案参数!M45),方案参数!M45>0),方案参数!M46/方案参数!M45-1,"") -> 0.0070314565 | E47: =IF(AND(ISNUMBER(方案参数!M46),ISNUMBER(方案参数!M44),方案参数!M44>0),方案参数!M46/方案参数!M44-1,"") -> 0.014158475 | F47: =IF(ISNUMBER(方案参数!S46),方案参数!S46,"") -> 281933.64 | G47: =IF(ISNUMBER(方案参数!N46),方案参数!N46,"") -> 3181259.9 | H47: =IF(ISNUMBER(方案参数!O46),方案参数!O46,"") -> 5709473.9 | I47: =IF(ISNUMBER(C47),"固定次数的相对收益","待补参数；普通阶段可单独查看") -> 固定次数的相对收益
A48: 家庭指导员 | B48: 4 | C48: =IF(ISNUMBER(方案参数!M47),方案参数!M47,"") -> 8952847.3 | D48: =IF(AND(ISNUMBER(方案参数!M47),ISNUMBER(方案参数!M46),方案参数!M46>0),方案参数!M47/方案参数!M46-1,"") -> 0.0069863137 | E48: =IF(AND(ISNUMBER(方案参数!M47),ISNUMBER(方案参数!M44),方案参数!M44>0),方案参数!M47/方案参数!M44-1,"") -> 0.021243704 | F48: =IF(ISNUMBER(方案参数!S47),方案参数!S47,"") -> 287676.04 | G48: =IF(ISNUMBER(方案参数!N47),方案参数!N47,"") -> 3205318.4 | H48: =IF(ISNUMBER(方案参数!O47),方案参数!O47,"") -> 5747528.8 | I48: =IF(ISNUMBER(C48),"固定次数的相对收益","待补参数；普通阶段可单独查看") -> 固定次数的相对收益
A49: 家庭指导员 | B49: 5 | C49: =IF(ISNUMBER(方案参数!M48),方案参数!M48,"") -> 9015005 | D49: =IF(AND(ISNUMBER(方案参数!M48),ISNUMBER(方案参数!M47),方案参数!M47>0),方案参数!M48/方案参数!M47-1,"") -> 0.0069427833 | E49: =IF(AND(ISNUMBER(方案参数!M48),ISNUMBER(方案参数!M44),方案参数!M44>0),方案参数!M48/方案参数!M44-1,"") -> 0.028333978 | F49: =IF(ISNUMBER(方案参数!S48),方案参数!S48,"") -> 293458.8 | G49: =IF(ISNUMBER(方案参数!N48),方案参数!N48,"") -> 3229422.2 | H49: =IF(ISNUMBER(方案参数!O48),方案参数!O48,"") -> 5785582.8 | I49: =IF(ISNUMBER(C49),"固定次数的相对收益","待补参数；普通阶段可单独查看") -> 固定次数的相对收益

Sheet 效果参数
A1: 塑造及心相效果参数
A2: 塑造效果逐档累计，37/J均为狂想IV后的有效数值。黄色可按游戏改版修正。倍数100%=1；百分点使用百分比。空白不是0。来源及未验证推算写在右侧。
A5: 角色 | B5: 参数 | C5: 0塑 | D5: 1塑 | E5: 2塑 | F5: 3塑 | G5: 4塑 | H5: 5塑 | I5: 单位 | J5: 来源 | K5: 说明
A6: 红弩箭 | B6: 俯冲基础 | C6: 2 | D6: 2 | E6: 3 | F6: 3 | G6: 3 | H6: 3 | I6: 倍率 | J6: 用户提供塑造/狂想文本；0塑沿用实测验证表
A7: 红弩箭 | B7: 俯冲雷鸣追加 | C7: 4 | D7: 4 | E7: 6 | F7: 6 | G7: 6 | H7: 6 | I7: 倍率 | J7: 用户提供塑造/狂想文本；0塑沿用实测验证表
A8: 红弩箭 | B8: 俯冲极限追加 | C8: 8 | D8: 8 | E8: 12 | F8: 12 | G8: 12 | H8: 12 | I8: 倍率 | J8: 用户提供塑造/狂想文本；0塑沿用实测验证表
A9: 红弩箭 | B9: 雷鸣俯冲伤加Ⅰ | C9: 0.1 | D9: 0.1 | E9: 0.3 | F9: 0.3 | G9: 0.3 | H9: 0.3 | I9: 百分点 | J9: 用户提供塑造/狂想文本；0塑沿用实测验证表 | K9: Ⅱ/Ⅲ阶额外+10/+20个百分点
A10: 红弩箭 | B10: 极限俯冲伤加Ⅰ | C10: 0.2 | D10: 0.2 | E10: 0.6 | F10: 0.6 | G10: 0.6 | H10: 0.6 | I10: 百分点 | J10: 用户提供塑造/狂想文本；0塑沿用实测验证表 | K10: Ⅱ/Ⅲ阶额外+20/+40个百分点
A11: 红弩箭 | B11: 雷鸣术法 | C11: 0.6 | D11: 0.6 | E11: 0.6 | F11: 0.6 | G11: 1 | H11: 1 | I11: 倍率 | J11: 用户提供塑造/狂想文本；0塑沿用实测验证表
A12: 红弩箭 | B12: 极限术法 | C12: 1.2 | D12: 1.2 | E12: 1.2 | F12: 1.2 | G12: 2 | H12: 2 | I12: 倍率 | J12: 用户提供塑造/狂想文本；0塑沿用实测验证表
A13: 红弩箭 | B13: 每增压术法 | C13: 0.06 | D13: 0.06 | E13: 0.06 | F13: 0.06 | G13: 0.1 | H13: 0.1 | I13: 倍率 | J13: 用户提供塑造/狂想文本；0塑沿用实测验证表
A14: 红弩箭 | B14: 首次眼镜蛇增压 | C14: 3 | D14: 3 | E14: 5 | F14: 5 | G14: 5 | H14: 5 | I14: 层/点 | J14: 用户提供塑造/狂想文本；0塑沿用实测验证表
A15: 红弩箭 | B15: 首次俯冲增压 | C15: 1 | D15: 1 | E15: 2 | F15: 2 | G15: 2 | H15: 2 | I15: 层/点 | J15: 用户提供塑造/狂想文本；0塑沿用实测验证表
A16: 红弩箭 | B16: 每弹药仪式 | C16: 0.025 | D16: 0.025 | E16: 0.025 | F16: 0.025 | G16: 0.05 | H16: 0.05 | I16: 倍率 | J16: 用户提供塑造/狂想文本；0塑沿用实测验证表
A17: 红弩箭 | B17: 仪式主目标基础 | C17: 18 | D17: 18 | E17: 18 | F17: 36 | G17: 36 | H17: 36 | I17: 倍率 | J17: 用户提供塑造/狂想文本；0塑沿用实测验证表 | K17: 基础＋主目标追加合并；高塑1800%＋1800%
A18: 红弩箭 | B18: 消耗弹药追加 | C18: 18 | D18: 18 | E18: 18 | F18: 36 | G18: 36 | H18: 36 | I18: 倍率 | J18: 用户提供塑造/狂想文本；0塑沿用实测验证表
A19: 红弩箭 | B19: 消耗弹药仪式 | C19: 1 | D19: 1 | E19: 1 | F19: 1.8 | G19: 1.8 | H19: 1.8 | I19: 倍率 | J19: 用户提供塑造/狂想文本；0塑沿用实测验证表
A20: 红弩箭 | B20: 消耗弹药暴创 | C20: 1 | D20: 1 | E20: 1 | F20: 1.8 | G20: 1.8 | H20: 1.8 | I20: 倍率 | J20: 用户提供塑造/狂想文本；0塑沿用实测验证表
A21: 红弩箭 | B21: 消耗弹药穿透 | C21: 0.2 | D21: 0.2 | E21: 0.2 | F21: 0.5 | G21: 0.5 | H21: 0.5 | I21: 倍率 | J21: 用户提供塑造/狂想文本；0塑沿用实测验证表
A22: 红弩箭 | B22: 洞知普通 | C22: 9 | D22: 15 | E22: 15 | F22: 15 | G22: 15 | H22: 22 | I22: 倍率 | J22: 用户提供塑造/狂想文本；0塑沿用实测验证表 | K22: 0塑900%，用户最新完整文本确认
A23: 红弩箭 | B23: 洞知第三击 | C23: 20 | D23: 32 | E23: 32 | F23: 32 | G23: 32 | H23: 48 | I23: 倍率 | J23: 用户提供塑造/狂想文本；0塑沿用实测验证表
A24: 红弩箭 | B24: 洞知终结 | C24: 30 | D24: 50 | E24: 50 | F24: 50 | G24: 50 | H24: 70 | I24: 倍率 | J24: 用户提供塑造/狂想文本；0塑沿用实测验证表
A25: 红弩箭 | B25: 终结每行动追加 | C25: 1.5 | D25: 2.5 | E25: 2.5 | F25: 2.5 | G25: 2.5 | H25: 3.5 | I25: 倍率 | J25: 用户提供塑造/狂想文本；0塑沿用实测验证表
A26: 红弩箭 | B26: 洞知普通暴创 | C26: 0.6 | D26: 0.6 | E26: 0.6 | F26: 0.6 | G26: 0.6 | H26: 0.8 | I26: 倍率 | J26: 用户提供塑造/狂想文本；0塑沿用实测验证表
A27: 红弩箭 | B27: 洞知第三暴创 | C27: 0.8 | D27: 0.8 | E27: 0.8 | F27: 0.8 | G27: 0.8 | H27: 1 | I27: 倍率 | J27: 用户提供塑造/狂想文本；0塑沿用实测验证表
A28: 红弩箭 | B28: 洞知终结暴创 | C28: 1 | D28: 1 | E28: 1 | F28: 1 | G28: 1 | H28: 1.25 | I28: 倍率 | J28: 用户提供塑造/狂想文本；0塑沿用实测验证表
A29: 红弩箭 | B29: 洞知倍率已确认 | C29: 1 | D29: 1 | E29: 1 | F29: 1 | G29: 1 | H29: 1 | I29: 开关 | J29: 用户提供塑造/狂想文本；0塑沿用实测验证表 | K29: 0～5塑基础倍率已由用户完整文字补齐
A30: 37 | B30: 入战全队暴击 | C30: 0.3 | D30: 0.6 | E30: 0.6 | F30: 0.6 | G30: 0.6 | H30: 0.6 | I30: 百分点 | J30: 用户提供塑造/狂想文本；0塑沿用实测验证表 | K30: 用户提供当前有效全队提升60%；不再乘狂想50%
A31: 37 | B31: 数维攻击比例 | C31: 0.2 | D31: 0.2 | E31: 0.2 | F31: 0.24 | G31: 0.24 | H31: 0.24 | I31: 倍率 | J31: 用户提供塑造/狂想文本；0塑沿用实测验证表
A32: 37 | B32: 数维攻击上限 | C32: 500 | D32: 500 | E32: 500 | F32: 600 | G32: 600 | H32: 600 | I32: 攻击值 | J32: 用户提供塑造/狂想文本；0塑沿用实测验证表
A33: 37 | B33: 洞穿减免降低 | C33: 0.4 | D33: 0.4 | E33: 0.7 | F33: 0.7 | G33: 0.7 | H33: 1 | I33: 倍率 | J33: 用户提供塑造/狂想文本；0塑沿用实测验证表
A34: 37 | B34: 两分悖论比例 | C34: 0.4 | D34: 0.4 | E34: 0.6 | F34: 0.6 | G34: 0.6 | H34: 0.8 | I34: 倍率 | J34: 用户提供塑造/狂想文本；0塑沿用实测验证表
A35: 37 | B35: 三角正论基础 | C35: 2.8 | D35: 2.8 | E35: 2.8 | F35: 3 | G35: 3 | H35: 3 | I35: 倍率 | J35: 用户提供塑造/狂想文本；0塑沿用实测验证表 | K35: Ⅱ阶×1.5，Ⅲ阶×2.5
A36: 37 | B36: 曲线映射基础 | C36: 1.4 | D36: 1.4 | E36: 1.4 | F36: 1.6 | G36: 1.6 | H36: 1.6 | I36: 倍率 | J36: 用户提供塑造/狂想文本；0塑沿用实测验证表
A37: 37 | B37: 普通咒语本源 | C37: 0.8 | D37: 0.8 | E37: 0.8 | F37: 1 | G37: 1 | H37: 1 | I37: 倍率 | J37: 用户提供塑造/狂想文本；0塑沿用实测验证表
A38: 37 | B38: 补充算式精神 | C38: 3 | D38: 3 | E38: 4.5 | F38: 4.5 | G38: 6 | H38: 6 | I38: 倍率 | J38: 用户提供塑造/狂想文本；0塑沿用实测验证表
A39: 37 | B39: 补充算式本源 | C39: 1 | D39: 1 | E39: 1.5 | F39: 1.5 | G39: 2 | H39: 2 | I39: 倍率 | J39: 用户提供塑造/狂想文本；0塑沿用实测验证表
A40: 37 | B40: 仪式启迪层数 | C40: 2 | D40: 2 | E40: 2 | F40: 3 | G40: 3 | H40: 3 | I40: 层/点 | J40: 用户提供塑造/狂想文本；0塑沿用实测验证表
A41: 37 | B41: 启迪本源增加 | C41: 1 | D41: 1 | E41: 1 | F41: 1 | G41: 2 | H41: 2 | I41: 倍率 | J41: 用户提供塑造/狂想文本；0塑沿用实测验证表
A42: 37 | B42: 洞知精神 | C42: 8 | D42: 8 | E42: 9 | F42: 9 | G42: 9 | H42: 10 | I42: 倍率 | J42: 用户提供塑造/狂想文本；0塑沿用实测验证表
A43: 小瑞安侬 | B43: 群鸟威力 | C43: 0.3 | D43: 0.45 | E43: 0.45 | F43: 0.45 | G43: 0.45 | H43: 0.45 | I43: 倍率 | J43: 用户提供塑造/狂想文本；0塑沿用实测验证表
A44: 小瑞安侬 | B44: 每灵犀克制 | C44: 0.04 | D44: 0.04 | E44: 0.05 | F44: 0.05 | G44: 0.05 | H44: 0.05 | I44: 倍率 | J44: 用户提供塑造/狂想文本；0塑沿用实测验证表
A45: 小瑞安侬 | B45: 灵犀上限 | C45: 5 | D45: 5 | E45: 7 | F45: 7 | G45: 7 | H45: 10 | I45: 层/点 | J45: 用户提供塑造/狂想文本；0塑沿用实测验证表
A46: 小瑞安侬 | B46: 回合开始灵犀 | C46: 1 | D46: 1 | E46: 1 | F46: 1 | G46: 1 | H46: 2 | I46: 层/点 | J46: 用户提供塑造/狂想文本；0塑沿用实测验证表
A47: 小瑞安侬 | B47: 消费默契灵犀 | C47: 2 | D47: 2 | E47: 3 | F47: 3 | G47: 3 | H47: 4 | I47: 层/点 | J47: 用户提供塑造/狂想文本；0塑沿用实测验证表
... A56: J | B56: 自身燃烧上限 | C56: 35 | D56: 35 | E56: 35 | F56: 45 | G56: 45 | H56: 45 | I56: 层/点 | J56: 用户提供塑造/狂想文本；0塑沿用实测验证表
A57: J | B57: 燃烧攻击比例 | C57: 0.01 | D57: 0.01 | E57: 0.02 | F57: 0.02 | G57: 0.02 | H57: 0.03 | I57: 百分点 | J57: 用户提供塑造/狂想文本；0塑沿用实测验证表 | K57: 原效果加狂想I额外原效果100%
A58: J | B58: 仪式基础 | C58: 7 | D58: 7 | E58: 7 | F58: 7 | G58: 9 | H58: 9 | I58: 倍率 | J58: 用户提供塑造/狂想文本；0塑沿用实测验证表
A59: J | B59: 仪式文本溢出 | C59: 0.5 | D59: 0.5 | E59: 0.5 | F59: 0.5 | G59: 0.75 | H59: 0.75 | I59: 倍率 | J59: 用户提供塑造/狂想文本；0塑沿用实测验证表 | K59: 有效倍率=文本×配置H27；0塑实测比例2，高塑沿用该比例仅为近似
A60: J | B60: 高温回火基础 | C60: 3 | D60: 4 | E60: 4 | F60: 4 | G60: 4 | H60: 4 | I60: 倍率 | J60: 用户提供塑造/狂想文本；0塑沿用实测验证表 | K60: 本表木桩无攻击，不产生高温回火，不计该塑造受击收益
A61: J | B61: 高温回火燃烧 | C61: 0.05 | D61: 0.075 | E61: 0.075 | F61: 0.075 | G61: 0.075 | H61: 0.075 | I61: 倍率 | J61: 用户提供塑造/狂想文本；0塑沿用实测验证表 | K61: 狂想IV，未用于本木桩计算
A94: 心相增幅参数（固定原心相，静态面板另行输入）
A95: 心相 | B95: 参数 | C95: 增幅1 | D95: 增幅2 | E95: 增幅3 | F95: 增幅4 | G95: 增幅5 | I95: 单位 | J95: 来源 | K95: 说明
A96: 立于风暴脊 | B96: 风暴入战伤害 | C96: 0.08 | D96: 0.12 | E96: 0.12 | F96: 0.16 | G96: 0.16 | I96: 百分点 | J96: https://wiki.biligame.com/reverse1999/立于风暴脊 | K96: 进入战斗后自身造成伤害提升
A97: 立于风暴脊 | B97: 风暴洞知每行动 | C97: 0.03 | D97: 0.03 | E97: 0.045 | F97: 0.045 | G97: 0.06 | I97: 百分点 | J97: https://wiki.biligame.com/reverse1999/立于风暴脊 | K97: 此前己方每次洞知攻击叠加；洞穿结束清空
A98: 灵知当齐一 | B98: 灵知每额外行动 | C98: 0.04 | D98: 0.05 | E98: 0.06 | F98: 0.07 | G98: 0.08 | I98: 百分点 | J98: 用户最新心相增幅1～5全文 | K98: 37额外行动后，全队洞知增益最多4层
A99: 灵知当齐一 | B99: 灵知档位已确认 | C99: 1 | D99: 1 | E99: 1 | F99: 1 | G99: 1 | I99: 开关 | J99: 参数完整性 | K99: 全部档位已由用户确认
A100: 昨日雨声轻 | B100: 雨声入战攻击 | C100: 0.04 | D100: 0.05 | E100: 0.06 | F100: 0.08 | G100: 0.1 | I100: 百分点 | J100: https://wiki.biligame.com/reverse1999/昨日雨声轻 | K100: 小瑞自身入战攻击提升；静态装备面板之外
A101: 昨日雨声轻 | B101: 雨声每主动伤害 | C101: 0.012 | D101: 0.014 | E101: 0.016 | F101: 0.018 | G101: 0.02 | I101: 百分点 | J101: https://wiki.biligame.com/reverse1999/昨日雨声轻 | K101: 普通主动咒语及仪式伤后叠层，上限6
A102: 昨日雨声轻 | B102: 雨声仪式暴创 | C102: 0.08 | D102: 0.1 | E102: 0.12 | F102: 0.14 | G102: 0.16 | I102: 百分点 | J102: https://wiki.biligame.com/reverse1999/昨日雨声轻 | K102: 小瑞仪式后全队暴创
A103: 家庭指导员 | B103: 家庭反击仪式 | C103: 0.04 | D103: 0.05 | E103: 0.06 | F103: 0.07 | G103: 0.08 | I103: 百分点 | J103: 用户最新心相增幅1～5全文 | K103: 反击后J仪式威力，上限3层
A104: 家庭指导员 | B104: 家庭每激情暴创 | C104: 0.004 | D104: 0.005 | E104: 0.006 | F104: 0.007 | G104: 0.008 | I104: 百分点 | J104: 用户最新心相增幅1～5全文 | K104: 己方消耗激情伤后增加，全队上限30点
A105: 家庭指导员 | B105: 家庭档位已确认 | C105: 1 | D105: 1 | E105: 1 | F105: 1 | G105: 1 | I105: 开关 | J105: 参数完整性 | K105: 全部档位已由用户确认
A106: 灵知当齐一 | B106: 灵知入战暴创 | C106: 0.12 | D106: 0.15 | E106: 0.18 | F106: 0.21 | G106: 0.24 | I106: 百分点 | J106: 用户最新心相增幅1～5全文 | K106: 星系记忆者入战暴创；与洞悉15%相加

Sheet 固定流程
A1: 固定计算流程
A2: 各方案固定同一36次玩家行动，不模拟发牌、激情合法性、灵光生成或洞知点。普通阶段4次补充算式、2次黑莓固定，不随塑造改变数量。无Boss行动及高温回火。
A5: 序号 | B5: 阶段 | C5: 普通回合 | D5: 角色 | E5: 技能 | F5: 阶次 | G5: 角色编号 | H5: 动作代码 | I5: 说明
A6: 1 | B6: 普通 | C6: 1 | D6: 小瑞安侬 | E6: 唱予无忧之诗 | F6: 1 | G6: 3 | H6: RHI_ULT | I6: 固定主动技能，小瑞普通咒语假定处于加护
A7: 2 | B7: 普通 | C7: 1 | D7: 小瑞安侬 | E7: 悄冥冥术阵·加护 | F7: 1 | G7: 3 | H7: RHI_BUFF | I7: 固定主动技能，小瑞普通咒语假定处于加护
A8: 3 | B8: 普通 | C8: 1 | D8: 红弩箭 | E8: 眼镜蛇机动Ⅰ | F8: 1 | G8: 1 | H8: LILYA_COBRA | I8: 固定主动技能，小瑞普通咒语假定处于加护
A9: 4 | B9: 普通 | C9: 1 | D9: 红弩箭 | E9: 极限俯冲 | F9: 1 | G9: 1 | H9: LILYA_DIVE | I9: 固定主动技能，小瑞普通咒语假定处于加护
A10: 5 | B10: 普通 | C10: 1 | D10: 37 | E10: 三角正论 | F10: 1 | G10: 2 | H10: 37_TRIANGLE | I10: 固定主动技能，小瑞普通咒语假定处于加护
A11: 6 | B11: 普通 | C11: 1 | D11: 37 | E11: 补充算式 | F11: 1 | G11: 2 | H11: 37_FOLLOW | I11: 固定额外行动；计入心相灵知叠层
A12: 7 | B12: 普通 | C12: 1 | D12: J | E12: 硬度测试 | F12: 1 | G12: 4 | H12: J_HARD | I12: 主动出牌同时视为反击，触发家庭指导员
A13: 8 | B13: 普通 | C13: 2 | D13: 小瑞安侬 | E13: 囫囵囵咒·加护 | F13: 1 | G13: 3 | H13: RHI_ATTACK | I13: 固定主动技能，小瑞普通咒语假定处于加护
A14: 9 | B14: 普通 | C14: 2 | D14: 红弩箭 | E14: 极限俯冲 | F14: 3 | G14: 1 | H14: LILYA_DIVE | I14: 固定主动技能，小瑞普通咒语假定处于加护
A15: 10 | B15: 普通 | C15: 2 | D15: J | E15: 硬度测试 | F15: 1 | G15: 4 | H15: J_HARD | I15: 主动出牌同时视为反击，触发家庭指导员
A16: 11 | B16: 普通 | C16: 2 | D16: 37 | E16: 曲线映射 | F16: 1 | G16: 2 | H16: 37_CURVE | I16: 固定主动技能，小瑞普通咒语假定处于加护
A17: 12 | B17: 普通 | C17: 2 | D17: 37 | E17: 补充算式 | F17: 1 | G17: 2 | H17: 37_FOLLOW | I17: 固定额外行动；计入心相灵知叠层
... A41: 36 | B41: 洞穿 | C41: 3 | D41: 红弩箭 | E41: 洞知终结 | F41: 1 | G41: 1 | H41: LILYA_FINISH | I41: 固定洞穿顺序，不核算洞知点消耗

Sheet 方案参数
A2: 方案号 | B2: 方案 | C2: 红塑造 | D2: 37塑造 | E2: 瑞塑造 | F2: J塑造 | G2: 红增幅 | H2: 37增幅 | I2: 瑞增幅 | J2: J增幅 | K2: 普通参数完整 | L2: 洞穿参数完整 | M2: 全队合计 | N2: 普通合计 | O2: 洞穿合计 | P2: 红弩箭总伤 | Q2: 37总伤 | R2: 小瑞安侬总伤 | S2: J总伤 | T2: 相对基准 | U2: 灵知每额外行动 | V2: 风暴洞知每行动 | W2: 雨声每主动伤害 | X2: 雨声仪式暴创 | Y2: 雨声入战攻击 | Z2: 家庭反击仪式 | AA2: 家庭每激情暴创 | AB2: 入战全队暴击 | AC2: 数维攻击比例 | AD2: 数维攻击上限 | AE2: 洞穿减免降低 | AF2: 两分悖论比例 | AG2: 群鸟威力 | AH2: 每灵犀克制 | AI2: 灵犀上限 | AJ2: 回合开始灵犀 | AK2: 消费默契灵犀 | AL2: 尘酿鹰攻击比例 | AM2: 尘酿鹰攻击上限 | AN2: 升华群体伤加 | AO2: 升华伤加额外上限 | AP2: 升华降低暴防 | AQ2: 升华暴防额外上限 | AR2: 自身燃烧上限 | AS2: 燃烧攻击比例 | AT2: 仪式基础 | AU2: 仪式文本溢出 | AV2: 俯冲基础 | AW2: 俯冲雷鸣追加 | AX2: 俯冲极限追加 | AY2: 雷鸣俯冲伤加Ⅰ | AZ2: 极限俯冲伤加Ⅰ | BA2: 雷鸣术法 | BB2: 极限术法 | BC2: 每增压术法 | BD2: 首次眼镜蛇增压 | BE2: 首次俯冲增压 | BF2: 每弹药仪式 | BG2: 仪式主目标基础 | BH2: 消耗弹药追加 | BI2: 消耗弹药仪式 | BJ2: 消耗弹药暴创 | BK2: 消耗弹药穿透 | BL2: 洞知普通 | BM2: 洞知第三击 | BN2: 洞知终结 | BO2: 终结每行动追加 | BP2: 洞知普通暴创 | BQ2: 洞知第三暴创 | BR2: 洞知终结暴创 | BS2: 三角正论基础 | BT2: 曲线映射基础 | BU2: 普通咒语本源 | BV2: 补充算式精神 | BW2: 补充算式本源 | BX2: 仪式启迪层数 | BY2: 启迪本源增加 | BZ2: J燃烧 | CA2: 小瑞入战攻击 | CB2: 数维快照攻击 | CC2: 尘酿鹰快照攻击 | CD2: 风暴入战伤害 | CE2: 洞知精神 | CF2: 黑莓基础 | CG2: 黑莓每灵犀 | CH2: 灵知入战暴创
A3: =0 -> 0 | B3: ="基准配置" -> 基准配置 | C3: =配置与结果!B6 -> 0 | D3: =配置与结果!B7 -> 0 | E3: =配置与结果!B8 -> 0 | F3: =配置与结果!B9 -> 0 | G3: =配置与结果!D6 -> 5 | H3: =配置与结果!D7 -> 1 | I3: =配置与结果!D8 -> 5 | J3: =配置与结果!D9 -> 1 | K3: =INDEX(效果参数!$C$105:$G$105,1,J3) -> 1 | L3: =AND(K3=1,INDEX(效果参数!$C$99:$G$99,1,H3)=1,INDEX(效果参数!$C$29:$H$29,1,C3+1)=1) -> TRUE | M3: =IF(AND(K3=1,L3),SUM(行动计算!AU6:AU41),"") -> 8766612 | N3: =IF(K3=1,SUMIFS(行动计算!AU6:AU41,行动计算!D6:D41,1),"") -> 3133250.7 | O3: =IF(L3,SUMIFS(行动计算!AU6:AU41,行动计算!D6:D41,2),"") -> 5633361.3 | P3: =IF(AND(K3=1,L3),SUMIFS(行动计算!AU6:AU41,行动计算!F6:F41,1),"") -> 7363386 | Q3: =IF(AND(K3=1,L3),SUMIFS(行动计算!AU6:AU41,行动计算!F6:F41,2),"") -> 642844.12 | R3: =IF(AND(K3=1,L3),SUMIFS(行动计算!AU6:AU41,行动计算!F6:F41,3),"") -> 489818.29 | S3: =IF(AND(K3=1,L3),SUMIFS(行动计算!AU6:AU41,行动计算!F6:F41,4),"") -> 270563.56 | T3: =IF(AND(ISNUMBER(M3),ISNUMBER($M$3),$M$3>0),M3/$M$3-1,"") -> 0 | U3: =INDEX(效果参数!$C$98:$G$98,1,H3) -> 0.04 | V3: =INDEX(效果参数!$C$97:$G$97,1,G3) -> 0.06 | W3: =INDEX(效果参数!$C$101:$G$101,1,I3) -> 0.02 | X3: =INDEX(效果参数!$C$102:$G$102,1,I3) -> 0.16 | Y3: =INDEX(效果参数!$C$100:$G$100,1,I3) -> 0.1 | Z3: =INDEX(效果参数!$C$103:$G$103,1,J3) -> 0.04 | AA3: =INDEX(效果参数!$C$104:$G$104,1,J3) -> 0.004 | AB3: =INDEX(效果参数!$C$30:$H$30,1,D3+1) -> 0.3 | AC3: =INDEX(效果参数!$C$31:$H$31,1,D3+1) -> 0.2 | AD3: =INDEX(效果参数!$C$32:$H$32,1,D3+1) -> 500 | AE3: =INDEX(效果参数!$C$33:$H$33,1,D3+1) -> 0.4 | AF3: =INDEX(效果参数!$C$34:$H$34,1,D3+1) -> 0.4 | AG3: =INDEX(效果参数!$C$43:$H$43,1,E3+1) -> 0.3 | AH3: =INDEX(效果参数!$C$44:$H$44,1,E3+1) -> 0.04 | AI3: =INDEX(效果参数!$C$45:$H$45,1,E3+1) -> 5 | AJ3: =INDEX(效果参数!$C$46:$H$46,1,E3+1) -> 1 | AK3: =INDEX(效果参数!$C$47:$H$47,1,E3+1) -> 2 | AL3: =INDEX(效果参数!$C$48:$H$48,1,E3+1) -> 0.08 | AM3: =INDEX(效果参数!$C$49:$H$49,1,E3+1) -> 250 | AN3: =INDEX(效果参数!$C$50:$H$50,1,E3+1) -> 0.15 | AO3: =INDEX(效果参数!$C$51:$H$51,1,E3+1) -> 0.15 | AP3: =INDEX(效果参数!$C$52:$H$52,1,E3+1) -> 0.15 | AQ3: =INDEX(效果参数!$C$53:$H$53,1,E3+1) -> 0.15 | AR3: =INDEX(效果参数!$C$56:$H$56,1,F3+1) -> 35 | AS3: =INDEX(效果参数!$C$57:$H$57,1,F3+1) -> 0.01 | AT3: =INDEX(效果参数!$C$58:$H$58,1,F3+1) -> 7 | AU3: =INDEX(效果参数!$C$59:$H$59,1,F3+1) -> 0.5 | AV3: =INDEX(效果参数!$C$6:$H$6,1,C3+1) -> 2 | AW3: =INDEX(效果参数!$C$7:$H$7,1,C3+1) -> 4 | AX3: =INDEX(效果参数!$C$8:$H$8,1,C3+1) -> 8 | AY3: =INDEX(效果参数!$C$9:$H$9,1,C3+1) -> 0.1 | AZ3: =INDEX(效果参数!$C$10:$H$10,1,C3+1) -> 0.2 | BA3: =INDEX(效果参数!$C$11:$H$11,1,C3+1) -> 0.6 | BB3: =INDEX(效果参数!$C$12:$H$12,1,C3+1) -> 1.2 | BC3: =INDEX(效果参数!$C$13:$H$13,1,C3+1) -> 0.06 | BD3: =INDEX(效果参数!$C$14:$H$14,1,C3+1) -> 3 | BE3: =INDEX(效果参数!$C$15:$H$15,1,C3+1) -> 1 | BF3: =INDEX(效果参数!$C$16:$H$16,1,C3+1) -> 0.025 | BG3: =INDEX(效果参数!$C$17:$H$17,1,C3+1) -> 18 | BH3: =INDEX(效果参数!$C$18:$H$18,1,C3+1) -> 18 | BI3: =INDEX(效果参数!$C$19:$H$19,1,C3+1) -> 1 | BJ3: =INDEX(效果参数!$C$20:$H$20,1,C3+1) -> 1 | BK3: =INDEX(效果参数!$C$21:$H$21,1,C3+1) -> 0.2 | BL3: =INDEX(效果参数!$C$22:$H$22,1,C3+1) -> 9 | BM3: =INDEX(效果参数!$C$23:$H$23,1,C3+1) -> 20 | BN3: =INDEX(效果参数!$C$24:$H$24,1,C3+1) -> 30 | BO3: =INDEX(效果参数!$C$25:$H$25,1,C3+1) -> 1.5 | BP3: =INDEX(效果参数!$C$26:$H$26,1,C3+1) -> 0.6 | BQ3: =INDEX(效果参数!$C$27:$H$27,1,C3+1) -> 0.8 | BR3: =INDEX(效果参数!$C$28:$H$28,1,C3+1) -> 1 | BS3: =INDEX(效果参数!$C$35:$H$35,1,D3+1) -> 2.8 | BT3: =INDEX(效果参数!$C$36:$H$36,1,D3+1) -> 1.4 | BU3: =INDEX(效果参数!$C$37:$H$37,1,D3+1) -> 0.8 | BV3: =INDEX(效果参数!$C$38:$H$38,1,D3+1) -> 3 | BW3: =INDEX(效果参数!$C$39:$H$39,1,D3+1) -> 1 | BX3: =INDEX(效果参数!$C$40:$H$40,1,D3+1) -> 2 | BY3: =INDEX(效果参数!$C$41:$H$41,1,D3+1) -> 1 | BZ3: =IF(配置与结果!$H$24=1,AR3,MIN(AR3,MAX(0,配置与结果!$H$25))) -> 35 | CA3: =ROUNDDOWN(配置与结果!$B$17*(1+0.05+Y3),0) -> 2986 | CB3: =MIN(AD3,ROUNDDOWN((配置与结果!$B$16+CC3)*AC3,0)) -> 500 | CC3: =MIN(AM3,ROUNDDOWN(CA3*AL3,0)) -> 238 | CD3: =INDEX(效果参数!$C$96:$G$96,1,G3) -> 0.16 | CE3: =INDEX(效果参数!$C$42:$H$42,1,D3+1) -> 8 | CF3: =INDEX(效果参数!$C$54:$H$54,1,E3+1) -> 15 | CG3: =INDEX(效果参数!$C$55:$H$55,1,E3+1) -> 1.5 | CH3: =INDEX(效果参数!$C$106:$G$106,1,H3) -> 0.12
A4: =1 -> 1 | B4: ="对比配置" -> 对比配置 | C4: =配置与结果!C6 -> 2 | D4: =配置与结果!C7 -> 0 | E4: =配置与结果!C8 -> 0 | F4: =配置与结果!C9 -> 0 | G4: =配置与结果!E6 -> 5 | H4: =配置与结果!E7 -> 1 | I4: =配置与结果!E8 -> 5 | J4: =配置与结果!E9 -> 1 | K4: =INDEX(效果参数!$C$105:$G$105,1,J4) -> 1 | L4: =AND(K4=1,INDEX(效果参数!$C$99:$G$99,1,H4)=1,INDEX(效果参数!$C$29:$H$29,1,C4+1)=1) -> TRUE | M4: =IF(AND(K4=1,L4),SUM(行动计算!AU42:AU77),"") -> 13566810 | N4: =IF(K4=1,SUMIFS(行动计算!AU42:AU77,行动计算!D42:D77,1),"") -> 4620699.7 | O4: =IF(L4,SUMIFS(行动计算!AU42:AU77,行动计算!D42:D77,2),"") -> 8946110.3 | P4: =IF(AND(K4=1,L4),SUMIFS(行动计算!AU42:AU77,行动计算!F42:F77,1),"") -> 12163584 | Q4: =IF(AND(K4=1,L4),SUMIFS(行动计算!AU42:AU77,行动计算!F42:F77,2),"") -> 642844.12 | R4: =IF(AND(K4=1,L4),SUMIFS(行动计算!AU42:AU77,行动计算!F42:F77,3),"") -> 489818.29 | S4: =IF(AND(K4=1,L4),SUMIFS(行动计算!AU42:AU77,行动计算!F42:F77,4),"") -> 270563.56 | T4: =IF(AND(ISNUMBER(M4),ISNUMBER($M$3),$M$3>0),M4/$M$3-1,"") -> 0.54755452 | U4: =INDEX(效果参数!$C$98:$G$98,1,H4) -> 0.04 | V4: =INDEX(效果参数!$C$97:$G$97,1,G4) -> 0.06 | W4: =INDEX(效果参数!$C$101:$G$101,1,I4) -> 0.02 | X4: =INDEX(效果参数!$C$102:$G$102,1,I4) -> 0.16 | Y4: =INDEX(效果参数!$C$100:$G$100,1,I4) -> 0.1 | Z4: =INDEX(效果参数!$C$103:$G$103,1,J4) -> 0.04 | AA4: =INDEX(效果参数!$C$104:$G$104,1,J4) -> 0.004 | AB4: =INDEX(效果参数!$C$30:$H$30,1,D4+1) -> 0.3 | AC4: =INDEX(效果参数!$C$31:$H$31,1,D4+1) -> 0.2 | AD4: =INDEX(效果参数!$C$32:$H$32,1,D4+1) -> 500 | AE4: =INDEX(效果参数!$C$33:$H$33,1,D4+1) -> 0.4 | AF4: =INDEX(效果参数!$C$34:$H$34,1,D4+1) -> 0.4 | AG4: =INDEX(效果参数!$C$43:$H$43,1,E4+1) -> 0.3 | AH4: =INDEX(效果参数!$C$44:$H$44,1,E4+1) -> 0.04 | AI4: =INDEX(效果参数!$C$45:$H$45,1,E4+1) -> 5 | AJ4: =INDEX(效果参数!$C$46:$H$46,1,E4+1) -> 1 | AK4: =INDEX(效果参数!$C$47:$H$47,1,E4+1) -> 2 | AL4: =INDEX(效果参数!$C$48:$H$48,1,E4+1) -> 0.08 | AM4: =INDEX(效果参数!$C$49:$H$49,1,E4+1) -> 250 | AN4: =INDEX(效果参数!$C$50:$H$50,1,E4+1) -> 0.15 | AO4: =INDEX(效果参数!$C$51:$H$51,1,E4+1) -> 0.15 | AP4: =INDEX(效果参数!$C$52:$H$52,1,E4+1) -> 0.15 | AQ4: =INDEX(效果参数!$C$53:$H$53,1,E4+1) -> 0.15 | AR4: =INDEX(效果参数!$C$56:$H$56,1,F4+1) -> 35 | AS4: =INDEX(效果参数!$C$57:$H$57,1,F4+1) -> 0.01 | AT4: =INDEX(效果参数!$C$58:$H$58,1,F4+1) -> 7 | AU4: =INDEX(效果参数!$C$59:$H$59,1,F4+1) -> 0.5 | AV4: =INDEX(效果参数!$C$6:$H$6,1,C4+1) -> 3 | AW4: =INDEX(效果参数!$C$7:$H$7,1,C4+1) -> 6 | AX4: =INDEX(效果参数!$C$8:$H$8,1,C4+1) -> 12 | AY4: =INDEX(效果参数!$C$9:$H$9,1,C4+1) -> 0.3 | AZ4: =INDEX(效果参数!$C$10:$H$10,1,C4+1) -> 0.6 | BA4: =INDEX(效果参数!$C$11:$H$11,1,C4+1) -> 0.6 | BB4: =INDEX(效果参数!$C$12:$H$12,1,C4+1) -> 1.2 | BC4: =INDEX(效果参数!$C$13:$H$13,1,C4+1) -> 0.06 | BD4: =INDEX(效果参数!$C$14:$H$14,1,C4+1) -> 5 | BE4: =INDEX(效果参数!$C$15:$H$15,1,C4+1) -> 2 | BF4: =INDEX(效果参数!$C$16:$H$16,1,C4+1) -> 0.025 | BG4: =INDEX(效果参数!$C$17:$H$17,1,C4+1) -> 18 | BH4: =INDEX(效果参数!$C$18:$H$18,1,C4+1) -> 18 | BI4: =INDEX(效果参数!$C$19:$H$19,1,C4+1) -> 1 | BJ4: =INDEX(效果参数!$C$20:$H$20,1,C4+1) -> 1 | BK4: =INDEX(效果参数!$C$21:$H$21,1,C4+1) -> 0.2 | BL4: =INDEX(效果参数!$C$22:$H$22,1,C4+1) -> 15 | BM4: =INDEX(效果参数!$C$23:$H$23,1,C4+1) -> 32 | BN4: =INDEX(效果参数!$C$24:$H$24,1,C4+1) -> 50 | BO4: =INDEX(效果参数!$C$25:$H$25,1,C4+1) -> 2.5 | BP4: =INDEX(效果参数!$C$26:$H$26,1,C4+1) -> 0.6 | BQ4: =INDEX(效果参数!$C$27:$H$27,1,C4+1) -> 0.8 | BR4: =INDEX(效果参数!$C$28:$H$28,1,C4+1) -> 1 | BS4: =INDEX(效果参数!$C$35:$H$35,1,D4+1) -> 2.8 | BT4: =INDEX(效果参数!$C$36:$H$36,1,D4+1) -> 1.4 | BU4: =INDEX(效果参数!$C$37:$H$37,1,D4+1) -> 0.8 | BV4: =INDEX(效果参数!$C$38:$H$38,1,D4+1) -> 3 | BW4: =INDEX(效果参数!$C$39:$H$39,1,D4+1) -> 1 | BX4: =INDEX(效果参数!$C$40:$H$40,1,D4+1) -> 2 | BY4: =INDEX(效果参数!$C$41:$H$41,1,D4+1) -> 1 | BZ4: =IF(配置与结果!$H$24=1,AR4,MIN(AR4,MAX(0,配置与结果!$H$25))) -> 35 | CA4: =ROUNDDOWN(配置与结果!$B$17*(1+0.05+Y4),0) -> 2986 | CB4: =MIN(AD4,ROUNDDOWN((配置与结果!$B$16+CC4)*AC4,0)) -> 500 | CC4: =MIN(AM4,ROUNDDOWN(CA4*AL4,0)) -> 238 | CD4: =INDEX(效果参数!$C$96:$G$96,1,G4) -> 0.16 | CE4: =INDEX(效果参数!$C$42:$H$42,1,D4+1) -> 8 | CF4: =INDEX(效果参数!$C$54:$H$54,1,E4+1) -> 15 | CG4: =INDEX(效果参数!$C$55:$H$55,1,E4+1) -> 1.5 | CH4: =INDEX(效果参数!$C$106:$G$106,1,H4) -> 0.12
A5: =2 -> 2 | B5: ="红弩箭 0塑" -> 红弩箭 0塑 | C5: =0 -> 0 | D5: =配置与结果!B7 -> 0 | E5: =配置与结果!B8 -> 0 | F5: =配置与结果!B9 -> 0 | G5: =配置与结果!D6 -> 5 | H5: =配置与结果!D7 -> 1 | I5: =配置与结果!D8 -> 5 | J5: =配置与结果!D9 -> 1 | K5: =INDEX(效果参数!$C$105:$G$105,1,J5) -> 1 | L5: =AND(K5=1,INDEX(效果参数!$C$99:$G$99,1,H5)=1,INDEX(效果参数!$C$29:$H$29,1,C5+1)=1) -> TRUE | M5: =IF(AND(K5=1,L5),SUM(行动计算!AU78:AU113),"") -> 8766612 | N5: =IF(K5=1,SUMIFS(行动计算!AU78:AU113,行动计算!D78:D113,1),"") -> 3133250.7 | O5: =IF(L5,SUMIFS(行动计算!AU78:AU113,行动计算!D78:D113,2),"") -> 5633361.3 | P5: =IF(AND(K5=1,L5),SUMIFS(行动计算!AU78:AU113,行动计算!F78:F113,1),"") -> 7363386 | Q5: =IF(AND(K5=1,L5),SUMIFS(行动计算!AU78:AU113,行动计算!F78:F113,2),"") -> 642844.12 | R5: =IF(AND(K5=1,L5),SUMIFS(行动计算!AU78:AU113,行动计算!F78:F113,3),"") -> 489818.29 | S5: =IF(AND(K5=1,L5),SUMIFS(行动计算!AU78:AU113,行动计算!F78:F113,4),"") -> 270563.56 | T5: =IF(AND(ISNUMBER(M5),ISNUMBER($M$3),$M$3>0),M5/$M$3-1,"") -> 0 | U5: =INDEX(效果参数!$C$98:$G$98,1,H5) -> 0.04 | V5: =INDEX(效果参数!$C$97:$G$97,1,G5) -> 0.06 | W5: =INDEX(效果参数!$C$101:$G$101,1,I5) -> 0.02 | X5: =INDEX(效果参数!$C$102:$G$102,1,I5) -> 0.16 | Y5: =INDEX(效果参数!$C$100:$G$100,1,I5) -> 0.1 | Z5: =INDEX(效果参数!$C$103:$G$103,1,J5) -> 0.04 | AA5: =INDEX(效果参数!$C$104:$G$104,1,J5) -> 0.004 | AB5: =INDEX(效果参数!$C$30:$H$30,1,D5+1) -> 0.3 | AC5: =INDEX(效果参数!$C$31:$H$31,1,D5+1) -> 0.2 | AD5: =INDEX(效果参数!$C$32:$H$32,1,D5+1) -> 500 | AE5: =INDEX(效果参数!$C$33:$H$33,1,D5+1) -> 0.4 | AF5: =INDEX(效果参数!$C$34:$H$34,1,D5+1) -> 0.4 | AG5: =INDEX(效果参数!$C$43:$H$43,1,E5+1) -> 0.3 | AH5: =INDEX(效果参数!$C$44:$H$44,1,E5+1) -> 0.04 | AI5: =INDEX(效果参数!$C$45:$H$45,1,E5+1) -> 5 | AJ5: =INDEX(效果参数!$C$46:$H$46,1,E5+1) -> 1 | AK5: =INDEX(效果参数!$C$47:$H$47,1,E5+1) -> 2 | AL5: =INDEX(效果参数!$C$48:$H$48,1,E5+1) -> 0.08 | AM5: =INDEX(效果参数!$C$49:$H$49,1,E5+1) -> 250 | AN5: =INDEX(效果参数!$C$50:$H$50,1,E5+1) -> 0.15 | AO5: =INDEX(效果参数!$C$51:$H$51,1,E5+1) -> 0.15 | AP5: =INDEX(效果参数!$C$52:$H$52,1,E5+1) -> 0.15 | AQ5: =INDEX(效果参数!$C$53:$H$53,1,E5+1) -> 0.15 | AR5: =INDEX(效果参数!$C$56:$H$56,1,F5+1) -> 35 | AS5: =INDEX(效果参数!$C$57:$H$57,1,F5+1) -> 0.01 | AT5: =INDEX(效果参数!$C$58:$H$58,1,F5+1) -> 7 | AU5: =INDEX(效果参数!$C$59:$H$59,1,F5+1) -> 0.5 | AV5: =INDEX(效果参数!$C$6:$H$6,1,C5+1) -> 2 | AW5: =INDEX(效果参数!$C$7:$H$7,1,C5+1) -> 4 | AX5: =INDEX(效果参数!$C$8:$H$8,1,C5+1) -> 8 | AY5: =INDEX(效果参数!$C$9:$H$9,1,C5+1) -> 0.1 | AZ5: =INDEX(效果参数!$C$10:$H$10,1,C5+1) -> 0.2 | BA5: =INDEX(效果参数!$C$11:$H$11,1,C5+1) -> 0.6 | BB5: =INDEX(效果参数!$C$12:$H$12,1,C5+1) -> 1.2 | BC5: =INDEX(效果参数!$C$13:$H$13,1,C5+1) -> 0.06 | BD5: =INDEX(效果参数!$C$14:$H$14,1,C5+1) -> 3 | BE5: =INDEX(效果参数!$C$15:$H$15,1,C5+1) -> 1 | BF5: =INDEX(效果参数!$C$16:$H$16,1,C5+1) -> 0.025 | BG5: =INDEX(效果参数!$C$17:$H$17,1,C5+1) -> 18 | BH5: =INDEX(效果参数!$C$18:$H$18,1,C5+1) -> 18 | BI5: =INDEX(效果参数!$C$19:$H$19,1,C5+1) -> 1 | BJ5: =INDEX(效果参数!$C$20:$H$20,1,C5+1) -> 1 | BK5: =INDEX(效果参数!$C$21:$H$21,1,C5+1) -> 0.2 | BL5: =INDEX(效果参数!$C$22:$H$22,1,C5+1) -> 9 | BM5: =INDEX(效果参数!$C$23:$H$23,1,C5+1) -> 20 | BN5: =INDEX(效果参数!$C$24:$H$24,1,C5+1) -> 30 | BO5: =INDEX(效果参数!$C$25:$H$25,1,C5+1) -> 1.5 | BP5: =INDEX(效果参数!$C$26:$H$26,1,C5+1) -> 0.6 | BQ5: =INDEX(效果参数!$C$27:$H$27,1,C5+1) -> 0.8 | BR5: =INDEX(效果参数!$C$28:$H$28,1,C5+1) -> 1 | BS5: =INDEX(效果参数!$C$35:$H$35,1,D5+1) -> 2.8 | BT5: =INDEX(效果参数!$C$36:$H$36,1,D5+1) -> 1.4 | BU5: =INDEX(效果参数!$C$37:$H$37,1,D5+1) -> 0.8 | BV5: =INDEX(效果参数!$C$38:$H$38,1,D5+1) -> 3 | BW5: =INDEX(效果参数!$C$39:$H$39,1,D5+1) -> 1 | BX5: =INDEX(效果参数!$C$40:$H$40,1,D5+1) -> 2 | BY5: =INDEX(效果参数!$C$41:$H$41,1,D5+1) -> 1 | BZ5: =IF(配置与结果!$H$24=1,AR5,MIN(AR5,MAX(0,配置与结果!$H$25))) -> 35 | CA5: =ROUNDDOWN(配置与结果!$B$17*(1+0.05+Y5),0) -> 2986 | CB5: =MIN(AD5,ROUNDDOWN((配置与结果!$B$16+CC5)*AC5,0)) -> 500 | CC5: =MIN(AM5,ROUNDDOWN(CA5*AL5,0)) -> 238 | CD5: =INDEX(效果参数!$C$96:$G$96,1,G5) -> 0.16 | CE5: =INDEX(效果参数!$C$42:$H$42,1,D5+1) -> 8 | CF5: =INDEX(效果参数!$C$54:$H$54,1,E5+1) -> 15 | CG5: =INDEX(效果参数!$C$55:$H$55,1,E5+1) -> 1.5 | CH5: =INDEX(效果参数!$C$106:$G$106,1,H5) -> 0.12
A6: =3 -> 3 | B6: ="红弩箭 1塑" -> 红弩箭 1塑 | C6: =1 -> 1 | D6: =配置与结果!B7 -> 0 | E6: =配置与结果!B8 -> 0 | F6: =配置与结果!B9 -> 0 | G6: =配置与结果!D6 -> 5 | H6: =配置与结果!D7 -> 1 | I6: =配置与结果!D8 -> 5 | J6: =配置与结果!D9 -> 1 | K6: =INDEX(效果参数!$C$105:$G$105,1,J6) -> 1 | L6: =AND(K6=1,INDEX(效果参数!$C$99:$G$99,1,H6)=1,INDEX(效果参数!$C$29:$H$29,1,C6+1)=1) -> TRUE | M6: =IF(AND(K6=1,L6),SUM(行动计算!AU114:AU149),"") -> 12079361 | N6: =IF(K6=1,SUMIFS(行动计算!AU114:AU149,行动计算!D114:D149,1),"") -> 3133250.7 | O6: =IF(L6,SUMIFS(行动计算!AU114:AU149,行动计算!D114:D149,2),"") -> 8946110.3 | P6: =IF(AND(K6=1,L6),SUMIFS(行动计算!AU114:AU149,行动计算!F114:F149,1),"") -> 10676135 | Q6: =IF(AND(K6=1,L6),SUMIFS(行动计算!AU114:AU149,行动计算!F114:F149,2),"") -> 642844.12 | R6: =IF(AND(K6=1,L6),SUMIFS(行动计算!AU114:AU149,行动计算!F114:F149,3),"") -> 489818.29 | S6: =IF(AND(K6=1,L6),SUMIFS(行动计算!AU114:AU149,行动计算!F114:F149,4),"") -> 270563.56 | T6: =IF(AND(ISNUMBER(M6),ISNUMBER($M$3),$M$3>0),M6/$M$3-1,"") -> 0.37788247 | U6: =INDEX(效果参数!$C$98:$G$98,1,H6) -> 0.04 | V6: =INDEX(效果参数!$C$97:$G$97,1,G6) -> 0.06 | W6: =INDEX(效果参数!$C$101:$G$101,1,I6) -> 0.02 | X6: =INDEX(效果参数!$C$102:$G$102,1,I6) -> 0.16 | Y6: =INDEX(效果参数!$C$100:$G$100,1,I6) -> 0.1 | Z6: =INDEX(效果参数!$C$103:$G$103,1,J6) -> 0.04 | AA6: =INDEX(效果参数!$C$104:$G$104,1,J6) -> 0.004 | AB6: =INDEX(效果参数!$C$30:$H$30,1,D6+1) -> 0.3 | AC6: =INDEX(效果参数!$C$31:$H$31,1,D6+1) -> 0.2 | AD6: =INDEX(效果参数!$C$32:$H$32,1,D6+1) -> 500 | AE6: =INDEX(效果参数!$C$33:$H$33,1,D6+1) -> 0.4 | AF6: =INDEX(效果参数!$C$34:$H$34,1,D6+1) -> 0.4 | AG6: =INDEX(效果参数!$C$43:$H$43,1,E6+1) -> 0.3 | AH6: =INDEX(效果参数!$C$44:$H$44,1,E6+1) -> 0.04 | AI6: =INDEX(效果参数!$C$45:$H$45,1,E6+1) -> 5 | AJ6: =INDEX(效果参数!$C$46:$H$46,1,E6+1) -> 1 | AK6: =INDEX(效果参数!$C$47:$H$47,1,E6+1) -> 2 | AL6: =INDEX(效果参数!$C$48:$H$48,1,E6+1) -> 0.08 | AM6: =INDEX(效果参数!$C$49:$H$49,1,E6+1) -> 250 | AN6: =INDEX(效果参数!$C$50:$H$50,1,E6+1) -> 0.15 | AO6: =INDEX(效果参数!$C$51:$H$51,1,E6+1) -> 0.15 | AP6: =INDEX(效果参数!$C$52:$H$52,1,E6+1) -> 0.15 | AQ6: =INDEX(效果参数!$C$53:$H$53,1,E6+1) -> 0.15 | AR6: =INDEX(效果参数!$C$56:$H$56,1,F6+1) -> 35 | AS6: =INDEX(效果参数!$C$57:$H$57,1,F6+1) -> 0.01 | AT6: =INDEX(效果参数!$C$58:$H$58,1,F6+1) -> 7 | AU6: =INDEX(效果参数!$C$59:$H$59,1,F6+1) -> 0.5 | AV6: =INDEX(效果参数!$C$6:$H$6,1,C6+1) -> 2 | AW6: =INDEX(效果参数!$C$7:$H$7,1,C6+1) -> 4 | AX6: =INDEX(效果参数!$C$8:$H$8,1,C6+1) -> 8 | AY6: =INDEX(效果参数!$C$9:$H$9,1,C6+1) -> 0.1 | AZ6: =INDEX(效果参数!$C$10:$H$10,1,C6+1) -> 0.2 | BA6: =INDEX(效果参数!$C$11:$H$11,1,C6+1) -> 0.6 | BB6: =INDEX(效果参数!$C$12:$H$12,1,C6+1) -> 1.2 | BC6: =INDEX(效果参数!$C$13:$H$13,1,C6+1) -> 0.06 | BD6: =INDEX(效果参数!$C$14:$H$14,1,C6+1) -> 3 | BE6: =INDEX(效果参数!$C$15:$H$15,1,C6+1) -> 1 | BF6: =INDEX(效果参数!$C$16:$H$16,1,C6+1) -> 0.025 | BG6: =INDEX(效果参数!$C$17:$H$17,1,C6+1) -> 18 | BH6: =INDEX(效果参数!$C$18:$H$18,1,C6+1) -> 18 | BI6: =INDEX(效果参数!$C$19:$H$19,1,C6+1) -> 1 | BJ6: =INDEX(效果参数!$C$20:$H$20,1,C6+1) -> 1 | BK6: =INDEX(效果参数!$C$21:$H$21,1,C6+1) -> 0.2 | BL6: =INDEX(效果参数!$C$22:$H$22,1,C6+1) -> 15 | BM6: =INDEX(效果参数!$C$23:$H$23,1,C6+1) -> 32 | BN6: =INDEX(效果参数!$C$24:$H$24,1,C6+1) -> 50 | BO6: =INDEX(效果参数!$C$25:$H$25,1,C6+1) -> 2.5 | BP6: =INDEX(效果参数!$C$26:$H$26,1,C6+1) -> 0.6 | BQ6: =INDEX(效果参数!$C$27:$H$27,1,C6+1) -> 0.8 | BR6: =INDEX(效果参数!$C$28:$H$28,1,C6+1) -> 1 | BS6: =INDEX(效果参数!$C$35:$H$35,1,D6+1) -> 2.8 | BT6: =INDEX(效果参数!$C$36:$H$36,1,D6+1) -> 1.4 | BU6: =INDEX(效果参数!$C$37:$H$37,1,D6+1) -> 0.8 | BV6: =INDEX(效果参数!$C$38:$H$38,1,D6+1) -> 3 | BW6: =INDEX(效果参数!$C$39:$H$39,1,D6+1) -> 1 | BX6: =INDEX(效果参数!$C$40:$H$40,1,D6+1) -> 2 | BY6: =INDEX(效果参数!$C$41:$H$41,1,D6+1) -> 1 | BZ6: =IF(配置与结果!$H$24=1,AR6,MIN(AR6,MAX(0,配置与结果!$H$25))) -> 35 | CA6: =ROUNDDOWN(配置与结果!$B$17*(1+0.05+Y6),0) -> 2986 | CB6: =MIN(AD6,ROUNDDOWN((配置与结果!$B$16+CC6)*AC6,0)) -> 500 | CC6: =MIN(AM6,ROUNDDOWN(CA6*AL6,0)) -> 238 | CD6: =INDEX(效果参数!$C$96:$G$96,1,G6) -> 0.16 | CE6: =INDEX(效果参数!$C$42:$H$42,1,D6+1) -> 8 | CF6: =INDEX(效果参数!$C$54:$H$54,1,E6+1) -> 15 | CG6: =INDEX(效果参数!$C$55:$H$55,1,E6+1) -> 1.5 | CH6: =INDEX(效果参数!$C$106:$G$106,1,H6) -> 0.12
A7: =4 -> 4 | B7: ="红弩箭 2塑" -> 红弩箭 2塑 | C7: =2 -> 2 | D7: =配置与结果!B7 -> 0 | E7: =配置与结果!B8 -> 0 | F7: =配置与结果!B9 -> 0 | G7: =配置与结果!D6 -> 5 | H7: =配置与结果!D7 -> 1 | I7: =配置与结果!D8 -> 5 | J7: =配置与结果!D9 -> 1 | K7: =INDEX(效果参数!$C$105:$G$105,1,J7) -> 1 | L7: =AND(K7=1,INDEX(效果参数!$C$99:$G$99,1,H7)=1,INDEX(效果参数!$C$29:$H$29,1,C7+1)=1) -> TRUE | M7: =IF(AND(K7=1,L7),SUM(行动计算!AU150:AU185),"") -> 13566810 | N7: =IF(K7=1,SUMIFS(行动计算!AU150:AU185,行动计算!D150:D185,1),"") -> 4620699.7 | O7: =IF(L7,SUMIFS(行动计算!AU150:AU185,行动计算!D150:D185,2),"") -> 8946110.3 | P7: =IF(AND(K7=1,L7),SUMIFS(行动计算!AU150:AU185,行动计算!F150:F185,1),"") -> 12163584 | Q7: =IF(AND(K7=1,L7),SUMIFS(行动计算!AU150:AU185,行动计算!F150:F185,2),"") -> 642844.12 | R7: =IF(AND(K7=1,L7),SUMIFS(行动计算!AU150:AU185,行动计算!F150:F185,3),"") -> 489818.29 | S7: =IF(AND(K7=1,L7),SUMIFS(行动计算!AU150:AU185,行动计算!F150:F185,4),"") -> 270563.56 | T7: =IF(AND(ISNUMBER(M7),ISNUMBER($M$3),$M$3>0),M7/$M$3-1,"") -> 0.54755452 | U7: =INDEX(效果参数!$C$98:$G$98,1,H7) -> 0.04 | V7: =INDEX(效果参数!$C$97:$G$97,1,G7) -> 0.06 | W7: =INDEX(效果参数!$C$101:$G$101,1,I7) -> 0.02 | X7: =INDEX(效果参数!$C$102:$G$102,1,I7) -> 0.16 | Y7: =INDEX(效果参数!$C$100:$G$100,1,I7) -> 0.1 | Z7: =INDEX(效果参数!$C$103:$G$103,1,J7) -> 0.04 | AA7: =INDEX(效果参数!$C$104:$G$104,1,J7) -> 0.004 | AB7: =INDEX(效果参数!$C$30:$H$30,1,D7+1) -> 0.3 | AC7: =INDEX(效果参数!$C$31:$H$31,1,D7+1) -> 0.2 | AD7: =INDEX(效果参数!$C$32:$H$32,1,D7+1) -> 500 | AE7: =INDEX(效果参数!$C$33:$H$33,1,D7+1) -> 0.4 | AF7: =INDEX(效果参数!$C$34:$H$34,1,D7+1) -> 0.4 | AG7: =INDEX(效果参数!$C$43:$H$43,1,E7+1) -> 0.3 | AH7: =INDEX(效果参数!$C$44:$H$44,1,E7+1) -> 0.04 | AI7: =INDEX(效果参数!$C$45:$H$45,1,E7+1) -> 5 | AJ7: =INDEX(效果参数!$C$46:$H$46,1,E7+1) -> 1 | AK7: =INDEX(效果参数!$C$47:$H$47,1,E7+1) -> 2 | AL7: =INDEX(效果参数!$C$48:$H$48,1,E7+1) -> 0.08 | AM7: =INDEX(效果参数!$C$49:$H$49,1,E7+1) -> 250 | AN7: =INDEX(效果参数!$C$50:$H$50,1,E7+1) -> 0.15 | AO7: =INDEX(效果参数!$C$51:$H$51,1,E7+1) -> 0.15 | AP7: =INDEX(效果参数!$C$52:$H$52,1,E7+1) -> 0.15 | AQ7: =INDEX(效果参数!$C$53:$H$53,1,E7+1) -> 0.15 | AR7: =INDEX(效果参数!$C$56:$H$56,1,F7+1) -> 35 | AS7: =INDEX(效果参数!$C$57:$H$57,1,F7+1) -> 0.01 | AT7: =INDEX(效果参数!$C$58:$H$58,1,F7+1) -> 7 | AU7: =INDEX(效果参数!$C$59:$H$59,1,F7+1) -> 0.5 | AV7: =INDEX(效果参数!$C$6:$H$6,1,C7+1) -> 3 | AW7: =INDEX(效果参数!$C$7:$H$7,1,C7+1) -> 6 | AX7: =INDEX(效果参数!$C$8:$H$8,1,C7+1) -> 12 | AY7: =INDEX(效果参数!$C$9:$H$9,1,C7+1) -> 0.3 | AZ7: =INDEX(效果参数!$C$10:$H$10,1,C7+1) -> 0.6 | BA7: =INDEX(效果参数!$C$11:$H$11,1,C7+1) -> 0.6 | BB7: =INDEX(效果参数!$C$12:$H$12,1,C7+1) -> 1.2 | BC7: =INDEX(效果参数!$C$13:$H$13,1,C7+1) -> 0.06 | BD7: =INDEX(效果参数!$C$14:$H$14,1,C7+1) -> 5 | BE7: =INDEX(效果参数!$C$15:$H$15,1,C7+1) -> 2 | BF7: =INDEX(效果参数!$C$16:$H$16,1,C7+1) -> 0.025 | BG7: =INDEX(效果参数!$C$17:$H$17,1,C7+1) -> 18 | BH7: =INDEX(效果参数!$C$18:$H$18,1,C7+1) -> 18 | BI7: =INDEX(效果参数!$C$19:$H$19,1,C7+1) -> 1 | BJ7: =INDEX(效果参数!$C$20:$H$20,1,C7+1) -> 1 | BK7: =INDEX(效果参数!$C$21:$H$21,1,C7+1) -> 0.2 | BL7: =INDEX(效果参数!$C$22:$H$22,1,C7+1) -> 15 | BM7: =INDEX(效果参数!$C$23:$H$23,1,C7+1) -> 32 | BN7: =INDEX(效果参数!$C$24:$H$24,1,C7+1) -> 50 | BO7: =INDEX(效果参数!$C$25:$H$25,1,C7+1) -> 2.5 | BP7: =INDEX(效果参数!$C$26:$H$26,1,C7+1) -> 0.6 | BQ7: =INDEX(效果参数!$C$27:$H$27,1,C7+1) -> 0.8 | BR7: =INDEX(效果参数!$C$28:$H$28,1,C7+1) -> 1 | BS7: =INDEX(效果参数!$C$35:$H$35,1,D7+1) -> 2.8 | BT7: =INDEX(效果参数!$C$36:$H$36,1,D7+1) -> 1.4 | BU7: =INDEX(效果参数!$C$37:$H$37,1,D7+1) -> 0.8 | BV7: =INDEX(效果参数!$C$38:$H$38,1,D7+1) -> 3 | BW7: =INDEX(效果参数!$C$39:$H$39,1,D7+1) -> 1 | BX7: =INDEX(效果参数!$C$40:$H$40,1,D7+1) -> 2 | BY7: =INDEX(效果参数!$C$41:$H$41,1,D7+1) -> 1 | BZ7: =IF(配置与结果!$H$24=1,AR7,MIN(AR7,MAX(0,配置与结果!$H$25))) -> 35 | CA7: =ROUNDDOWN(配置与结果!$B$17*(1+0.05+Y7),0) -> 2986 | CB7: =MIN(AD7,ROUNDDOWN((配置与结果!$B$16+CC7)*AC7,0)) -> 500 | CC7: =MIN(AM7,ROUNDDOWN(CA7*AL7,0)) -> 238 | CD7: =INDEX(效果参数!$C$96:$G$96,1,G7) -> 0.16 | CE7: =INDEX(效果参数!$C$42:$H$42,1,D7+1) -> 8 | CF7: =INDEX(效果参数!$C$54:$H$54,1,E7+1) -> 15 | CG7: =INDEX(效果参数!$C$55:$H$55,1,E7+1) -> 1.5 | CH7: =INDEX(效果参数!$C$106:$G$106,1,H7) -> 0.12
A8: =5 -> 5 | B8: ="红弩箭 3塑" -> 红弩箭 3塑 | C8: =3 -> 3 | D8: =配置与结果!B7 -> 0 | E8: =配置与结果!B8 -> 0 | F8: =配置与结果!B9 -> 0 | G8: =配置与结果!D6 -> 5 | H8: =配置与结果!D7 -> 1 | I8: =配置与结果!D8 -> 5 | J8: =配置与结果!D9 -> 1 | K8: =INDEX(效果参数!$C$105:$G$105,1,J8) -> 1 | L8: =AND(K8=1,INDEX(效果参数!$C$99:$G$99,1,H8)=1,INDEX(效果参数!$C$29:$H$29,1,C8+1)=1) -> TRUE | M8: =IF(AND(K8=1,L8),SUM(行动计算!AU186:AU221),"") -> 15110630 | N8: =IF(K8=1,SUMIFS(行动计算!AU186:AU221,行动计算!D186:D221,1),"") -> 6164519.7 | O8: =IF(L8,SUMIFS(行动计算!AU186:AU221,行动计算!D186:D221,2),"") -> 8946110.3 | P8: =IF(AND(K8=1,L8),SUMIFS(行动计算!AU186:AU221,行动计算!F186:F221,1),"") -> 13707404 | Q8: =IF(AND(K8=1,L8),SUMIFS(行动计算!AU186:AU221,行动计算!F186:F221,2),"") -> 642844.12 | R8: =IF(AND(K8=1,L8),SUMIFS(行动计算!AU186:AU221,行动计算!F186:F221,3),"") -> 489818.29 | S8: =IF(AND(K8=1,L8),SUMIFS(行动计算!AU186:AU221,行动计算!F186:F221,4),"") -> 270563.56 | T8: =IF(AND(ISNUMBER(M8),ISNUMBER($M$3),$M$3>0),M8/$M$3-1,"") -> 0.72365676 | U8: =INDEX(效果参数!$C$98:$G$98,1,H8) -> 0.04 | V8: =INDEX(效果参数!$C$97:$G$97,1,G8) -> 0.06 | W8: =INDEX(效果参数!$C$101:$G$101,1,I8) -> 0.02 | X8: =INDEX(效果参数!$C$102:$G$102,1,I8) -> 0.16 | Y8: =INDEX(效果参数!$C$100:$G$100,1,I8) -> 0.1 | Z8: =INDEX(效果参数!$C$103:$G$103,1,J8) -> 0.04 | AA8: =INDEX(效果参数!$C$104:$G$104,1,J8) -> 0.004 | AB8: =INDEX(效果参数!$C$30:$H$30,1,D8+1) -> 0.3 | AC8: =INDEX(效果参数!$C$31:$H$31,1,D8+1) -> 0.2 | AD8: =INDEX(效果参数!$C$32:$H$32,1,D8+1) -> 500 | AE8: =INDEX(效果参数!$C$33:$H$33,1,D8+1) -> 0.4 | AF8: =INDEX(效果参数!$C$34:$H$34,1,D8+1) -> 0.4 | AG8: =INDEX(效果参数!$C$43:$H$43,1,E8+1) -> 0.3 | AH8: =INDEX(效果参数!$C$44:$H$44,1,E8+1) -> 0.04 | AI8: =INDEX(效果参数!$C$45:$H$45,1,E8+1) -> 5 | AJ8: =INDEX(效果参数!$C$46:$H$46,1,E8+1) -> 1 | AK8: =INDEX(效果参数!$C$47:$H$47,1,E8+1) -> 2 | AL8: =INDEX(效果参数!$C$48:$H$48,1,E8+1) -> 0.08 | AM8: =INDEX(效果参数!$C$49:$H$49,1,E8+1) -> 250 | AN8: =INDEX(效果参数!$C$50:$H$50,1,E8+1) -> 0.15 | AO8: =INDEX(效果参数!$C$51:$H$51,1,E8+1) -> 0.15 | AP8: =INDEX(效果参数!$C$52:$H$52,1,E8+1) -> 0.15 | AQ8: =INDEX(效果参数!$C$53:$H$53,1,E8+1) -> 0.15 | AR8: =INDEX(效果参数!$C$56:$H$56,1,F8+1) -> 35 | AS8: =INDEX(效果参数!$C$57:$H$57,1,F8+1) -> 0.01 | AT8: =INDEX(效果参数!$C$58:$H$58,1,F8+1) -> 7 | AU8: =INDEX(效果参数!$C$59:$H$59,1,F8+1) -> 0.5 | AV8: =INDEX(效果参数!$C$6:$H$6,1,C8+1) -> 3 | AW8: =INDEX(效果参数!$C$7:$H$7,1,C8+1) -> 6 | AX8: =INDEX(效果参数!$C$8:$H$8,1,C8+1) -> 12 | AY8: =INDEX(效果参数!$C$9:$H$9,1,C8+1) -> 0.3 | AZ8: =INDEX(效果参数!$C$10:$H$10,1,C8+1) -> 0.6 | BA8: =INDEX(效果参数!$C$11:$H$11,1,C8+1) -> 0.6 | BB8: =INDEX(效果参数!$C$12:$H$12,1,C8+1) -> 1.2 | BC8: =INDEX(效果参数!$C$13:$H$13,1,C8+1) -> 0.06 | BD8: =INDEX(效果参数!$C$14:$H$14,1,C8+1) -> 5 | BE8: =INDEX(效果参数!$C$15:$H$15,1,C8+1) -> 2 | BF8: =INDEX(效果参数!$C$16:$H$16,1,C8+1) -> 0.025 | BG8: =INDEX(效果参数!$C$17:$H$17,1,C8+1) -> 36 | BH8: =INDEX(效果参数!$C$18:$H$18,1,C8+1) -> 36 | BI8: =INDEX(效果参数!$C$19:$H$19,1,C8+1) -> 1.8 | BJ8: =INDEX(效果参数!$C$20:$H$20,1,C8+1) -> 1.8 | BK8: =INDEX(效果参数!$C$21:$H$21,1,C8+1) -> 0.5 | BL8: =INDEX(效果参数!$C$22:$H$22,1,C8+1) -> 15 | BM8: =INDEX(效果参数!$C$23:$H$23,1,C8+1) -> 32 | BN8: =INDEX(效果参数!$C$24:$H$24,1,C8+1) -> 50 | BO8: =INDEX(效果参数!$C$25:$H$25,1,C8+1) -> 2.5 | BP8: =INDEX(效果参数!$C$26:$H$26,1,C8+1) -> 0.6 | BQ8: =INDEX(效果参数!$C$27:$H$27,1,C8+1) -> 0.8 | BR8: =INDEX(效果参数!$C$28:$H$28,1,C8+1) -> 1 | BS8: =INDEX(效果参数!$C$35:$H$35,1,D8+1) -> 2.8 | BT8: =INDEX(效果参数!$C$36:$H$36,1,D8+1) -> 1.4 | BU8: =INDEX(效果参数!$C$37:$H$37,1,D8+1) -> 0.8 | BV8: =INDEX(效果参数!$C$38:$H$38,1,D8+1) -> 3 | BW8: =INDEX(效果参数!$C$39:$H$39,1,D8+1) -> 1 | BX8: =INDEX(效果参数!$C$40:$H$40,1,D8+1) -> 2 | BY8: =INDEX(效果参数!$C$41:$H$41,1,D8+1) -> 1 | BZ8: =IF(配置与结果!$H$24=1,AR8,MIN(AR8,MAX(0,配置与结果!$H$25))) -> 35 | CA8: =ROUNDDOWN(配置与结果!$B$17*(1+0.05+Y8),0) -> 2986 | CB8: =MIN(AD8,ROUNDDOWN((配置与结果!$B$16+CC8)*AC8,0)) -> 500 | CC8: =MIN(AM8,ROUNDDOWN(CA8*AL8,0)) -> 238 | CD8: =INDEX(效果参数!$C$96:$G$96,1,G8) -> 0.16 | CE8: =INDEX(效果参数!$C$42:$H$42,1,D8+1) -> 8 | CF8: =INDEX(效果参数!$C$54:$H$54,1,E8+1) -> 15 | CG8: =INDEX(效果参数!$C$55:$H$55,1,E8+1) -> 1.5 | CH8: =INDEX(效果参数!$C$106:$G$106,1,H8) -> 0.12
A9: =6 -> 6 | B9: ="红弩箭 4塑" -> 红弩箭 4塑 | C9: =4 -> 4 | D9: =配置与结果!B7 -> 0 | E9: =配置与结果!B8 -> 0 | F9: =配置与结果!B9 -> 0 | G9: =配置与结果!D6 -> 5 | H9: =配置与结果!D7 -> 1 | I9: =配置与结果!D8 -> 5 | J9: =配置与结果!D9 -> 1 | K9: =INDEX(效果参数!$C$105:$G$105,1,J9) -> 1 | L9: =AND(K9=1,INDEX(效果参数!$C$99:$G$99,1,H9)=1,INDEX(效果参数!$C$29:$H$29,1,C9+1)=1) -> TRUE | M9: =IF(AND(K9=1,L9),SUM(行动计算!AU222:AU257),"") -> 16284949 | N9: =IF(K9=1,SUMIFS(行动计算!AU222:AU257,行动计算!D222:D257,1),"") -> 7338838.7 | O9: =IF(L9,SUMIFS(行动计算!AU222:AU257,行动计算!D222:D257,2),"") -> 8946110.3 | P9: =IF(AND(K9=1,L9),SUMIFS(行动计算!AU222:AU257,行动计算!F222:F257,1),"") -> 14881723 | Q9: =IF(AND(K9=1,L9),SUMIFS(行动计算!AU222:AU257,行动计算!F222:F257,2),"") -> 642844.12 | R9: =IF(AND(K9=1,L9),SUMIFS(行动计算!AU222:AU257,行动计算!F222:F257,3),"") -> 489818.29 | S9: =IF(AND(K9=1,L9),SUMIFS(行动计算!AU222:AU257,行动计算!F222:F257,4),"") -> 270563.56 | T9: =IF(AND(ISNUMBER(M9),ISNUMBER($M$3),$M$3>0),M9/$M$3-1,"") -> 0.85761033 | U9: =INDEX(效果参数!$C$98:$G$98,1,H9) -> 0.04 | V9: =INDEX(效果参数!$C$97:$G$97,1,G9) -> 0.06 | W9: =INDEX(效果参数!$C$101:$G$101,1,I9) -> 0.02 | X9: =INDEX(效果参数!$C$102:$G$102,1,I9) -> 0.16 | Y9: =INDEX(效果参数!$C$100:$G$100,1,I9) -> 0.1 | Z9: =INDEX(效果参数!$C$103:$G$103,1,J9) -> 0.04 | AA9: =INDEX(效果参数!$C$104:$G$104,1,J9) -> 0.004 | AB9: =INDEX(效果参数!$C$30:$H$30,1,D9+1) -> 0.3 | AC9: =INDEX(效果参数!$C$31:$H$31,1,D9+1) -> 0.2 | AD9: =INDEX(效果参数!$C$32:$H$32,1,D9+1) -> 500 | AE9: =INDEX(效果参数!$C$33:$H$33,1,D9+1) -> 0.4 | AF9: =INDEX(效果参数!$C$34:$H$34,1,D9+1) -> 0.4 | AG9: =INDEX(效果参数!$C$43:$H$43,1,E9+1) -> 0.3 | AH9: =INDEX(效果参数!$C$44:$H$44,1,E9+1) -> 0.04 | AI9: =INDEX(效果参数!$C$45:$H$45,1,E9+1) -> 5 | AJ9: =INDEX(效果参数!$C$46:$H$46,1,E9+1) -> 1 | AK9: =INDEX(效果参数!$C$47:$H$47,1,E9+1) -> 2 | AL9: =INDEX(效果参数!$C$48:$H$48,1,E9+1) -> 0.08 | AM9: =INDEX(效果参数!$C$49:$H$49,1,E9+1) -> 250 | AN9: =INDEX(效果参数!$C$50:$H$50,1,E9+1) -> 0.15 | AO9: =INDEX(效果参数!$C$51:$H$51,1,E9+1) -> 0.15 | AP9: =INDEX(效果参数!$C$52:$H$52,1,E9+1) -> 0.15 | AQ9: =INDEX(效果参数!$C$53:$H$53,1,E9+1) -> 0.15 | AR9: =INDEX(效果参数!$C$56:$H$56,1,F9+1) -> 35 | AS9: =INDEX(效果参数!$C$57:$H$57,1,F9+1) -> 0.01 | AT9: =INDEX(效果参数!$C$58:$H$58,1,F9+1) -> 7 | AU9: =INDEX(效果参数!$C$59:$H$59,1,F9+1) -> 0.5 | AV9: =INDEX(效果参数!$C$6:$H$6,1,C9+1) -> 3 | AW9: =INDEX(效果参数!$C$7:$H$7,1,C9+1) -> 6 | AX9: =INDEX(效果参数!$C$8:$H$8,1,C9+1) -> 12 | AY9: =INDEX(效果参数!$C$9:$H$9,1,C9+1) -> 0.3 | AZ9: =INDEX(效果参数!$C$10:$H$10,1,C9+1) -> 0.6 | BA9: =INDEX(效果参数!$C$11:$H$11,1,C9+1) -> 1 | BB9: =INDEX(效果参数!$C$12:$H$12,1,C9+1) -> 2 | BC9: =INDEX(效果参数!$C$13:$H$13,1,C9+1) -> 0.1 | BD9: =INDEX(效果参数!$C$14:$H$14,1,C9+1) -> 5 | BE9: =INDEX(效果参数!$C$15:$H$15,1,C9+1) -> 2 | BF9: =INDEX(效果参数!$C$16:$H$16,1,C9+1) -> 0.05 | BG9: =INDEX(效果参数!$C$17:$H$17,1,C9+1) -> 36 | BH9: =INDEX(效果参数!$C$18:$H$18,1,C9+1) -> 36 | BI9: =INDEX(效果参数!$C$19:$H$19,1,C9+1) -> 1.8 | BJ9: =INDEX(效果参数!$C$20:$H$20,1,C9+1) -> 1.8 | BK9: =INDEX(效果参数!$C$21:$H$21,1,C9+1) -> 0.5 | BL9: =INDEX(效果参数!$C$22:$H$22,1,C9+1) -> 15 | BM9: =INDEX(效果参数!$C$23:$H$23,1,C9+1) -> 32 | BN9: =INDEX(效果参数!$C$24:$H$24,1,C9+1) -> 50 | BO9: =INDEX(效果参数!$C$25:$H$25,1,C9+1) -> 2.5 | BP9: =INDEX(效果参数!$C$26:$H$26,1,C9+1) -> 0.6 | BQ9: =INDEX(效果参数!$C$27:$H$27,1,C9+1) -> 0.8 | BR9: =INDEX(效果参数!$C$28:$H$28,1,C9+1) -> 1 | BS9: =INDEX(效果参数!$C$35:$H$35,1,D9+1) -> 2.8 | BT9: =INDEX(效果参数!$C$36:$H$36,1,D9+1) -> 1.4 | BU9: =INDEX(效果参数!$C$37:$H$37,1,D9+1) -> 0.8 | BV9: =INDEX(效果参数!$C$38:$H$38,1,D9+1) -> 3 | BW9: =INDEX(效果参数!$C$39:$H$39,1,D9+1) -> 1 | BX9: =INDEX(效果参数!$C$40:$H$40,1,D9+1) -> 2 | BY9: =INDEX(效果参数!$C$41:$H$41,1,D9+1) -> 1 | BZ9: =IF(配置与结果!$H$24=1,AR9,MIN(AR9,MAX(0,配置与结果!$H$25))) -> 35 | CA9: =ROUNDDOWN(配置与结果!$B$17*(1+0.05+Y9),0) -> 2986 | CB9: =MIN(AD9,ROUNDDOWN((配置与结果!$B$16+CC9)*AC9,0)) -> 500 | CC9: =MIN(AM9,ROUNDDOWN(CA9*AL9,0)) -> 238 | CD9: =INDEX(效果参数!$C$96:$G$96,1,G9) -> 0.16 | CE9: =INDEX(效果参数!$C$42:$H$42,1,D9+1) -> 8 | CF9: =INDEX(效果参数!$C$54:$H$54,1,E9+1) -> 15 | CG9: =INDEX(效果参数!$C$55:$H$55,1,E9+1) -> 1.5 | CH9: =INDEX(效果参数!$C$106:$G$106,1,H9) -> 0.12
A10: =7 -> 7 | B10: ="红弩箭 5塑" -> 红弩箭 5塑 | C10: =5 -> 5 | D10: =配置与结果!B7 -> 0 | E10: =配置与结果!B8 -> 0 | F10: =配置与结果!B9 -> 0 | G10: =配置与结果!D6 -> 5 | H10: =配置与结果!D7 -> 1 | I10: =配置与结果!D8 -> 5 | J10: =配置与结果!D9 -> 1 | K10: =INDEX(效果参数!$C$105:$G$105,1,J10) -> 1 | L10: =AND(K10=1,INDEX(效果参数!$C$99:$G$99,1,H10)=1,INDEX(效果参数!$C$29:$H$29,1,C10+1)=1) -> TRUE | M10: =IF(AND(K10=1,L10),SUM(行动计算!AU258:AU293),"") -> 20939648 | N10: =IF(K10=1,SUMIFS(行动计算!AU258:AU293,行动计算!D258:D293,1),"") -> 7338838.7 | O10: =IF(L10,SUMIFS(行动计算!AU258:AU293,行动计算!D258:D293,2),"") -> 13600809 | P10: =IF(AND(K10=1,L10),SUMIFS(行动计算!AU258:AU293,行动计算!F258:F293,1),"") -> 19536422 | Q10: =IF(AND(K10=1,L10),SUMIFS(行动计算!AU258:AU293,行动计算!F258:F293,2),"") -> 642844.12 | R10: =IF(AND(K10=1,L10),SUMIFS(行动计算!AU258:AU293,行动计算!F258:F293,3),"") -> 489818.29 | S10: =IF(AND(K10=1,L10),SUMIFS(行动计算!AU258:AU293,行动计算!F258:F293,4),"") -> 270563.56 | T10: =IF(AND(ISNUMBER(M10),ISNUMBER($M$3),$M$3>0),M10/$M$3-1,"") -> 1.3885679 | U10: =INDEX(效果参数!$C$98:$G$98,1,H10) -> 0.04 | V10: =INDEX(效果参数!$C$97:$G$97,1,G10) -> 0.06 | W10: =INDEX(效果参数!$C$101:$G$101,1,I10) -> 0.02 | X10: =INDEX(效果参数!$C$102:$G$102,1,I10) -> 0.16 | Y10: =INDEX(效果参数!$C$100:$G$100,1,I10) -> 0.1 | Z10: =INDEX(效果参数!$C$103:$G$103,1,J10) -> 0.04 | AA10: =INDEX(效果参数!$C$104:$G$104,1,J10) -> 0.004 | AB10: =INDEX(效果参数!$C$30:$H$30,1,D10+1) -> 0.3 | AC10: =INDEX(效果参数!$C$31:$H$31,1,D10+1) -> 0.2 | AD10: =INDEX(效果参数!$C$32:$H$32,1,D10+1) -> 500 | AE10: =INDEX(效果参数!$C$33:$H$33,1,D10+1) -> 0.4 | AF10: =INDEX(效果参数!$C$34:$H$34,1,D10+1) -> 0.4 | AG10: =INDEX(效果参数!$C$43:$H$43,1,E10+1) -> 0.3 | AH10: =INDEX(效果参数!$C$44:$H$44,1,E10+1) -> 0.04 | AI10: =INDEX(效果参数!$C$45:$H$45,1,E10+1) -> 5 | AJ10: =INDEX(效果参数!$C$46:$H$46,1,E10+1) -> 1 | AK10: =INDEX(效果参数!$C$47:$H$47,1,E10+1) -> 2 | AL10: =INDEX(效果参数!$C$48:$H$48,1,E10+1) -> 0.08 | AM10: =INDEX(效果参数!$C$49:$H$49,1,E10+1) -> 250 | AN10: =INDEX(效果参数!$C$50:$H$50,1,E10+1) -> 0.15 | AO10: =INDEX(效果参数!$C$51:$H$51,1,E10+1) -> 0.15 | AP10: =INDEX(效果参数!$C$52:$H$52,1,E10+1) -> 0.15 | AQ10: =INDEX(效果参数!$C$53:$H$53,1,E10+1) -> 0.15 | AR10: =INDEX(效果参数!$C$56:$H$56,1,F10+1) -> 35 | AS10: =INDEX(效果参数!$C$57:$H$57,1,F10+1) -> 0.01 | AT10: =INDEX(效果参数!$C$58:$H$58,1,F10+1) -> 7 | AU10: =INDEX(效果参数!$C$59:$H$59,1,F10+1) -> 0.5 | AV10: =INDEX(效果参数!$C$6:$H$6,1,C10+1) -> 3 | AW10: =INDEX(效果参数!$C$7:$H$7,1,C10+1) -> 6 | AX10: =INDEX(效果参数!$C$8:$H$8,1,C10+1) -> 12 | AY10: =INDEX(效果参数!$C$9:$H$9,1,C10+1) -> 0.3 | AZ10: =INDEX(效果参数!$C$10:$H$10,1,C10+1) -> 0.6 | BA10: =INDEX(效果参数!$C$11:$H$11,1,C10+1) -> 1 | BB10: =INDEX(效果参数!$C$12:$H$12,1,C10+1) -> 2 | BC10: =INDEX(效果参数!$C$13:$H$13,1,C10+1) -> 0.1 | BD10: =INDEX(效果参数!$C$14:$H$14,1,C10+1) -> 5 | BE10: =INDEX(效果参数!$C$15:$H$15,1,C10+1) -> 2 | BF10: =INDEX(效果参数!$C$16:$H$16,1,C10+1) -> 0.05 | BG10: =INDEX(效果参数!$C$17:$H$17,1,C10+1) -> 36 | BH10: =INDEX(效果参数!$C$18:$H$18,1,C10+1) -> 36 | BI10: =INDEX(效果参数!$C$19:$H$19,1,C10+1) -> 1.8 | BJ10: =INDEX(效果参数!$C$20:$H$20,1,C10+1) -> 1.8 | BK10: =INDEX(效果参数!$C$21:$H$21,1,C10+1) -> 0.5 | BL10: =INDEX(效果参数!$C$22:$H$22,1,C10+1) -> 22 | BM10: =INDEX(效果参数!$C$23:$H$23,1,C10+1) -> 48 | BN10: =INDEX(效果参数!$C$24:$H$24,1,C10+1) -> 70 | BO10: =INDEX(效果参数!$C$25:$H$25,1,C10+1) -> 3.5 | BP10: =INDEX(效果参数!$C$26:$H$26,1,C10+1) -> 0.8 | BQ10: =INDEX(效果参数!$C$27:$H$27,1,C10+1) -> 1 | BR10: =INDEX(效果参数!$C$28:$H$28,1,C10+1) -> 1.25 | BS10: =INDEX(效果参数!$C$35:$H$35,1,D10+1) -> 2.8 | BT10: =INDEX(效果参数!$C$36:$H$36,1,D10+1) -> 1.4 | BU10: =INDEX(效果参数!$C$37:$H$37,1,D10+1) -> 0.8 | BV10: =INDEX(效果参数!$C$38:$H$38,1,D10+1) -> 3 | BW10: =INDEX(效果参数!$C$39:$H$39,1,D10+1) -> 1 | BX10: =INDEX(效果参数!$C$40:$H$40,1,D10+1) -> 2 | BY10: =INDEX(效果参数!$C$41:$H$41,1,D10+1) -> 1 | BZ10: =IF(配置与结果!$H$24=1,AR10,MIN(AR10,MAX(0,配置与结果!$H$25))) -> 35 | CA10: =ROUNDDOWN(配置与结果!$B$17*(1+0.05+Y10),0) -> 2986 | CB10: =MIN(AD10,ROUNDDOWN((配置与结果!$B$16+CC10)*AC10,0)) -> 500 | CC10: =MIN(AM10,ROUNDDOWN(CA10*AL10,0)) -> 238 | CD10: =INDEX(效果参数!$C$96:$G$96,1,G10) -> 0.16 | CE10: =INDEX(效果参数!$C$42:$H$42,1,D10+1) -> 8 | CF10: =INDEX(效果参数!$C$54:$H$54,1,E10+1) -> 15 | CG10: =INDEX(效果参数!$C$55:$H$55,1,E10+1) -> 1.5 | CH10: =INDEX(效果参数!$C$106:$G$106,1,H10) -> 0.12
A11: =8 -> 8 | B11: ="37 0塑" -> 37 0塑 | C11: =配置与结果!B6 -> 0 | D11: =0 -> 0 | E11: =配置与结果!B8 -> 0 | F11: =配置与结果!B9 -> 0 | G11: =配置与结果!D6 -> 5 | H11: =配置与结果!D7 -> 1 | I11: =配置与结果!D8 -> 5 | J11: =配置与结果!D9 -> 1 | K11: =INDEX(效果参数!$C$105:$G$105,1,J11) -> 1 | L11: =AND(K11=1,INDEX(效果参数!$C$99:$G$99,1,H11)=1,INDEX(效果参数!$C$29:$H$29,1,C11+1)=1) -> TRUE | M11: =IF(AND(K11=1,L11),SUM(行动计算!AU294:AU329),"") -> 8766612 | N11: =IF(K11=1,SUMIFS(行动计算!AU294:AU329,行动计算!D294:D329,1),"") -> 3133250.7 | O11: =IF(L11,SUMIFS(行动计算!AU294:AU329,行动计算!D294:D329,2),"") -> 5633361.3 | P11: =IF(AND(K11=1,L11),SUMIFS(行动计算!AU294:AU329,行动计算!F294:F329,1),"") -> 7363386 | Q11: =IF(AND(K11=1,L11),SUMIFS(行动计算!AU294:AU329,行动计算!F294:F329,2),"") -> 642844.12 | R11: =IF(AND(K11=1,L11),SUMIFS(行动计算!AU294:AU329,行动计算!F294:F329,3),"") -> 489818.29 | S11: =IF(AND(K11=1,L11),SUMIFS(行动计算!AU294:AU329,行动计算!F294:F329,4),"") -> 270563.56 | T11: =IF(AND(ISNUMBER(M11),ISNUMBER($M$3),$M$3>0),M11/$M$3-1,"") -> 0 | U11: =INDEX(效果参数!$C$98:$G$98,1,H11) -> 0.04 | V11: =INDEX(效果参数!$C$97:$G$97,1,G11) -> 0.06 | W11: =INDEX(效果参数!$C$101:$G$101,1,I11) -> 0.02 | X11: =INDEX(效果参数!$C$102:$G$102,1,I11) -> 0.16 | Y11: =INDEX(效果参数!$C$100:$G$100,1,I11) -> 0.1 | Z11: =INDEX(效果参数!$C$103:$G$103,1,J11) -> 0.04 | AA11: =INDEX(效果参数!$C$104:$G$104,1,J11) -> 0.004 | AB11: =INDEX(效果参数!$C$30:$H$30,1,D11+1) -> 0.3 | AC11: =INDEX(效果参数!$C$31:$H$31,1,D11+1) -> 0.2 | AD11: =INDEX(效果参数!$C$32:$H$32,1,D11+1) -> 500 | AE11: =INDEX(效果参数!$C$33:$H$33,1,D11+1) -> 0.4 | AF11: =INDEX(效果参数!$C$34:$H$34,1,D11+1) -> 0.4 | AG11: =INDEX(效果参数!$C$43:$H$43,1,E11+1) -> 0.3 | AH11: =INDEX(效果参数!$C$44:$H$44,1,E11+1) -> 0.04 | AI11: =INDEX(效果参数!$C$45:$H$45,1,E11+1) -> 5 | AJ11: =INDEX(效果参数!$C$46:$H$46,1,E11+1) -> 1 | AK11: =INDEX(效果参数!$C$47:$H$47,1,E11+1) -> 2 | AL11: =INDEX(效果参数!$C$48:$H$48,1,E11+1) -> 0.08 | AM11: =INDEX(效果参数!$C$49:$H$49,1,E11+1) -> 250 | AN11: =INDEX(效果参数!$C$50:$H$50,1,E11+1) -> 0.15 | AO11: =INDEX(效果参数!$C$51:$H$51,1,E11+1) -> 0.15 | AP11: =INDEX(效果参数!$C$52:$H$52,1,E11+1) -> 0.15 | AQ11: =INDEX(效果参数!$C$53:$H$53,1,E11+1) -> 0.15 | AR11: =INDEX(效果参数!$C$56:$H$56,1,F11+1) -> 35 | AS11: =INDEX(效果参数!$C$57:$H$57,1,F11+1) -> 0.01 | AT11: =INDEX(效果参数!$C$58:$H$58,1,F11+1) -> 7 | AU11: =INDEX(效果参数!$C$59:$H$59,1,F11+1) -> 0.5 | AV11: =INDEX(效果参数!$C$6:$H$6,1,C11+1) -> 2 | AW11: =INDEX(效果参数!$C$7:$H$7,1,C11+1) -> 4 | AX11: =INDEX(效果参数!$C$8:$H$8,1,C11+1) -> 8 | AY11: =INDEX(效果参数!$C$9:$H$9,1,C11+1) -> 0.1 | AZ11: =INDEX(效果参数!$C$10:$H$10,1,C11+1) -> 0.2 | BA11: =INDEX(效果参数!$C$11:$H$11,1,C11+1) -> 0.6 | BB11: =INDEX(效果参数!$C$12:$H$12,1,C11+1) -> 1.2 | BC11: =INDEX(效果参数!$C$13:$H$13,1,C11+1) -> 0.06 | BD11: =INDEX(效果参数!$C$14:$H$14,1,C11+1) -> 3 | BE11: =INDEX(效果参数!$C$15:$H$15,1,C11+1) -> 1 | BF11: =INDEX(效果参数!$C$16:$H$16,1,C11+1) -> 0.025 | BG11: =INDEX(效果参数!$C$17:$H$17,1,C11+1) -> 18 | BH11: =INDEX(效果参数!$C$18:$H$18,1,C11+1) -> 18 | BI11: =INDEX(效果参数!$C$19:$H$19,1,C11+1) -> 1 | BJ11: =INDEX(效果参数!$C$20:$H$20,1,C11+1) -> 1 | BK11: =INDEX(效果参数!$C$21:$H$21,1,C11+1) -> 0.2 | BL11: =INDEX(效果参数!$C$22:$H$22,1,C11+1) -> 9 | BM11: =INDEX(效果参数!$C$23:$H$23,1,C11+1) -> 20 | BN11: =INDEX(效果参数!$C$24:$H$24,1,C11+1) -> 30 | BO11: =INDEX(效果参数!$C$25:$H$25,1,C11+1) -> 1.5 | BP11: =INDEX(效果参数!$C$26:$H$26,1,C11+1) -> 0.6 | BQ11: =INDEX(效果参数!$C$27:$H$27,1,C11+1) -> 0.8 | BR11: =INDEX(效果参数!$C$28:$H$28,1,C11+1) -> 1 | BS11: =INDEX(效果参数!$C$35:$H$35,1,D11+1) -> 2.8 | BT11: =INDEX(效果参数!$C$36:$H$36,1,D11+1) -> 1.4 | BU11: =INDEX(效果参数!$C$37:$H$37,1,D11+1) -> 0.8 | BV11: =INDEX(效果参数!$C$38:$H$38,1,D11+1) -> 3 | BW11: =INDEX(效果参数!$C$39:$H$39,1,D11+1) -> 1 | BX11: =INDEX(效果参数!$C$40:$H$40,1,D11+1) -> 2 | BY11: =INDEX(效果参数!$C$41:$H$41,1,D11+1) -> 1 | BZ11: =IF(配置与结果!$H$24=1,AR11,MIN(AR11,MAX(0,配置与结果!$H$25))) -> 35 | CA11: =ROUNDDOWN(配置与结果!$B$17*(1+0.05+Y11),0) -> 2986 | CB11: =MIN(AD11,ROUNDDOWN((配置与结果!$B$16+CC11)*AC11,0)) -> 500 | CC11: =MIN(AM11,ROUNDDOWN(CA11*AL11,0)) -> 238 | CD11: =INDEX(效果参数!$C$96:$G$96,1,G11) -> 0.16 | CE11: =INDEX(效果参数!$C$42:$H$42,1,D11+1) -> 8 | CF11: =INDEX(效果参数!$C$54:$H$54,1,E11+1) -> 15 | CG11: =INDEX(效果参数!$C$55:$H$55,1,E11+1) -> 1.5 | CH11: =INDEX(效果参数!$C$106:$G$106,1,H11) -> 0.12
A12: =9 -> 9 | B12: ="37 1塑" -> 37 1塑 | C12: =配置与结果!B6 -> 0 | D12: =1 -> 1 | E12: =配置与结果!B8 -> 0 | F12: =配置与结果!B9 -> 0 | G12: =配置与结果!D6 -> 5 | H12: =配置与结果!D7 -> 1 | I12: =配置与结果!D8 -> 5 | J12: =配置与结果!D9 -> 1 | K12: =INDEX(效果参数!$C$105:$G$105,1,J12) -> 1 | L12: =AND(K12=1,INDEX(效果参数!$C$99:$G$99,1,H12)=1,INDEX(效果参数!$C$29:$H$29,1,C12+1)=1) -> TRUE | M12: =IF(AND(K12=1,L12),SUM(行动计算!AU330:AU365),"") -> 8981207.9 | N12: =IF(K12=1,SUMIFS(行动计算!AU330:AU365,行动计算!D330:D365,1),"") -> 3265669.9 | O12: =IF(L12,SUMIFS(行动计算!AU330:AU365,行动计算!D330:D365,2),"") -> 5715538 | P12: =IF(AND(K12=1,L12),SUMIFS(行动计算!AU330:AU365,行动计算!F330:F365,1),"") -> 7363386 | Q12: =IF(AND(K12=1,L12),SUMIFS(行动计算!AU330:AU365,行动计算!F330:F365,2),"") -> 744289 | R12: =IF(AND(K12=1,L12),SUMIFS(行动计算!AU330:AU365,行动计算!F330:F365,3),"") -> 560761.69 | S12: =IF(AND(K12=1,L12),SUMIFS(行动计算!AU330:AU365,行动计算!F330:F365,4),"") -> 312771.16 | T12: =IF(AND(ISNUMBER(M12),ISNUMBER($M$3),$M$3>0),M12/$M$3-1,"") -> 0.02447877 | U12: =INDEX(效果参数!$C$98:$G$98,1,H12) -> 0.04 | V12: =INDEX(效果参数!$C$97:$G$97,1,G12) -> 0.06 | W12: =INDEX(效果参数!$C$101:$G$101,1,I12) -> 0.02 | X12: =INDEX(效果参数!$C$102:$G$102,1,I12) -> 0.16 | Y12: =INDEX(效果参数!$C$100:$G$100,1,I12) -> 0.1 | Z12: =INDEX(效果参数!$C$103:$G$103,1,J12) -> 0.04 | AA12: =INDEX(效果参数!$C$104:$G$104,1,J12) -> 0.004 | AB12: =INDEX(效果参数!$C$30:$H$30,1,D12+1) -> 0.6 | AC12: =INDEX(效果参数!$C$31:$H$31,1,D12+1) -> 0.2 | AD12: =INDEX(效果参数!$C$32:$H$32,1,D12+1) -> 500 | AE12: =INDEX(效果参数!$C$33:$H$33,1,D12+1) -> 0.4 | AF12: =INDEX(效果参数!$C$34:$H$34,1,D12+1) -> 0.4 | AG12: =INDEX(效果参数!$C$43:$H$43,1,E12+1) -> 0.3 | AH12: =INDEX(效果参数!$C$44:$H$44,1,E12+1) -> 0.04 | AI12: =INDEX(效果参数!$C$45:$H$45,1,E12+1) -> 5 | AJ12: =INDEX(效果参数!$C$46:$H$46,1,E12+1) -> 1 | AK12: =INDEX(效果参数!$C$47:$H$47,1,E12+1) -> 2 | AL12: =INDEX(效果参数!$C$48:$H$48,1,E12+1) -> 0.08 | AM12: =INDEX(效果参数!$C$49:$H$49,1,E12+1) -> 250 | AN12: =INDEX(效果参数!$C$50:$H$50,1,E12+1) -> 0.15 | AO12: =INDEX(效果参数!$C$51:$H$51,1,E12+1) -> 0.15 | AP12: =INDEX(效果参数!$C$52:$H$52,1,E12+1) -> 0.15 | AQ12: =INDEX(效果参数!$C$53:$H$53,1,E12+1) -> 0.15 | AR12: =INDEX(效果参数!$C$56:$H$56,1,F12+1) -> 35 | AS12: =INDEX(效果参数!$C$57:$H$57,1,F12+1) -> 0.01 | AT12: =INDEX(效果参数!$C$58:$H$58,1,F12+1) -> 7 | AU12: =INDEX(效果参数!$C$59:$H$59,1,F12+1) -> 0.5 | AV12: =INDEX(效果参数!$C$6:$H$6,1,C12+1) -> 2 | AW12: =INDEX(效果参数!$C$7:$H$7,1,C12+1) -> 4 | AX12: =INDEX(效果参数!$C$8:$H$8,1,C12+1) -> 8 | AY12: =INDEX(效果参数!$C$9:$H$9,1,C12+1) -> 0.1 | AZ12: =INDEX(效果参数!$C$10:$H$10,1,C12+1) -> 0.2 | BA12: =INDEX(效果参数!$C$11:$H$11,1,C12+1) -> 0.6 | BB12: =INDEX(效果参数!$C$12:$H$12,1,C12+1) -> 1.2 | BC12: =INDEX(效果参数!$C$13:$H$13,1,C12+1) -> 0.06 | BD12: =INDEX(效果参数!$C$14:$H$14,1,C12+1) -> 3 | BE12: =INDEX(效果参数!$C$15:$H$15,1,C12+1) -> 1 | BF12: =INDEX(效果参数!$C$16:$H$16,1,C12+1) -> 0.025 | BG12: =INDEX(效果参数!$C$17:$H$17,1,C12+1) -> 18 | BH12: =INDEX(效果参数!$C$18:$H$18,1,C12+1) -> 18 | BI12: =INDEX(效果参数!$C$19:$H$19,1,C12+1) -> 1 | BJ12: =INDEX(效果参数!$C$20:$H$20,1,C12+1) -> 1 | BK12: =INDEX(效果参数!$C$21:$H$21,1,C12+1) -> 0.2 | BL12: =INDEX(效果参数!$C$22:$H$22,1,C12+1) -> 9 | BM12: =INDEX(效果参数!$C$23:$H$23,1,C12+1) -> 20 | BN12: =INDEX(效果参数!$C$24:$H$24,1,C12+1) -> 30 | BO12: =INDEX(效果参数!$C$25:$H$25,1,C12+1) -> 1.5 | BP12: =INDEX(效果参数!$C$26:$H$26,1,C12+1) -> 0.6 | BQ12: =INDEX(效果参数!$C$27:$H$27,1,C12+1) -> 0.8 | BR12: =INDEX(效果参数!$C$28:$H$28,1,C12+1) -> 1 | BS12: =INDEX(效果参数!$C$35:$H$35,1,D12+1) -> 2.8 | BT12: =INDEX(效果参数!$C$36:$H$36,1,D12+1) -> 1.4 | BU12: =INDEX(效果参数!$C$37:$H$37,1,D12+1) -> 0.8 | BV12: =INDEX(效果参数!$C$38:$H$38,1,D12+1) -> 3 | BW12: =INDEX(效果参数!$C$39:$H$39,1,D12+1) -> 1 | BX12: =INDEX(效果参数!$C$40:$H$40,1,D12+1) -> 2 | BY12: =INDEX(效果参数!$C$41:$H$41,1,D12+1) -> 1 | BZ12: =IF(配置与结果!$H$24=1,AR12,MIN(AR12,MAX(0,配置与结果!$H$25))) -> 35 | CA12: =ROUNDDOWN(配置与结果!$B$17*(1+0.05+Y12),0) -> 2986 | CB12: =MIN(AD12,ROUNDDOWN((配置与结果!$B$16+CC12)*AC12,0)) -> 500 | CC12: =MIN(AM12,ROUNDDOWN(CA12*AL12,0)) -> 238 | CD12: =INDEX(效果参数!$C$96:$G$96,1,G12) -> 0.16 | CE12: =INDEX(效果参数!$C$42:$H$42,1,D12+1) -> 8 | CF12: =INDEX(效果参数!$C$54:$H$54,1,E12+1) -> 15 | CG12: =INDEX(效果参数!$C$55:$H$55,1,E12+1) -> 1.5 | CH12: =INDEX(效果参数!$C$106:$G$106,1,H12) -> 0.12
A13: =10 -> 10 | B13: ="37 2塑" -> 37 2塑 | C13: =配置与结果!B6 -> 0 | D13: =2 -> 2 | E13: =配置与结果!B8 -> 0 | F13: =配置与结果!B9 -> 0 | G13: =配置与结果!D6 -> 5 | H13: =配置与结果!D7 -> 1 | I13: =配置与结果!D8 -> 5 | J13: =配置与结果!D9 -> 1 | K13: =INDEX(效果参数!$C$105:$G$105,1,J13) -> 1 | L13: =AND(K13=1,INDEX(效果参数!$C$99:$G$99,1,H13)=1,INDEX(效果参数!$C$29:$H$29,1,C13+1)=1) -> TRUE | M13: =IF(AND(K13=1,L13),SUM(行动计算!AU366:AU401),"") -> 11519916 | N13: =IF(K13=1,SUMIFS(行动计算!AU366:AU401,行动计算!D366:D401,1),"") -> 3326324.9 | O13: =IF(L13,SUMIFS(行动计算!AU366:AU401,行动计算!D366:D401,2),"") -> 8193591 | P13: =IF(AND(K13=1,L13),SUMIFS(行动计算!AU366:AU401,行动计算!F366:F401,1),"") -> 9490329 | Q13: =IF(AND(K13=1,L13),SUMIFS(行动计算!AU366:AU401,行动计算!F366:F401,2),"") -> 1156054 | R13: =IF(AND(K13=1,L13),SUMIFS(行动计算!AU366:AU401,行动计算!F366:F401,3),"") -> 560761.69 | S13: =IF(AND(K13=1,L13),SUMIFS(行动计算!AU366:AU401,行动计算!F366:F401,4),"") -> 312771.16 | T13: =IF(AND(ISNUMBER(M13),ISNUMBER($M$3),$M$3>0),M13/$M$3-1,"") -> 0.31406704 | U13: =INDEX(效果参数!$C$98:$G$98,1,H13) -> 0.04 | V13: =INDEX(效果参数!$C$97:$G$97,1,G13) -> 0.06 | W13: =INDEX(效果参数!$C$101:$G$101,1,I13) -> 0.02 | X13: =INDEX(效果参数!$C$102:$G$102,1,I13) -> 0.16 | Y13: =INDEX(效果参数!$C$100:$G$100,1,I13) -> 0.1 | Z13: =INDEX(效果参数!$C$103:$G$103,1,J13) -> 0.04 | AA13: =INDEX(效果参数!$C$104:$G$104,1,J13) -> 0.004 | AB13: =INDEX(效果参数!$C$30:$H$30,1,D13+1) -> 0.6 | AC13: =INDEX(效果参数!$C$31:$H$31,1,D13+1) -> 0.2 | AD13: =INDEX(效果参数!$C$32:$H$32,1,D13+1) -> 500 | AE13: =INDEX(效果参数!$C$33:$H$33,1,D13+1) -> 0.7 | AF13: =INDEX(效果参数!$C$34:$H$34,1,D13+1) -> 0.6 | AG13: =INDEX(效果参数!$C$43:$H$43,1,E13+1) -> 0.3 | AH13: =INDEX(效果参数!$C$44:$H$44,1,E13+1) -> 0.04 | AI13: =INDEX(效果参数!$C$45:$H$45,1,E13+1) -> 5 | AJ13: =INDEX(效果参数!$C$46:$H$46,1,E13+1) -> 1 | AK13: =INDEX(效果参数!$C$47:$H$47,1,E13+1) -> 2 | AL13: =INDEX(效果参数!$C$48:$H$48,1,E13+1) -> 0.08 | AM13: =INDEX(效果参数!$C$49:$H$49,1,E13+1) -> 250 | AN13: =INDEX(效果参数!$C$50:$H$50,1,E13+1) -> 0.15 | AO13: =INDEX(效果参数!$C$51:$H$51,1,E13+1) -> 0.15 | AP13: =INDEX(效果参数!$C$52:$H$52,1,E13+1) -> 0.15 | AQ13: =INDEX(效果参数!$C$53:$H$53,1,E13+1) -> 0.15 | AR13: =INDEX(效果参数!$C$56:$H$56,1,F13+1) -> 35 | AS13: =INDEX(效果参数!$C$57:$H$57,1,F13+1) -> 0.01 | AT13: =INDEX(效果参数!$C$58:$H$58,1,F13+1) -> 7 | AU13: =INDEX(效果参数!$C$59:$H$59,1,F13+1) -> 0.5 | AV13: =INDEX(效果参数!$C$6:$H$6,1,C13+1) -> 2 | AW13: =INDEX(效果参数!$C$7:$H$7,1,C13+1) -> 4 | AX13: =INDEX(效果参数!$C$8:$H$8,1,C13+1) -> 8 | AY13: =INDEX(效果参数!$C$9:$H$9,1,C13+1) -> 0.1 | AZ13: =INDEX(效果参数!$C$10:$H$10,1,C13+1) -> 0.2 | BA13: =INDEX(效果参数!$C$11:$H$11,1,C13+1) -> 0.6 | BB13: =INDEX(效果参数!$C$12:$H$12,1,C13+1) -> 1.2 | BC13: =INDEX(效果参数!$C$13:$H$13,1,C13+1) -> 0.06 | BD13: =INDEX(效果参数!$C$14:$H$14,1,C13+1) -> 3 | BE13: =INDEX(效果参数!$C$15:$H$15,1,C13+1) -> 1 | BF13: =INDEX(效果参数!$C$16:$H$16,1,C13+1) -> 0.025 | BG13: =INDEX(效果参数!$C$17:$H$17,1,C13+1) -> 18 | BH13: =INDEX(效果参数!$C$18:$H$18,1,C13+1) -> 18 | BI13: =INDEX(效果参数!$C$19:$H$19,1,C13+1) -> 1 | BJ13: =INDEX(效果参数!$C$20:$H$20,1,C13+1) -> 1 | BK13: =INDEX(效果参数!$C$21:$H$21,1,C13+1) -> 0.2 | BL13: =INDEX(效果参数!$C$22:$H$22,1,C13+1) -> 9 | BM13: =INDEX(效果参数!$C$23:$H$23,1,C13+1) -> 20 | BN13: =INDEX(效果参数!$C$24:$H$24,1,C13+1) -> 30 | BO13: =INDEX(效果参数!$C$25:$H$25,1,C13+1) -> 1.5 | BP13: =INDEX(效果参数!$C$26:$H$26,1,C13+1) -> 0.6 | BQ13: =INDEX(效果参数!$C$27:$H$27,1,C13+1) -> 0.8 | BR13: =INDEX(效果参数!$C$28:$H$28,1,C13+1) -> 1 | BS13: =INDEX(效果参数!$C$35:$H$35,1,D13+1) -> 2.8 | BT13: =INDEX(效果参数!$C$36:$H$36,1,D13+1) -> 1.4 | BU13: =INDEX(效果参数!$C$37:$H$37,1,D13+1) -> 0.8 | BV13: =INDEX(效果参数!$C$38:$H$38,1,D13+1) -> 4.5 | BW13: =INDEX(效果参数!$C$39:$H$39,1,D13+1) -> 1.5 | BX13: =INDEX(效果参数!$C$40:$H$40,1,D13+1) -> 2 | BY13: =INDEX(效果参数!$C$41:$H$41,1,D13+1) -> 1 | BZ13: =IF(配置与结果!$H$24=1,AR13,MIN(AR13,MAX(0,配置与结果!$H$25))) -> 35 | CA13: =ROUNDDOWN(配置与结果!$B$17*(1+0.05+Y13),0) -> 2986 | CB13: =MIN(AD13,ROUNDDOWN((配置与结果!$B$16+CC13)*AC13,0)) -> 500 | CC13: =MIN(AM13,ROUNDDOWN(CA13*AL13,0)) -> 238 | CD13: =INDEX(效果参数!$C$96:$G$96,1,G13) -> 0.16 | CE13: =INDEX(效果参数!$C$42:$H$42,1,D13+1) -> 9 | CF13: =INDEX(效果参数!$C$54:$H$54,1,E13+1) -> 15 | CG13: =INDEX(效果参数!$C$55:$H$55,1,E13+1) -> 1.5 | CH13: =INDEX(效果参数!$C$106:$G$106,1,H13) -> 0.12
A14: =11 -> 11 | B14: ="37 3塑" -> 37 3塑 | C14: =配置与结果!B6 -> 0 | D14: =3 -> 3 | E14: =配置与结果!B8 -> 0 | F14: =配置与结果!B9 -> 0 | G14: =配置与结果!D6 -> 5 | H14: =配置与结果!D7 -> 1 | I14: =配置与结果!D8 -> 5 | J14: =配置与结果!D9 -> 1 | K14: =INDEX(效果参数!$C$105:$G$105,1,J14) -> 1 | L14: =AND(K14=1,INDEX(效果参数!$C$99:$G$99,1,H14)=1,INDEX(效果参数!$C$29:$H$29,1,C14+1)=1) -> TRUE | M14: =IF(AND(K14=1,L14),SUM(行动计算!AU402:AU437),"") -> 12114966 | N14: =IF(K14=1,SUMIFS(行动计算!AU402:AU437,行动计算!D402:D437,1),"") -> 3479932.3 | O14: =IF(L14,SUMIFS(行动计算!AU402:AU437,行动计算!D402:D437,2),"") -> 8635034 | P14: =IF(AND(K14=1,L14),SUMIFS(行动计算!AU402:AU437,行动计算!F402:F437,1),"") -> 10003442 | Q14: =IF(AND(K14=1,L14),SUMIFS(行动计算!AU402:AU437,行动计算!F402:F437,2),"") -> 1211568 | R14: =IF(AND(K14=1,L14),SUMIFS(行动计算!AU402:AU437,行动计算!F402:F437,3),"") -> 574085.44 | S14: =IF(AND(K14=1,L14),SUMIFS(行动计算!AU402:AU437,行动计算!F402:F437,4),"") -> 325870.86 | T14: =IF(AND(ISNUMBER(M14),ISNUMBER($M$3),$M$3>0),M14/$M$3-1,"") -> 0.38194394 | U14: =INDEX(效果参数!$C$98:$G$98,1,H14) -> 0.04 | V14: =INDEX(效果参数!$C$97:$G$97,1,G14) -> 0.06 | W14: =INDEX(效果参数!$C$101:$G$101,1,I14) -> 0.02 | X14: =INDEX(效果参数!$C$102:$G$102,1,I14) -> 0.16 | Y14: =INDEX(效果参数!$C$100:$G$100,1,I14) -> 0.1 | Z14: =INDEX(效果参数!$C$103:$G$103,1,J14) -> 0.04 | AA14: =INDEX(效果参数!$C$104:$G$104,1,J14) -> 0.004 | AB14: =INDEX(效果参数!$C$30:$H$30,1,D14+1) -> 0.6 | AC14: =INDEX(效果参数!$C$31:$H$31,1,D14+1) -> 0.24 | AD14: =INDEX(效果参数!$C$32:$H$32,1,D14+1) -> 600 | AE14: =INDEX(效果参数!$C$33:$H$33,1,D14+1) -> 0.7 | AF14: =INDEX(效果参数!$C$34:$H$34,1,D14+1) -> 0.6 | AG14: =INDEX(效果参数!$C$43:$H$43,1,E14+1) -> 0.3 | AH14: =INDEX(效果参数!$C$44:$H$44,1,E14+1) -> 0.04 | AI14: =INDEX(效果参数!$C$45:$H$45,1,E14+1) -> 5 | AJ14: =INDEX(效果参数!$C$46:$H$46,1,E14+1) -> 1 | AK14: =INDEX(效果参数!$C$47:$H$47,1,E14+1) -> 2 | AL14: =INDEX(效果参数!$C$48:$H$48,1,E14+1) -> 0.08 | AM14: =INDEX(效果参数!$C$49:$H$49,1,E14+1) -> 250 | AN14: =INDEX(效果参数!$C$50:$H$50,1,E14+1) -> 0.15 | AO14: =INDEX(效果参数!$C$51:$H$51,1,E14+1) -> 0.15 | AP14: =INDEX(效果参数!$C$52:$H$52,1,E14+1) -> 0.15 | AQ14: =INDEX(效果参数!$C$53:$H$53,1,E14+1) -> 0.15 | AR14: =INDEX(效果参数!$C$56:$H$56,1,F14+1) -> 35 | AS14: =INDEX(效果参数!$C$57:$H$57,1,F14+1) -> 0.01 | AT14: =INDEX(效果参数!$C$58:$H$58,1,F14+1) -> 7 | AU14: =INDEX(效果参数!$C$59:$H$59,1,F14+1) -> 0.5 | AV14: =INDEX(效果参数!$C$6:$H$6,1,C14+1) -> 2 | AW14: =INDEX(效果参数!$C$7:$H$7,1,C14+1) -> 4 | AX14: =INDEX(效果参数!$C$8:$H$8,1,C14+1) -> 8 | AY14: =INDEX(效果参数!$C$9:$H$9,1,C14+1) -> 0.1 | AZ14: =INDEX(效果参数!$C$10:$H$10,1,C14+1) -> 0.2 | BA14: =INDEX(效果参数!$C$11:$H$11,1,C14+1) -> 0.6 | BB14: =INDEX(效果参数!$C$12:$H$12,1,C14+1) -> 1.2 | BC14: =INDEX(效果参数!$C$13:$H$13,1,C14+1) -> 0.06 | BD14: =INDEX(效果参数!$C$14:$H$14,1,C14+1) -> 3 | BE14: =INDEX(效果参数!$C$15:$H$15,1,C14+1) -> 1 | BF14: =INDEX(效果参数!$C$16:$H$16,1,C14+1) -> 0.025 | BG14: =INDEX(效果参数!$C$17:$H$17,1,C14+1) -> 18 | BH14: =INDEX(效果参数!$C$18:$H$18,1,C14+1) -> 18 | BI14: =INDEX(效果参数!$C$19:$H$19,1,C14+1) -> 1 | BJ14: =INDEX(效果参数!$C$20:$H$20,1,C14+1) -> 1 | BK14: =INDEX(效果参数!$C$21:$H$21,1,C14+1) -> 0.2 | BL14: =INDEX(效果参数!$C$22:$H$22,1,C14+1) -> 9 | BM14: =INDEX(效果参数!$C$23:$H$23,1,C14+1) -> 20 | BN14: =INDEX(效果参数!$C$24:$H$24,1,C14+1) -> 30 | BO14: =INDEX(效果参数!$C$25:$H$25,1,C14+1) -> 1.5 | BP14: =INDEX(效果参数!$C$26:$H$26,1,C14+1) -> 0.6 | BQ14: =INDEX(效果参数!$C$27:$H$27,1,C14+1) -> 0.8 | BR14: =INDEX(效果参数!$C$28:$H$28,1,C14+1) -> 1 | BS14: =INDEX(效果参数!$C$35:$H$35,1,D14+1) -> 3 | BT14: =INDEX(效果参数!$C$36:$H$36,1,D14+1) -> 1.6 | BU14: =INDEX(效果参数!$C$37:$H$37,1,D14+1) -> 1 | BV14: =INDEX(效果参数!$C$38:$H$38,1,D14+1) -> 4.5 | BW14: =INDEX(效果参数!$C$39:$H$39,1,D14+1) -> 1.5 | BX14: =INDEX(效果参数!$C$40:$H$40,1,D14+1) -> 3 | BY14: =INDEX(效果参数!$C$41:$H$41,1,D14+1) -> 1 | BZ14: =IF(配置与结果!$H$24=1,AR14,MIN(AR14,MAX(0,配置与结果!$H$25))) -> 35 | CA14: =ROUNDDOWN(配置与结果!$B$17*(1+0.05+Y14),0) -> 2986 | CB14: =MIN(AD14,ROUNDDOWN((配置与结果!$B$16+CC14)*AC14,0)) -> 600 | CC14: =MIN(AM14,ROUNDDOWN(CA14*AL14,0)) -> 238 | CD14: =INDEX(效果参数!$C$96:$G$96,1,G14) -> 0.16 | CE14: =INDEX(效果参数!$C$42:$H$42,1,D14+1) -> 9 | CF14: =INDEX(效果参数!$C$54:$H$54,1,E14+1) -> 15 | CG14: =INDEX(效果参数!$C$55:$H$55,1,E14+1) -> 1.5 | CH14: =INDEX(效果参数!$C$106:$G$106,1,H14) -> 0.12
A15: =12 -> 12 | B15: ="37 4塑" -> 37 4塑 | C15: =配置与结果!B6 -> 0 | D15: =4 -> 4 | E15: =配置与结果!B8 -> 0 | F15: =配置与结果!B9 -> 0 | G15: =配置与结果!D6 -> 5 | H15: =配置与结果!D7 -> 1 | I15: =配置与结果!D8 -> 5 | J15: =配置与结果!D9 -> 1 | K15: =INDEX(效果参数!$C$105:$G$105,1,J15) -> 1 | L15: =AND(K15=1,INDEX(效果参数!$C$99:$G$99,1,H15)=1,INDEX(效果参数!$C$29:$H$29,1,C15+1)=1) -> TRUE | M15: =IF(AND(K15=1,L15),SUM(行动计算!AU438:AU473),"") -> 12216608 | N15: =IF(K15=1,SUMIFS(行动计算!AU438:AU473,行动计算!D438:D473,1),"") -> 3581574.3 | O15: =IF(L15,SUMIFS(行动计算!AU438:AU473,行动计算!D438:D473,2),"") -> 8635034 | P15: =IF(AND(K15=1,L15),SUMIFS(行动计算!AU438:AU473,行动计算!F438:F473,1),"") -> 10003442 | Q15: =IF(AND(K15=1,L15),SUMIFS(行动计算!AU438:AU473,行动计算!F438:F473,2),"") -> 1313210 | R15: =IF(AND(K15=1,L15),SUMIFS(行动计算!AU438:AU473,行动计算!F438:F473,3),"") -> 574085.44 | S15: =IF(AND(K15=1,L15),SUMIFS(行动计算!AU438:AU473,行动计算!F438:F473,4),"") -> 325870.86 | T15: =IF(AND(ISNUMBER(M15),ISNUMBER($M$3),$M$3>0),M15/$M$3-1,"") -> 0.39353816 | U15: =INDEX(效果参数!$C$98:$G$98,1,H15) -> 0.04 | V15: =INDEX(效果参数!$C$97:$G$97,1,G15) -> 0.06 | W15: =INDEX(效果参数!$C$101:$G$101,1,I15) -> 0.02 | X15: =INDEX(效果参数!$C$102:$G$102,1,I15) -> 0.16 | Y15: =INDEX(效果参数!$C$100:$G$100,1,I15) -> 0.1 | Z15: =INDEX(效果参数!$C$103:$G$103,1,J15) -> 0.04 | AA15: =INDEX(效果参数!$C$104:$G$104,1,J15) -> 0.004 | AB15: =INDEX(效果参数!$C$30:$H$30,1,D15+1) -> 0.6 | AC15: =INDEX(效果参数!$C$31:$H$31,1,D15+1) -> 0.24 | AD15: =INDEX(效果参数!$C$32:$H$32,1,D15+1) -> 600 | AE15: =INDEX(效果参数!$C$33:$H$33,1,D15+1) -> 0.7 | AF15: =INDEX(效果参数!$C$34:$H$34,1,D15+1) -> 0.6 | AG15: =INDEX(效果参数!$C$43:$H$43,1,E15+1) -> 0.3 | AH15: =INDEX(效果参数!$C$44:$H$44,1,E15+1) -> 0.04 | AI15: =INDEX(效果参数!$C$45:$H$45,1,E15+1) -> 5 | AJ15: =INDEX(效果参数!$C$46:$H$46,1,E15+1) -> 1 | AK15: =INDEX(效果参数!$C$47:$H$47,1,E15+1) -> 2 | AL15: =INDEX(效果参数!$C$48:$H$48,1,E15+1) -> 0.08 | AM15: =INDEX(效果参数!$C$49:$H$49,1,E15+1) -> 250 | AN15: =INDEX(效果参数!$C$50:$H$50,1,E15+1) -> 0.15 | AO15: =INDEX(效果参数!$C$51:$H$51,1,E15+1) -> 0.15 | AP15: =INDEX(效果参数!$C$52:$H$52,1,E15+1) -> 0.15 | AQ15: =INDEX(效果参数!$C$53:$H$53,1,E15+1) -> 0.15 | AR15: =INDEX(效果参数!$C$56:$H$56,1,F15+1) -> 35 | AS15: =INDEX(效果参数!$C$57:$H$57,1,F15+1) -> 0.01 | AT15: =INDEX(效果参数!$C$58:$H$58,1,F15+1) -> 7 | AU15: =INDEX(效果参数!$C$59:$H$59,1,F15+1) -> 0.5 | AV15: =INDEX(效果参数!$C$6:$H$6,1,C15+1) -> 2 | AW15: =INDEX(效果参数!$C$7:$H$7,1,C15+1) -> 4 | AX15: =INDEX(效果参数!$C$8:$H$8,1,C15+1) -> 8 | AY15: =INDEX(效果参数!$C$9:$H$9,1,C15+1) -> 0.1 | AZ15: =INDEX(效果参数!$C$10:$H$10,1,C15+1) -> 0.2 | BA15: =INDEX(效果参数!$C$11:$H$11,1,C15+1) -> 0.6 | BB15: =INDEX(效果参数!$C$12:$H$12,1,C15+1) -> 1.2 | BC15: =INDEX(效果参数!$C$13:$H$13,1,C15+1) -> 0.06 | BD15: =INDEX(效果参数!$C$14:$H$14,1,C15+1) -> 3 | BE15: =INDEX(效果参数!$C$15:$H$15,1,C15+1) -> 1 | BF15: =INDEX(效果参数!$C$16:$H$16,1,C15+1) -> 0.025 | BG15: =INDEX(效果参数!$C$17:$H$17,1,C15+1) -> 18 | BH15: =INDEX(效果参数!$C$18:$H$18,1,C15+1) -> 18 | BI15: =INDEX(效果参数!$C$19:$H$19,1,C15+1) -> 1 | BJ15: =INDEX(效果参数!$C$20:$H$20,1,C15+1) -> 1 | BK15: =INDEX(效果参数!$C$21:$H$21,1,C15+1) -> 0.2 | BL15: =INDEX(效果参数!$C$22:$H$22,1,C15+1) -> 9 | BM15: =INDEX(效果参数!$C$23:$H$23,1,C15+1) -> 20 | BN15: =INDEX(效果参数!$C$24:$H$24,1,C15+1) -> 30 | BO15: =INDEX(效果参数!$C$25:$H$25,1,C15+1) -> 1.5 | BP15: =INDEX(效果参数!$C$26:$H$26,1,C15+1) -> 0.6 | BQ15: =INDEX(效果参数!$C$27:$H$27,1,C15+1) -> 0.8 | BR15: =INDEX(效果参数!$C$28:$H$28,1,C15+1) -> 1 | BS15: =INDEX(效果参数!$C$35:$H$35,1,D15+1) -> 3 | BT15: =INDEX(效果参数!$C$36:$H$36,1,D15+1) -> 1.6 | BU15: =INDEX(效果参数!$C$37:$H$37,1,D15+1) -> 1 | BV15: =INDEX(效果参数!$C$38:$H$38,1,D15+1) -> 6 | BW15: =INDEX(效果参数!$C$39:$H$39,1,D15+1) -> 2 | BX15: =INDEX(效果参数!$C$40:$H$40,1,D15+1) -> 3 | BY15: =INDEX(效果参数!$C$41:$H$41,1,D15+1) -> 2 | BZ15: =IF(配置与结果!$H$24=1,AR15,MIN(AR15,MAX(0,配置与结果!$H$25))) -> 35 | CA15: =ROUNDDOWN(配置与结果!$B$17*(1+0.05+Y15),0) -> 2986 | CB15: =MIN(AD15,ROUNDDOWN((配置与结果!$B$16+CC15)*AC15,0)) -> 600 | CC15: =MIN(AM15,ROUNDDOWN(CA15*AL15,0)) -> 238 | CD15: =INDEX(效果参数!$C$96:$G$96,1,G15) -> 0.16 | CE15: =INDEX(效果参数!$C$42:$H$42,1,D15+1) -> 9 | CF15: =INDEX(效果参数!$C$54:$H$54,1,E15+1) -> 15 | CG15: =INDEX(效果参数!$C$55:$H$55,1,E15+1) -> 1.5 | CH15: =INDEX(效果参数!$C$106:$G$106,1,H15) -> 0.12
A16: =13 -> 13 | B16: ="37 5塑" -> 37 5塑 | C16: =配置与结果!B6 -> 0 | D16: =5 -> 5 | E16: =配置与结果!B8 -> 0 | F16: =配置与结果!B9 -> 0 | G16: =配置与结果!D6 -> 5 | H16: =配置与结果!D7 -> 1 | I16: =配置与结果!D8 -> 5 | J16: =配置与结果!D9 -> 1 | K16: =INDEX(效果参数!$C$105:$G$105,1,J16) -> 1 | L16: =AND(K16=1,INDEX(效果参数!$C$99:$G$99,1,H16)=1,INDEX(效果参数!$C$29:$H$29,1,C16+1)=1) -> TRUE | M16: =IF(AND(K16=1,L16),SUM(行动计算!AU474:AU509),"") -> 15496514 | N16: =IF(K16=1,SUMIFS(行动计算!AU474:AU509,行动计算!D474:D509,1),"") -> 3581574.3 | O16: =IF(L16,SUMIFS(行动计算!AU474:AU509,行动计算!D474:D509,2),"") -> 11914940 | P16: =IF(AND(K16=1,L16),SUMIFS(行动计算!AU474:AU509,行动计算!F474:F509,1),"") -> 12782441 | Q16: =IF(AND(K16=1,L16),SUMIFS(行动计算!AU474:AU509,行动计算!F474:F509,2),"") -> 1814117 | R16: =IF(AND(K16=1,L16),SUMIFS(行动计算!AU474:AU509,行动计算!F474:F509,3),"") -> 574085.44 | S16: =IF(AND(K16=1,L16),SUMIFS(行动计算!AU474:AU509,行动计算!F474:F509,4),"") -> 325870.86 | T16: =IF(AND(ISNUMBER(M16),ISNUMBER($M$3),$M$3>0),M16/$M$3-1,"") -> 0.76767426 | U16: =INDEX(效果参数!$C$98:$G$98,1,H16) -> 0.04 | V16: =INDEX(效果参数!$C$97:$G$97,1,G16) -> 0.06 | W16: =INDEX(效果参数!$C$101:$G$101,1,I16) -> 0.02 | X16: =INDEX(效果参数!$C$102:$G$102,1,I16) -> 0.16 | Y16: =INDEX(效果参数!$C$100:$G$100,1,I16) -> 0.1 | Z16: =INDEX(效果参数!$C$103:$G$103,1,J16) -> 0.04 | AA16: =INDEX(效果参数!$C$104:$G$104,1,J16) -> 0.004 | AB16: =INDEX(效果参数!$C$30:$H$30,1,D16+1) -> 0.6 | AC16: =INDEX(效果参数!$C$31:$H$31,1,D16+1) -> 0.24 | AD16: =INDEX(效果参数!$C$32:$H$32,1,D16+1) -> 600 | AE16: =INDEX(效果参数!$C$33:$H$33,1,D16+1) -> 1 | AF16: =INDEX(效果参数!$C$34:$H$34,1,D16+1) -> 0.8 | AG16: =INDEX(效果参数!$C$43:$H$43,1,E16+1) -> 0.3 | AH16: =INDEX(效果参数!$C$44:$H$44,1,E16+1) -> 0.04 | AI16: =INDEX(效果参数!$C$45:$H$45,1,E16+1) -> 5 | AJ16: =INDEX(效果参数!$C$46:$H$46,1,E16+1) -> 1 | AK16: =INDEX(效果参数!$C$47:$H$47,1,E16+1) -> 2 | AL16: =INDEX(效果参数!$C$48:$H$48,1,E16+1) -> 0.08 | AM16: =INDEX(效果参数!$C$49:$H$49,1,E16+1) -> 250 | AN16: =INDEX(效果参数!$C$50:$H$50,1,E16+1) -> 0.15 | AO16: =INDEX(效果参数!$C$51:$H$51,1,E16+1) -> 0.15 | AP16: =INDEX(效果参数!$C$52:$H$52,1,E16+1) -> 0.15 | AQ16: =INDEX(效果参数!$C$53:$H$53,1,E16+1) -> 0.15 | AR16: =INDEX(效果参数!$C$56:$H$56,1,F16+1) -> 35 | AS16: =INDEX(效果参数!$C$57:$H$57,1,F16+1) -> 0.01 | AT16: =INDEX(效果参数!$C$58:$H$58,1,F16+1) -> 7 | AU16: =INDEX(效果参数!$C$59:$H$59,1,F16+1) -> 0.5 | AV16: =INDEX(效果参数!$C$6:$H$6,1,C16+1) -> 2 | AW16: =INDEX(效果参数!$C$7:$H$7,1,C16+1) -> 4 | AX16: =INDEX(效果参数!$C$8:$H$8,1,C16+1) -> 8 | AY16: =INDEX(效果参数!$C$9:$H$9,1,C16+1) -> 0.1 | AZ16: =INDEX(效果参数!$C$10:$H$10,1,C16+1) -> 0.2 | BA16: =INDEX(效果参数!$C$11:$H$11,1,C16+1) -> 0.6 | BB16: =INDEX(效果参数!$C$12:$H$12,1,C16+1) -> 1.2 | BC16: =INDEX(效果参数!$C$13:$H$13,1,C16+1) -> 0.06 | BD16: =INDEX(效果参数!$C$14:$H$14,1,C16+1) -> 3 | BE16: =INDEX(效果参数!$C$15:$H$15,1,C16+1) -> 1 | BF16: =INDEX(效果参数!$C$16:$H$16,1,C16+1) -> 0.025 | BG16: =INDEX(效果参数!$C$17:$H$17,1,C16+1) -> 18 | BH16: =INDEX(效果参数!$C$18:$H$18,1,C16+1) -> 18 | BI16: =INDEX(效果参数!$C$19:$H$19,1,C16+1) -> 1 | BJ16: =INDEX(效果参数!$C$20:$H$20,1,C16+1) -> 1 | BK16: =INDEX(效果参数!$C$21:$H$21,1,C16+1) -> 0.2 | BL16: =INDEX(效果参数!$C$22:$H$22,1,C16+1) -> 9 | BM16: =INDEX(效果参数!$C$23:$H$23,1,C16+1) -> 20 | BN16: =INDEX(效果参数!$C$24:$H$24,1,C16+1) -> 30 | BO16: =INDEX(效果参数!$C$25:$H$25,1,C16+1) -> 1.5 | BP16: =INDEX(效果参数!$C$26:$H$26,1,C16+1) -> 0.6 | BQ16: =INDEX(效果参数!$C$27:$H$27,1,C16+1) -> 0.8 | BR16: =INDEX(效果参数!$C$28:$H$28,1,C16+1) -> 1 | BS16: =INDEX(效果参数!$C$35:$H$35,1,D16+1) -> 3 | BT16: =INDEX(效果参数!$C$36:$H$36,1,D16+1) -> 1.6 | BU16: =INDEX(效果参数!$C$37:$H$37,1,D16+1) -> 1 | BV16: =INDEX(效果参数!$C$38:$H$38,1,D16+1) -> 6 | BW16: =INDEX(效果参数!$C$39:$H$39,1,D16+1) -> 2 | BX16: =INDEX(效果参数!$C$40:$H$40,1,D16+1) -> 3 | BY16: =INDEX(效果参数!$C$41:$H$41,1,D16+1) -> 2 | BZ16: =IF(配置与结果!$H$24=1,AR16,MIN(AR16,MAX(0,配置与结果!$H$25))) -> 35 | CA16: =ROUNDDOWN(配置与结果!$B$17*(1+0.05+Y16),0) -> 2986 | CB16: =MIN(AD16,ROUNDDOWN((配置与结果!$B$16+CC16)*AC16,0)) -> 600 | CC16: =MIN(AM16,ROUNDDOWN(CA16*AL16,0)) -> 238 | CD16: =INDEX(效果参数!$C$96:$G$96,1,G16) -> 0.16 | CE16: =INDEX(效果参数!$C$42:$H$42,1,D16+1) -> 10 | CF16: =INDEX(效果参数!$C$54:$H$54,1,E16+1) -> 15 | CG16: =INDEX(效果参数!$C$55:$H$55,1,E16+1) -> 1.5 | CH16: =INDEX(效果参数!$C$106:$G$106,1,H16) -> 0.12
A17: =14 -> 14 | B17: ="小瑞安侬 0塑" -> 小瑞安侬 0塑 | C17: =配置与结果!B6 -> 0 | D17: =配置与结果!B7 -> 0 | E17: =0 -> 0 | F17: =配置与结果!B9 -> 0 | G17: =配置与结果!D6 -> 5 | H17: =配置与结果!D7 -> 1 | I17: =配置与结果!D8 -> 5 | J17: =配置与结果!D9 -> 1 | K17: =INDEX(效果参数!$C$105:$G$105,1,J17) -> 1 | L17: =AND(K17=1,INDEX(效果参数!$C$99:$G$99,1,H17)=1,INDEX(效果参数!$C$29:$H$29,1,C17+1)=1) -> TRUE | M17: =IF(AND(K17=1,L17),SUM(行动计算!AU510:AU545),"") -> 8766612 | N17: =IF(K17=1,SUMIFS(行动计算!AU510:AU545,行动计算!D510:D545,1),"") -> 3133250.7 | O17: =IF(L17,SUMIFS(行动计算!AU510:AU545,行动计算!D510:D545,2),"") -> 5633361.3 | P17: =IF(AND(K17=1,L17),SUMIFS(行动计算!AU510:AU545,行动计算!F510:F545,1),"") -> 7363386 | Q17: =IF(AND(K17=1,L17),SUMIFS(行动计算!AU510:AU545,行动计算!F510:F545,2),"") -> 642844.12 | R17: =IF(AND(K17=1,L17),SUMIFS(行动计算!AU510:AU545,行动计算!F510:F545,3),"") -> 489818.29 | S17: =IF(AND(K17=1,L17),SUMIFS(行动计算!AU510:AU545,行动计算!F510:F545,4),"") -> 270563.56 | T17: =IF(AND(ISNUMBER(M17),ISNUMBER($M$3),$M$3>0),M17/$M$3-1,"") -> 0 | U17: =INDEX(效果参数!$C$98:$G$98,1,H17) -> 0.04 | V17: =INDEX(效果参数!$C$97:$G$97,1,G17) -> 0.06 | W17: =INDEX(效果参数!$C$101:$G$101,1,I17) -> 0.02 | X17: =INDEX(效果参数!$C$102:$G$102,1,I17) -> 0.16 | Y17: =INDEX(效果参数!$C$100:$G$100,1,I17) -> 0.1 | Z17: =INDEX(效果参数!$C$103:$G$103,1,J17) -> 0.04 | AA17: =INDEX(效果参数!$C$104:$G$104,1,J17) -> 0.004 | AB17: =INDEX(效果参数!$C$30:$H$30,1,D17+1) -> 0.3 | AC17: =INDEX(效果参数!$C$31:$H$31,1,D17+1) -> 0.2 | AD17: =INDEX(效果参数!$C$32:$H$32,1,D17+1) -> 500 | AE17: =INDEX(效果参数!$C$33:$H$33,1,D17+1) -> 0.4 | AF17: =INDEX(效果参数!$C$34:$H$34,1,D17+1) -> 0.4 | AG17: =INDEX(效果参数!$C$43:$H$43,1,E17+1) -> 0.3 | AH17: =INDEX(效果参数!$C$44:$H$44,1,E17+1) -> 0.04 | AI17: =INDEX(效果参数!$C$45:$H$45,1,E17+1) -> 5 | AJ17: =INDEX(效果参数!$C$46:$H$46,1,E17+1) -> 1 | AK17: =INDEX(效果参数!$C$47:$H$47,1,E17+1) -> 2 | AL17: =INDEX(效果参数!$C$48:$H$48,1,E17+1) -> 0.08 | AM17: =INDEX(效果参数!$C$49:$H$49,1,E17+1) -> 250 | AN17: =INDEX(效果参数!$C$50:$H$50,1,E17+1) -> 0.15 | AO17: =INDEX(效果参数!$C$51:$H$51,1,E17+1) -> 0.15 | AP17: =INDEX(效果参数!$C$52:$H$52,1,E17+1) -> 0.15 | AQ17: =INDEX(效果参数!$C$53:$H$53,1,E17+1) -> 0.15 | AR17: =INDEX(效果参数!$C$56:$H$56,1,F17+1) -> 35 | AS17: =INDEX(效果参数!$C$57:$H$57,1,F17+1) -> 0.01 | AT17: =INDEX(效果参数!$C$58:$H$58,1,F17+1) -> 7 | AU17: =INDEX(效果参数!$C$59:$H$59,1,F17+1) -> 0.5 | AV17: =INDEX(效果参数!$C$6:$H$6,1,C17+1) -> 2 | AW17: =INDEX(效果参数!$C$7:$H$7,1,C17+1) -> 4 | AX17: =INDEX(效果参数!$C$8:$H$8,1,C17+1) -> 8 | AY17: =INDEX(效果参数!$C$9:$H$9,1,C17+1) -> 0.1 | AZ17: =INDEX(效果参数!$C$10:$H$10,1,C17+1) -> 0.2 | BA17: =INDEX(效果参数!$C$11:$H$11,1,C17+1) -> 0.6 | BB17: =INDEX(效果参数!$C$12:$H$12,1,C17+1) -> 1.2 | BC17: =INDEX(效果参数!$C$13:$H$13,1,C17+1) -> 0.06 | BD17: =INDEX(效果参数!$C$14:$H$14,1,C17+1) -> 3 | BE17: =INDEX(效果参数!$C$15:$H$15,1,C17+1) -> 1 | BF17: =INDEX(效果参数!$C$16:$H$16,1,C17+1) -> 0.025 | BG17: =INDEX(效果参数!$C$17:$H$17,1,C17+1) -> 18 | BH17: =INDEX(效果参数!$C$18:$H$18,1,C17+1) -> 18 | BI17: =INDEX(效果参数!$C$19:$H$19,1,C17+1) -> 1 | BJ17: =INDEX(效果参数!$C$20:$H$20,1,C17+1) -> 1 | BK17: =INDEX(效果参数!$C$21:$H$21,1,C17+1) -> 0.2 | BL17: =INDEX(效果参数!$C$22:$H$22,1,C17+1) -> 9 | BM17: =INDEX(效果参数!$C$23:$H$23,1,C17+1) -> 20 | BN17: =INDEX(效果参数!$C$24:$H$24,1,C17+1) -> 30 | BO17: =INDEX(效果参数!$C$25:$H$25,1,C17+1) -> 1.5 | BP17: =INDEX(效果参数!$C$26:$H$26,1,C17+1) -> 0.6 | BQ17: =INDEX(效果参数!$C$27:$H$27,1,C17+1) -> 0.8 | BR17: =INDEX(效果参数!$C$28:$H$28,1,C17+1) -> 1 | BS17: =INDEX(效果参数!$C$35:$H$35,1,D17+1) -> 2.8 | BT17: =INDEX(效果参数!$C$36:$H$36,1,D17+1) -> 1.4 | BU17: =INDEX(效果参数!$C$37:$H$37,1,D17+1) -> 0.8 | BV17: =INDEX(效果参数!$C$38:$H$38,1,D17+1) -> 3 | BW17: =INDEX(效果参数!$C$39:$H$39,1,D17+1) -> 1 | BX17: =INDEX(效果参数!$C$40:$H$40,1,D17+1) -> 2 | BY17: =INDEX(效果参数!$C$41:$H$41,1,D17+1) -> 1 | BZ17: =IF(配置与结果!$H$24=1,AR17,MIN(AR17,MAX(0,配置与结果!$H$25))) -> 35 | CA17: =ROUNDDOWN(配置与结果!$B$17*(1+0.05+Y17),0) -> 2986 | CB17: =MIN(AD17,ROUNDDOWN((配置与结果!$B$16+CC17)*AC17,0)) -> 500 | CC17: =MIN(AM17,ROUNDDOWN(CA17*AL17,0)) -> 238 | CD17: =INDEX(效果参数!$C$96:$G$96,1,G17) -> 0.16 | CE17: =INDEX(效果参数!$C$42:$H$42,1,D17+1) -> 8 | CF17: =INDEX(效果参数!$C$54:$H$54,1,E17+1) -> 15 | CG17: =INDEX(效果参数!$C$55:$H$55,1,E17+1) -> 1.5 | CH17: =INDEX(效果参数!$C$106:$G$106,1,H17) -> 0.12
A18: =15 -> 15 | B18: ="小瑞安侬 1塑" -> 小瑞安侬 1塑 | C18: =配置与结果!B6 -> 0 | D18: =配置与结果!B7 -> 0 | E18: =1 -> 1 | F18: =配置与结果!B9 -> 0 | G18: =配置与结果!D6 -> 5 | H18: =配置与结果!D7 -> 1 | I18: =配置与结果!D8 -> 5 | J18: =配置与结果!D9 -> 1 | K18: =INDEX(效果参数!$C$105:$G$105,1,J18) -> 1 | L18: =AND(K18=1,INDEX(效果参数!$C$99:$G$99,1,H18)=1,INDEX(效果参数!$C$29:$H$29,1,C18+1)=1) -> TRUE | M18: =IF(AND(K18=1,L18),SUM(行动计算!AU546:AU581),"") -> 8986839.7 | N18: =IF(K18=1,SUMIFS(行动计算!AU546:AU581,行动计算!D546:D581,1),"") -> 3353478.4 | O18: =IF(L18,SUMIFS(行动计算!AU546:AU581,行动计算!D546:D581,2),"") -> 5633361.3 | P18: =IF(AND(K18=1,L18),SUMIFS(行动计算!AU546:AU581,行动计算!F546:F581,1),"") -> 7488636 | Q18: =IF(AND(K18=1,L18),SUMIFS(行动计算!AU546:AU581,行动计算!F546:F581,2),"") -> 652179.2 | R18: =IF(AND(K18=1,L18),SUMIFS(行动计算!AU546:AU581,行动计算!F546:F581,3),"") -> 546336.91 | S18: =IF(AND(K18=1,L18),SUMIFS(行动计算!AU546:AU581,行动计算!F546:F581,4),"") -> 299687.61 | T18: =IF(AND(ISNUMBER(M18),ISNUMBER($M$3),$M$3>0),M18/$M$3-1,"") -> 0.025121192 | U18: =INDEX(效果参数!$C$98:$G$98,1,H18) -> 0.04 | V18: =INDEX(效果参数!$C$97:$G$97,1,G18) -> 0.06 | W18: =INDEX(效果参数!$C$101:$G$101,1,I18) -> 0.02 | X18: =INDEX(效果参数!$C$102:$G$102,1,I18) -> 0.16 | Y18: =INDEX(效果参数!$C$100:$G$100,1,I18) -> 0.1 | Z18: =INDEX(效果参数!$C$103:$G$103,1,J18) -> 0.04 | AA18: =INDEX(效果参数!$C$104:$G$104,1,J18) -> 0.004 | AB18: =INDEX(效果参数!$C$30:$H$30,1,D18+1) -> 0.3 | AC18: =INDEX(效果参数!$C$31:$H$31,1,D18+1) -> 0.2 | AD18: =INDEX(效果参数!$C$32:$H$32,1,D18+1) -> 500 | AE18: =INDEX(效果参数!$C$33:$H$33,1,D18+1) -> 0.4 | AF18: =INDEX(效果参数!$C$34:$H$34,1,D18+1) -> 0.4 | AG18: =INDEX(效果参数!$C$43:$H$43,1,E18+1) -> 0.45 | AH18: =INDEX(效果参数!$C$44:$H$44,1,E18+1) -> 0.04 | AI18: =INDEX(效果参数!$C$45:$H$45,1,E18+1) -> 5 | AJ18: =INDEX(效果参数!$C$46:$H$46,1,E18+1) -> 1 | AK18: =INDEX(效果参数!$C$47:$H$47,1,E18+1) -> 2 | AL18: =INDEX(效果参数!$C$48:$H$48,1,E18+1) -> 0.08 | AM18: =INDEX(效果参数!$C$49:$H$49,1,E18+1) -> 250 | AN18: =INDEX(效果参数!$C$50:$H$50,1,E18+1) -> 0.15 | AO18: =INDEX(效果参数!$C$51:$H$51,1,E18+1) -> 0.15 | AP18: =INDEX(效果参数!$C$52:$H$52,1,E18+1) -> 0.15 | AQ18: =INDEX(效果参数!$C$53:$H$53,1,E18+1) -> 0.15 | AR18: =INDEX(效果参数!$C$56:$H$56,1,F18+1) -> 35 | AS18: =INDEX(效果参数!$C$57:$H$57,1,F18+1) -> 0.01 | AT18: =INDEX(效果参数!$C$58:$H$58,1,F18+1) -> 7 | AU18: =INDEX(效果参数!$C$59:$H$59,1,F18+1) -> 0.5 | AV18: =INDEX(效果参数!$C$6:$H$6,1,C18+1) -> 2 | AW18: =INDEX(效果参数!$C$7:$H$7,1,C18+1) -> 4 | AX18: =INDEX(效果参数!$C$8:$H$8,1,C18+1) -> 8 | AY18: =INDEX(效果参数!$C$9:$H$9,1,C18+1) -> 0.1 | AZ18: =INDEX(效果参数!$C$10:$H$10,1,C18+1) -> 0.2 | BA18: =INDEX(效果参数!$C$11:$H$11,1,C18+1) -> 0.6 | BB18: =INDEX(效果参数!$C$12:$H$12,1,C18+1) -> 1.2 | BC18: =INDEX(效果参数!$C$13:$H$13,1,C18+1) -> 0.06 | BD18: =INDEX(效果参数!$C$14:$H$14,1,C18+1) -> 3 | BE18: =INDEX(效果参数!$C$15:$H$15,1,C18+1) -> 1 | BF18: =INDEX(效果参数!$C$16:$H$16,1,C18+1) -> 0.025 | BG18: =INDEX(效果参数!$C$17:$H$17,1,C18+1) -> 18 | BH18: =INDEX(效果参数!$C$18:$H$18,1,C18+1) -> 18 | BI18: =INDEX(效果参数!$C$19:$H$19,1,C18+1) -> 1 | BJ18: =INDEX(效果参数!$C$20:$H$20,1,C18+1) -> 1 | BK18: =INDEX(效果参数!$C$21:$H$21,1,C18+1) -> 0.2 | BL18: =INDEX(效果参数!$C$22:$H$22,1,C18+1) -> 9 | BM18: =INDEX(效果参数!$C$23:$H$23,1,C18+1) -> 20 | BN18: =INDEX(效果参数!$C$24:$H$24,1,C18+1) -> 30 | BO18: =INDEX(效果参数!$C$25:$H$25,1,C18+1) -> 1.5 | BP18: =INDEX(效果参数!$C$26:$H$26,1,C18+1) -> 0.6 | BQ18: =INDEX(效果参数!$C$27:$H$27,1,C18+1) -> 0.8 | BR18: =INDEX(效果参数!$C$28:$H$28,1,C18+1) -> 1 | BS18: =INDEX(效果参数!$C$35:$H$35,1,D18+1) -> 2.8 | BT18: =INDEX(效果参数!$C$36:$H$36,1,D18+1) -> 1.4 | BU18: =INDEX(效果参数!$C$37:$H$37,1,D18+1) -> 0.8 | BV18: =INDEX(效果参数!$C$38:$H$38,1,D18+1) -> 3 | BW18: =INDEX(效果参数!$C$39:$H$39,1,D18+1) -> 1 | BX18: =INDEX(效果参数!$C$40:$H$40,1,D18+1) -> 2 | BY18: =INDEX(效果参数!$C$41:$H$41,1,D18+1) -> 1 | BZ18: =IF(配置与结果!$H$24=1,AR18,MIN(AR18,MAX(0,配置与结果!$H$25))) -> 35 | CA18: =ROUNDDOWN(配置与结果!$B$17*(1+0.05+Y18),0) -> 2986 | CB18: =MIN(AD18,ROUNDDOWN((配置与结果!$B$16+CC18)*AC18,0)) -> 500 | CC18: =MIN(AM18,ROUNDDOWN(CA18*AL18,0)) -> 238 | CD18: =INDEX(效果参数!$C$96:$G$96,1,G18) -> 0.16 | CE18: =INDEX(效果参数!$C$42:$H$42,1,D18+1) -> 8 | CF18: =INDEX(效果参数!$C$54:$H$54,1,E18+1) -> 15 | CG18: =INDEX(效果参数!$C$55:$H$55,1,E18+1) -> 1.5 | CH18: =INDEX(效果参数!$C$106:$G$106,1,H18) -> 0.12
A19: =16 -> 16 | B19: ="小瑞安侬 2塑" -> 小瑞安侬 2塑 | C19: =配置与结果!B6 -> 0 | D19: =配置与结果!B7 -> 0 | E19: =2 -> 2 | F19: =配置与结果!B9 -> 0 | G19: =配置与结果!D6 -> 5 | H19: =配置与结果!D7 -> 1 | I19: =配置与结果!D8 -> 5 | J19: =配置与结果!D9 -> 1 | K19: =INDEX(效果参数!$C$105:$G$105,1,J19) -> 1 | L19: =AND(K19=1,INDEX(效果参数!$C$99:$G$99,1,H19)=1,INDEX(效果参数!$C$29:$H$29,1,C19+1)=1) -> TRUE | M19: =IF(AND(K19=1,L19),SUM(行动计算!AU582:AU617),"") -> 9754459.6 | N19: =IF(K19=1,SUMIFS(行动计算!AU582:AU617,行动计算!D582:D617,1),"") -> 4121098.3 | O19: =IF(L19,SUMIFS(行动计算!AU582:AU617,行动计算!D582:D617,2),"") -> 5633361.3 | P19: =IF(AND(K19=1,L19),SUMIFS(行动计算!AU582:AU617,行动计算!F582:F617,1),"") -> 7489603 | Q19: =IF(AND(K19=1,L19),SUMIFS(行动计算!AU582:AU617,行动计算!F582:F617,2),"") -> 652857.76 | R19: =IF(AND(K19=1,L19),SUMIFS(行动计算!AU582:AU617,行动计算!F582:F617,3),"") -> 1311975.8 | S19: =IF(AND(K19=1,L19),SUMIFS(行动计算!AU582:AU617,行动计算!F582:F617,4),"") -> 300022.98 | T19: =IF(AND(ISNUMBER(M19),ISNUMBER($M$3),$M$3>0),M19/$M$3-1,"") -> 0.11268294 | U19: =INDEX(效果参数!$C$98:$G$98,1,H19) -> 0.04 | V19: =INDEX(效果参数!$C$97:$G$97,1,G19) -> 0.06 | W19: =INDEX(效果参数!$C$101:$G$101,1,I19) -> 0.02 | X19: =INDEX(效果参数!$C$102:$G$102,1,I19) -> 0.16 | Y19: =INDEX(效果参数!$C$100:$G$100,1,I19) -> 0.1 | Z19: =INDEX(效果参数!$C$103:$G$103,1,J19) -> 0.04 | AA19: =INDEX(效果参数!$C$104:$G$104,1,J19) -> 0.004 | AB19: =INDEX(效果参数!$C$30:$H$30,1,D19+1) -> 0.3 | AC19: =INDEX(效果参数!$C$31:$H$31,1,D19+1) -> 0.2 | AD19: =INDEX(效果参数!$C$32:$H$32,1,D19+1) -> 500 | AE19: =INDEX(效果参数!$C$33:$H$33,1,D19+1) -> 0.4 | AF19: =INDEX(效果参数!$C$34:$H$34,1,D19+1) -> 0.4 | AG19: =INDEX(效果参数!$C$43:$H$43,1,E19+1) -> 0.45 | AH19: =INDEX(效果参数!$C$44:$H$44,1,E19+1) -> 0.05 | AI19: =INDEX(效果参数!$C$45:$H$45,1,E19+1) -> 7 | AJ19: =INDEX(效果参数!$C$46:$H$46,1,E19+1) -> 1 | AK19: =INDEX(效果参数!$C$47:$H$47,1,E19+1) -> 3 | AL19: =INDEX(效果参数!$C$48:$H$48,1,E19+1) -> 0.08 | AM19: =INDEX(效果参数!$C$49:$H$49,1,E19+1) -> 250 | AN19: =INDEX(效果参数!$C$50:$H$50,1,E19+1) -> 0.15 | AO19: =INDEX(效果参数!$C$51:$H$51,1,E19+1) -> 0.15 | AP19: =INDEX(效果参数!$C$52:$H$52,1,E19+1) -> 0.15 | AQ19: =INDEX(效果参数!$C$53:$H$53,1,E19+1) -> 0.15 | AR19: =INDEX(效果参数!$C$56:$H$56,1,F19+1) -> 35 | AS19: =INDEX(效果参数!$C$57:$H$57,1,F19+1) -> 0.01 | AT19: =INDEX(效果参数!$C$58:$H$58,1,F19+1) -> 7 | AU19: =INDEX(效果参数!$C$59:$H$59,1,F19+1) -> 0.5 | AV19: =INDEX(效果参数!$C$6:$H$6,1,C19+1) -> 2 | AW19: =INDEX(效果参数!$C$7:$H$7,1,C19+1) -> 4 | AX19: =INDEX(效果参数!$C$8:$H$8,1,C19+1) -> 8 | AY19: =INDEX(效果参数!$C$9:$H$9,1,C19+1) -> 0.1 | AZ19: =INDEX(效果参数!$C$10:$H$10,1,C19+1) -> 0.2 | BA19: =INDEX(效果参数!$C$11:$H$11,1,C19+1) -> 0.6 | BB19: =INDEX(效果参数!$C$12:$H$12,1,C19+1) -> 1.2 | BC19: =INDEX(效果参数!$C$13:$H$13,1,C19+1) -> 0.06 | BD19: =INDEX(效果参数!$C$14:$H$14,1,C19+1) -> 3 | BE19: =INDEX(效果参数!$C$15:$H$15,1,C19+1) -> 1 | BF19: =INDEX(效果参数!$C$16:$H$16,1,C19+1) -> 0.025 | BG19: =INDEX(效果参数!$C$17:$H$17,1,C19+1) -> 18 | BH19: =INDEX(效果参数!$C$18:$H$18,1,C19+1) -> 18 | BI19: =INDEX(效果参数!$C$19:$H$19,1,C19+1) -> 1 | BJ19: =INDEX(效果参数!$C$20:$H$20,1,C19+1) -> 1 | BK19: =INDEX(效果参数!$C$21:$H$21,1,C19+1) -> 0.2 | BL19: =INDEX(效果参数!$C$22:$H$22,1,C19+1) -> 9 | BM19: =INDEX(效果参数!$C$23:$H$23,1,C19+1) -> 20 | BN19: =INDEX(效果参数!$C$24:$H$24,1,C19+1) -> 30 | BO19: =INDEX(效果参数!$C$25:$H$25,1,C19+1) -> 1.5 | BP19: =INDEX(效果参数!$C$26:$H$26,1,C19+1) -> 0.6 | BQ19: =INDEX(效果参数!$C$27:$H$27,1,C19+1) -> 0.8 | BR19: =INDEX(效果参数!$C$28:$H$28,1,C19+1) -> 1 | BS19: =INDEX(效果参数!$C$35:$H$35,1,D19+1) -> 2.8 | BT19: =INDEX(效果参数!$C$36:$H$36,1,D19+1) -> 1.4 | BU19: =INDEX(效果参数!$C$37:$H$37,1,D19+1) -> 0.8 | BV19: =INDEX(效果参数!$C$38:$H$38,1,D19+1) -> 3 | BW19: =INDEX(效果参数!$C$39:$H$39,1,D19+1) -> 1 | BX19: =INDEX(效果参数!$C$40:$H$40,1,D19+1) -> 2 | BY19: =INDEX(效果参数!$C$41:$H$41,1,D19+1) -> 1 | BZ19: =IF(配置与结果!$H$24=1,AR19,MIN(AR19,MAX(0,配置与结果!$H$25))) -> 35 | CA19: =ROUNDDOWN(配置与结果!$B$17*(1+0.05+Y19),0) -> 2986 | CB19: =MIN(AD19,ROUNDDOWN((配置与结果!$B$16+CC19)*AC19,0)) -> 500 | CC19: =MIN(AM19,ROUNDDOWN(CA19*AL19,0)) -> 238 | CD19: =INDEX(效果参数!$C$96:$G$96,1,G19) -> 0.16 | CE19: =INDEX(效果参数!$C$42:$H$42,1,D19+1) -> 8 | CF19: =INDEX(效果参数!$C$54:$H$54,1,E19+1) -> 30 | CG19: =INDEX(效果参数!$C$55:$H$55,1,E19+1) -> 3 | CH19: =INDEX(效果参数!$C$106:$G$106,1,H19) -> 0.12
A20: =17 -> 17 | B20: ="小瑞安侬 3塑" -> 小瑞安侬 3塑 | C20: =配置与结果!B6 -> 0 | D20: =配置与结果!B7 -> 0 | E20: =3 -> 3 | F20: =配置与结果!B9 -> 0 | G20: =配置与结果!D6 -> 5 | H20: =配置与结果!D7 -> 1 | I20: =配置与结果!D8 -> 5 | J20: =配置与结果!D9 -> 1 | K20: =INDEX(效果参数!$C$105:$G$105,1,J20) -> 1 | L20: =AND(K20=1,INDEX(效果参数!$C$99:$G$99,1,H20)=1,INDEX(效果参数!$C$29:$H$29,1,C20+1)=1) -> TRUE | M20: =IF(AND(K20=1,L20),SUM(行动计算!AU618:AU653),"") -> 10642502 | N20: =IF(K20=1,SUMIFS(行动计算!AU618:AU653,行动计算!D618:D653,1),"") -> 4550742.1 | O20: =IF(L20,SUMIFS(行动计算!AU618:AU653,行动计算!D618:D653,2),"") -> 6091760.3 | P20: =IF(AND(K20=1,L20),SUMIFS(行动计算!AU618:AU653,行动计算!F618:F653,1),"") -> 8117066 | Q20: =IF(AND(K20=1,L20),SUMIFS(行动计算!AU618:AU653,行动计算!F618:F653,2),"") -> 711963.72 | R20: =IF(AND(K20=1,L20),SUMIFS(行动计算!AU618:AU653,行动计算!F618:F653,3),"") -> 1471186.2 | S20: =IF(AND(K20=1,L20),SUMIFS(行动计算!AU618:AU653,行动计算!F618:F653,4),"") -> 342286.5 | T20: =IF(AND(ISNUMBER(M20),ISNUMBER($M$3),$M$3>0),M20/$M$3-1,"") -> 0.21398123 | U20: =INDEX(效果参数!$C$98:$G$98,1,H20) -> 0.04 | V20: =INDEX(效果参数!$C$97:$G$97,1,G20) -> 0.06 | W20: =INDEX(效果参数!$C$101:$G$101,1,I20) -> 0.02 | X20: =INDEX(效果参数!$C$102:$G$102,1,I20) -> 0.16 | Y20: =INDEX(效果参数!$C$100:$G$100,1,I20) -> 0.1 | Z20: =INDEX(效果参数!$C$103:$G$103,1,J20) -> 0.04 | AA20: =INDEX(效果参数!$C$104:$G$104,1,J20) -> 0.004 | AB20: =INDEX(效果参数!$C$30:$H$30,1,D20+1) -> 0.3 | AC20: =INDEX(效果参数!$C$31:$H$31,1,D20+1) -> 0.2 | AD20: =INDEX(效果参数!$C$32:$H$32,1,D20+1) -> 500 | AE20: =INDEX(效果参数!$C$33:$H$33,1,D20+1) -> 0.4 | AF20: =INDEX(效果参数!$C$34:$H$34,1,D20+1) -> 0.4 | AG20: =INDEX(效果参数!$C$43:$H$43,1,E20+1) -> 0.45 | AH20: =INDEX(效果参数!$C$44:$H$44,1,E20+1) -> 0.05 | AI20: =INDEX(效果参数!$C$45:$H$45,1,E20+1) -> 7 | AJ20: =INDEX(效果参数!$C$46:$H$46,1,E20+1) -> 1 | AK20: =INDEX(效果参数!$C$47:$H$47,1,E20+1) -> 3 | AL20: =INDEX(效果参数!$C$48:$H$48,1,E20+1) -> 0.08 | AM20: =INDEX(效果参数!$C$49:$H$49,1,E20+1) -> 250 | AN20: =INDEX(效果参数!$C$50:$H$50,1,E20+1) -> 0.2 | AO20: =INDEX(效果参数!$C$51:$H$51,1,E20+1) -> 0.21 | AP20: =INDEX(效果参数!$C$52:$H$52,1,E20+1) -> 0.2 | AQ20: =INDEX(效果参数!$C$53:$H$53,1,E20+1) -> 0.21 | AR20: =INDEX(效果参数!$C$56:$H$56,1,F20+1) -> 35 | AS20: =INDEX(效果参数!$C$57:$H$57,1,F20+1) -> 0.01 | AT20: =INDEX(效果参数!$C$58:$H$58,1,F20+1) -> 7 | AU20: =INDEX(效果参数!$C$59:$H$59,1,F20+1) -> 0.5 | AV20: =INDEX(效果参数!$C$6:$H$6,1,C20+1) -> 2 | AW20: =INDEX(效果参数!$C$7:$H$7,1,C20+1) -> 4 | AX20: =INDEX(效果参数!$C$8:$H$8,1,C20+1) -> 8 | AY20: =INDEX(效果参数!$C$9:$H$9,1,C20+1) -> 0.1 | AZ20: =INDEX(效果参数!$C$10:$H$10,1,C20+1) -> 0.2 | BA20: =INDEX(效果参数!$C$11:$H$11,1,C20+1) -> 0.6 | BB20: =INDEX(效果参数!$C$12:$H$12,1,C20+1) -> 1.2 | BC20: =INDEX(效果参数!$C$13:$H$13,1,C20+1) -> 0.06 | BD20: =INDEX(效果参数!$C$14:$H$14,1,C20+1) -> 3 | BE20: =INDEX(效果参数!$C$15:$H$15,1,C20+1) -> 1 | BF20: =INDEX(效果参数!$C$16:$H$16,1,C20+1) -> 0.025 | BG20: =INDEX(效果参数!$C$17:$H$17,1,C20+1) -> 18 | BH20: =INDEX(效果参数!$C$18:$H$18,1,C20+1) -> 18 | BI20: =INDEX(效果参数!$C$19:$H$19,1,C20+1) -> 1 | BJ20: =INDEX(效果参数!$C$20:$H$20,1,C20+1) -> 1 | BK20: =INDEX(效果参数!$C$21:$H$21,1,C20+1) -> 0.2 | BL20: =INDEX(效果参数!$C$22:$H$22,1,C20+1) -> 9 | BM20: =INDEX(效果参数!$C$23:$H$23,1,C20+1) -> 20 | BN20: =INDEX(效果参数!$C$24:$H$24,1,C20+1) -> 30 | BO20: =INDEX(效果参数!$C$25:$H$25,1,C20+1) -> 1.5 | BP20: =INDEX(效果参数!$C$26:$H$26,1,C20+1) -> 0.6 | BQ20: =INDEX(效果参数!$C$27:$H$27,1,C20+1) -> 0.8 | BR20: =INDEX(效果参数!$C$28:$H$28,1,C20+1) -> 1 | BS20: =INDEX(效果参数!$C$35:$H$35,1,D20+1) -> 2.8 | BT20: =INDEX(效果参数!$C$36:$H$36,1,D20+1) -> 1.4 | BU20: =INDEX(效果参数!$C$37:$H$37,1,D20+1) -> 0.8 | BV20: =INDEX(效果参数!$C$38:$H$38,1,D20+1) -> 3 | BW20: =INDEX(效果参数!$C$39:$H$39,1,D20+1) -> 1 | BX20: =INDEX(效果参数!$C$40:$H$40,1,D20+1) -> 2 | BY20: =INDEX(效果参数!$C$41:$H$41,1,D20+1) -> 1 | BZ20: =IF(配置与结果!$H$24=1,AR20,MIN(AR20,MAX(0,配置与结果!$H$25))) -> 35 | CA20: =ROUNDDOWN(配置与结果!$B$17*(1+0.05+Y20),0) -> 2986 | CB20: =MIN(AD20,ROUNDDOWN((配置与结果!$B$16+CC20)*AC20,0)) -> 500 | CC20: =MIN(AM20,ROUNDDOWN(CA20*AL20,0)) -> 238 | CD20: =INDEX(效果参数!$C$96:$G$96,1,G20) -> 0.16 | CE20: =INDEX(效果参数!$C$42:$H$42,1,D20+1) -> 8 | CF20: =INDEX(效果参数!$C$54:$H$54,1,E20+1) -> 30 | CG20: =INDEX(效果参数!$C$55:$H$55,1,E20+1) -> 3 | CH20: =INDEX(效果参数!$C$106:$G$106,1,H20) -> 0.12
A21: =18 -> 18 | B21: ="小瑞安侬 4塑" -> 小瑞安侬 4塑 | C21: =配置与结果!B6 -> 0 | D21: =配置与结果!B7 -> 0 | E21: =4 -> 4 | F21: =配置与结果!B9 -> 0 | G21: =配置与结果!D6 -> 5 | H21: =配置与结果!D7 -> 1 | I21: =配置与结果!D8 -> 5 | J21: =配置与结果!D9 -> 1 | K21: =INDEX(效果参数!$C$105:$G$105,1,J21) -> 1 | L21: =AND(K21=1,INDEX(效果参数!$C$99:$G$99,1,H21)=1,INDEX(效果参数!$C$29:$H$29,1,C21+1)=1) -> TRUE | M21: =IF(AND(K21=1,L21),SUM(行动计算!AU654:AU689),"") -> 10947941 | N21: =IF(K21=1,SUMIFS(行动计算!AU654:AU689,行动计算!D654:D689,1),"") -> 4658778.8 | O21: =IF(L21,SUMIFS(行动计算!AU654:AU689,行动计算!D654:D689,2),"") -> 6289162.3 | P21: =IF(AND(K21=1,L21),SUMIFS(行动计算!AU654:AU689,行动计算!F654:F689,1),"") -> 8391490 | Q21: =IF(AND(K21=1,L21),SUMIFS(行动计算!AU654:AU689,行动计算!F654:F689,2),"") -> 732906.88 | R21: =IF(AND(K21=1,L21),SUMIFS(行动计算!AU654:AU689,行动计算!F654:F689,3),"") -> 1471186.2 | S21: =IF(AND(K21=1,L21),SUMIFS(行动计算!AU654:AU689,行动计算!F654:F689,4),"") -> 352358.05 | T21: =IF(AND(ISNUMBER(M21),ISNUMBER($M$3),$M$3>0),M21/$M$3-1,"") -> 0.24882237 | U21: =INDEX(效果参数!$C$98:$G$98,1,H21) -> 0.04 | V21: =INDEX(效果参数!$C$97:$G$97,1,G21) -> 0.06 | W21: =INDEX(效果参数!$C$101:$G$101,1,I21) -> 0.02 | X21: =INDEX(效果参数!$C$102:$G$102,1,I21) -> 0.16 | Y21: =INDEX(效果参数!$C$100:$G$100,1,I21) -> 0.1 | Z21: =INDEX(效果参数!$C$103:$G$103,1,J21) -> 0.04 | AA21: =INDEX(效果参数!$C$104:$G$104,1,J21) -> 0.004 | AB21: =INDEX(效果参数!$C$30:$H$30,1,D21+1) -> 0.3 | AC21: =INDEX(效果参数!$C$31:$H$31,1,D21+1) -> 0.2 | AD21: =INDEX(效果参数!$C$32:$H$32,1,D21+1) -> 500 | AE21: =INDEX(效果参数!$C$33:$H$33,1,D21+1) -> 0.4 | AF21: =INDEX(效果参数!$C$34:$H$34,1,D21+1) -> 0.4 | AG21: =INDEX(效果参数!$C$43:$H$43,1,E21+1) -> 0.45 | AH21: =INDEX(效果参数!$C$44:$H$44,1,E21+1) -> 0.05 | AI21: =INDEX(效果参数!$C$45:$H$45,1,E21+1) -> 7 | AJ21: =INDEX(效果参数!$C$46:$H$46,1,E21+1) -> 1 | AK21: =INDEX(效果参数!$C$47:$H$47,1,E21+1) -> 3 | AL21: =INDEX(效果参数!$C$48:$H$48,1,E21+1) -> 0.1 | AM21: =INDEX(效果参数!$C$49:$H$49,1,E21+1) -> 310 | AN21: =INDEX(效果参数!$C$50:$H$50,1,E21+1) -> 0.2 | AO21: =INDEX(效果参数!$C$51:$H$51,1,E21+1) -> 0.21 | AP21: =INDEX(效果参数!$C$52:$H$52,1,E21+1) -> 0.2 | AQ21: =INDEX(效果参数!$C$53:$H$53,1,E21+1) -> 0.21 | AR21: =INDEX(效果参数!$C$56:$H$56,1,F21+1) -> 35 | AS21: =INDEX(效果参数!$C$57:$H$57,1,F21+1) -> 0.01 | AT21: =INDEX(效果参数!$C$58:$H$58,1,F21+1) -> 7 | AU21: =INDEX(效果参数!$C$59:$H$59,1,F21+1) -> 0.5 | AV21: =INDEX(效果参数!$C$6:$H$6,1,C21+1) -> 2 | AW21: =INDEX(效果参数!$C$7:$H$7,1,C21+1) -> 4 | AX21: =INDEX(效果参数!$C$8:$H$8,1,C21+1) -> 8 | AY21: =INDEX(效果参数!$C$9:$H$9,1,C21+1) -> 0.1 | AZ21: =INDEX(效果参数!$C$10:$H$10,1,C21+1) -> 0.2 | BA21: =INDEX(效果参数!$C$11:$H$11,1,C21+1) -> 0.6 | BB21: =INDEX(效果参数!$C$12:$H$12,1,C21+1) -> 1.2 | BC21: =INDEX(效果参数!$C$13:$H$13,1,C21+1) -> 0.06 | BD21: =INDEX(效果参数!$C$14:$H$14,1,C21+1) -> 3 | BE21: =INDEX(效果参数!$C$15:$H$15,1,C21+1) -> 1 | BF21: =INDEX(效果参数!$C$16:$H$16,1,C21+1) -> 0.025 | BG21: =INDEX(效果参数!$C$17:$H$17,1,C21+1) -> 18 | BH21: =INDEX(效果参数!$C$18:$H$18,1,C21+1) -> 18 | BI21: =INDEX(效果参数!$C$19:$H$19,1,C21+1) -> 1 | BJ21: =INDEX(效果参数!$C$20:$H$20,1,C21+1) -> 1 | BK21: =INDEX(效果参数!$C$21:$H$21,1,C21+1) -> 0.2 | BL21: =INDEX(效果参数!$C$22:$H$22,1,C21+1) -> 9 | BM21: =INDEX(效果参数!$C$23:$H$23,1,C21+1) -> 20 | BN21: =INDEX(效果参数!$C$24:$H$24,1,C21+1) -> 30 | BO21: =INDEX(效果参数!$C$25:$H$25,1,C21+1) -> 1.5 | BP21: =INDEX(效果参数!$C$26:$H$26,1,C21+1) -> 0.6 | BQ21: =INDEX(效果参数!$C$27:$H$27,1,C21+1) -> 0.8 | BR21: =INDEX(效果参数!$C$28:$H$28,1,C21+1) -> 1 | BS21: =INDEX(效果参数!$C$35:$H$35,1,D21+1) -> 2.8 | BT21: =INDEX(效果参数!$C$36:$H$36,1,D21+1) -> 1.4 | BU21: =INDEX(效果参数!$C$37:$H$37,1,D21+1) -> 0.8 | BV21: =INDEX(效果参数!$C$38:$H$38,1,D21+1) -> 3 | BW21: =INDEX(效果参数!$C$39:$H$39,1,D21+1) -> 1 | BX21: =INDEX(效果参数!$C$40:$H$40,1,D21+1) -> 2 | BY21: =INDEX(效果参数!$C$41:$H$41,1,D21+1) -> 1 | BZ21: =IF(配置与结果!$H$24=1,AR21,MIN(AR21,MAX(0,配置与结果!$H$25))) -> 35 | CA21: =ROUNDDOWN(配置与结果!$B$17*(1+0.05+Y21),0) -> 2986 | CB21: =MIN(AD21,ROUNDDOWN((配置与结果!$B$16+CC21)*AC21,0)) -> 500 | CC21: =MIN(AM21,ROUNDDOWN(CA21*AL21,0)) -> 298 | CD21: =INDEX(效果参数!$C$96:$G$96,1,G21) -> 0.16 | CE21: =INDEX(效果参数!$C$42:$H$42,1,D21+1) -> 8 | CF21: =INDEX(效果参数!$C$54:$H$54,1,E21+1) -> 30 | CG21: =INDEX(效果参数!$C$55:$H$55,1,E21+1) -> 3 | CH21: =INDEX(效果参数!$C$106:$G$106,1,H21) -> 0.12
A22: =19 -> 19 | B22: ="小瑞安侬 5塑" -> 小瑞安侬 5塑 | C22: =配置与结果!B6 -> 0 | D22: =配置与结果!B7 -> 0 | E22: =5 -> 5 | F22: =配置与结果!B9 -> 0 | G22: =配置与结果!D6 -> 5 | H22: =配置与结果!D7 -> 1 | I22: =配置与结果!D8 -> 5 | J22: =配置与结果!D9 -> 1 | K22: =INDEX(效果参数!$C$105:$G$105,1,J22) -> 1 | L22: =AND(K22=1,INDEX(效果参数!$C$99:$G$99,1,H22)=1,INDEX(效果参数!$C$29:$H$29,1,C22+1)=1) -> TRUE | M22: =IF(AND(K22=1,L22),SUM(行动计算!AU690:AU725),"") -> 12584225 | N22: =IF(K22=1,SUMIFS(行动计算!AU690:AU725,行动计算!D690:D725,1),"") -> 6295062.3 | O22: =IF(L22,SUMIFS(行动计算!AU690:AU725,行动计算!D690:D725,2),"") -> 6289162.3 | P22: =IF(AND(K22=1,L22),SUMIFS(行动计算!AU690:AU725,行动计算!F690:F725,1),"") -> 8393510 | Q22: =IF(AND(K22=1,L22),SUMIFS(行动计算!AU690:AU725,行动计算!F690:F725,2),"") -> 734317.8 | R22: =IF(AND(K22=1,L22),SUMIFS(行动计算!AU690:AU725,行动计算!F690:F725,3),"") -> 3103342 | S22: =IF(AND(K22=1,L22),SUMIFS(行动计算!AU690:AU725,行动计算!F690:F725,4),"") -> 353054.8 | T22: =IF(AND(ISNUMBER(M22),ISNUMBER($M$3),$M$3>0),M22/$M$3-1,"") -> 0.43547184 | U22: =INDEX(效果参数!$C$98:$G$98,1,H22) -> 0.04 | V22: =INDEX(效果参数!$C$97:$G$97,1,G22) -> 0.06 | W22: =INDEX(效果参数!$C$101:$G$101,1,I22) -> 0.02 | X22: =INDEX(效果参数!$C$102:$G$102,1,I22) -> 0.16 | Y22: =INDEX(效果参数!$C$100:$G$100,1,I22) -> 0.1 | Z22: =INDEX(效果参数!$C$103:$G$103,1,J22) -> 0.04 | AA22: =INDEX(效果参数!$C$104:$G$104,1,J22) -> 0.004 | AB22: =INDEX(效果参数!$C$30:$H$30,1,D22+1) -> 0.3 | AC22: =INDEX(效果参数!$C$31:$H$31,1,D22+1) -> 0.2 | AD22: =INDEX(效果参数!$C$32:$H$32,1,D22+1) -> 500 | AE22: =INDEX(效果参数!$C$33:$H$33,1,D22+1) -> 0.4 | AF22: =INDEX(效果参数!$C$34:$H$34,1,D22+1) -> 0.4 | AG22: =INDEX(效果参数!$C$43:$H$43,1,E22+1) -> 0.45 | AH22: =INDEX(效果参数!$C$44:$H$44,1,E22+1) -> 0.05 | AI22: =INDEX(效果参数!$C$45:$H$45,1,E22+1) -> 10 | AJ22: =INDEX(效果参数!$C$46:$H$46,1,E22+1) -> 2 | AK22: =INDEX(效果参数!$C$47:$H$47,1,E22+1) -> 4 | AL22: =INDEX(效果参数!$C$48:$H$48,1,E22+1) -> 0.1 | AM22: =INDEX(效果参数!$C$49:$H$49,1,E22+1) -> 310 | AN22: =INDEX(效果参数!$C$50:$H$50,1,E22+1) -> 0.2 | AO22: =INDEX(效果参数!$C$51:$H$51,1,E22+1) -> 0.21 | AP22: =INDEX(效果参数!$C$52:$H$52,1,E22+1) -> 0.2 | AQ22: =INDEX(效果参数!$C$53:$H$53,1,E22+1) -> 0.21 | AR22: =INDEX(效果参数!$C$56:$H$56,1,F22+1) -> 35 | AS22: =INDEX(效果参数!$C$57:$H$57,1,F22+1) -> 0.01 | AT22: =INDEX(效果参数!$C$58:$H$58,1,F22+1) -> 7 | AU22: =INDEX(效果参数!$C$59:$H$59,1,F22+1) -> 0.5 | AV22: =INDEX(效果参数!$C$6:$H$6,1,C22+1) -> 2 | AW22: =INDEX(效果参数!$C$7:$H$7,1,C22+1) -> 4 | AX22: =INDEX(效果参数!$C$8:$H$8,1,C22+1) -> 8 | AY22: =INDEX(效果参数!$C$9:$H$9,1,C22+1) -> 0.1 | AZ22: =INDEX(效果参数!$C$10:$H$10,1,C22+1) -> 0.2 | BA22: =INDEX(效果参数!$C$11:$H$11,1,C22+1) -> 0.6 | BB22: =INDEX(效果参数!$C$12:$H$12,1,C22+1) -> 1.2 | BC22: =INDEX(效果参数!$C$13:$H$13,1,C22+1) -> 0.06 | BD22: =INDEX(效果参数!$C$14:$H$14,1,C22+1) -> 3 | BE22: =INDEX(效果参数!$C$15:$H$15,1,C22+1) -> 1 | BF22: =INDEX(效果参数!$C$16:$H$16,1,C22+1) -> 0.025 | BG22: =INDEX(效果参数!$C$17:$H$17,1,C22+1) -> 18 | BH22: =INDEX(效果参数!$C$18:$H$18,1,C22+1) -> 18 | BI22: =INDEX(效果参数!$C$19:$H$19,1,C22+1) -> 1 | BJ22: =INDEX(效果参数!$C$20:$H$20,1,C22+1) -> 1 | BK22: =INDEX(效果参数!$C$21:$H$21,1,C22+1) -> 0.2 | BL22: =INDEX(效果参数!$C$22:$H$22,1,C22+1) -> 9 | BM22: =INDEX(效果参数!$C$23:$H$23,1,C22+1) -> 20 | BN22: =INDEX(效果参数!$C$24:$H$24,1,C22+1) -> 30 | BO22: =INDEX(效果参数!$C$25:$H$25,1,C22+1) -> 1.5 | BP22: =INDEX(效果参数!$C$26:$H$26,1,C22+1) -> 0.6 | BQ22: =INDEX(效果参数!$C$27:$H$27,1,C22+1) -> 0.8 | BR22: =INDEX(效果参数!$C$28:$H$28,1,C22+1) -> 1 | BS22: =INDEX(效果参数!$C$35:$H$35,1,D22+1) -> 2.8 | BT22: =INDEX(效果参数!$C$36:$H$36,1,D22+1) -> 1.4 | BU22: =INDEX(效果参数!$C$37:$H$37,1,D22+1) -> 0.8 | BV22: =INDEX(效果参数!$C$38:$H$38,1,D22+1) -> 3 | BW22: =INDEX(效果参数!$C$39:$H$39,1,D22+1) -> 1 | BX22: =INDEX(效果参数!$C$40:$H$40,1,D22+1) -> 2 | BY22: =INDEX(效果参数!$C$41:$H$41,1,D22+1) -> 1 | BZ22: =IF(配置与结果!$H$24=1,AR22,MIN(AR22,MAX(0,配置与结果!$H$25))) -> 35 | CA22: =ROUNDDOWN(配置与结果!$B$17*(1+0.05+Y22),0) -> 2986 | CB22: =MIN(AD22,ROUNDDOWN((配置与结果!$B$16+CC22)*AC22,0)) -> 500 | CC22: =MIN(AM22,ROUNDDOWN(CA22*AL22,0)) -> 298 | CD22: =INDEX(效果参数!$C$96:$G$96,1,G22) -> 0.16 | CE22: =INDEX(效果参数!$C$42:$H$42,1,D22+1) -> 8 | CF22: =INDEX(效果参数!$C$54:$H$54,1,E22+1) -> 50 | CG22: =INDEX(效果参数!$C$55:$H$55,1,E22+1) -> 5 | CH22: =INDEX(效果参数!$C$106:$G$106,1,H22) -> 0.12
A23: =20 -> 20 | B23: ="J 0塑" -> J 0塑 | C23: =配置与结果!B6 -> 0 | D23: =配置与结果!B7 -> 0 | E23: =配置与结果!B8 -> 0 | F23: =0 -> 0 | G23: =配置与结果!D6 -> 5 | H23: =配置与结果!D7 -> 1 | I23: =配置与结果!D8 -> 5 | J23: =配置与结果!D9 -> 1 | K23: =INDEX(效果参数!$C$105:$G$105,1,J23) -> 1 | L23: =AND(K23=1,INDEX(效果参数!$C$99:$G$99,1,H23)=1,INDEX(效果参数!$C$29:$H$29,1,C23+1)=1) -> TRUE | M23: =IF(AND(K23=1,L23),SUM(行动计算!AU726:AU761),"") -> 8766612 | N23: =IF(K23=1,SUMIFS(行动计算!AU726:AU761,行动计算!D726:D761,1),"") -> 3133250.7 | O23: =IF(L23,SUMIFS(行动计算!AU726:AU761,行动计算!D726:D761,2),"") -> 5633361.3 | P23: =IF(AND(K23=1,L23),SUMIFS(行动计算!AU726:AU761,行动计算!F726:F761,1),"") -> 7363386 | Q23: =IF(AND(K23=1,L23),SUMIFS(行动计算!AU726:AU761,行动计算!F726:F761,2),"") -> 642844.12 | R23: =IF(AND(K23=1,L23),SUMIFS(行动计算!AU726:AU761,行动计算!F726:F761,3),"") -> 489818.29 | S23: =IF(AND(K23=1,L23),SUMIFS(行动计算!AU726:AU761,行动计算!F726:F761,4),"") -> 270563.56 | T23: =IF(AND(ISNUMBER(M23),ISNUMBER($M$3),$M$3>0),M23/$M$3-1,"") -> 0 | U23: =INDEX(效果参数!$C$98:$G$98,1,H23) -> 0.04 | V23: =INDEX(效果参数!$C$97:$G$97,1,G23) -> 0.06 | W23: =INDEX(效果参数!$C$101:$G$101,1,I23) -> 0.02 | X23: =INDEX(效果参数!$C$102:$G$102,1,I23) -> 0.16 | Y23: =INDEX(效果参数!$C$100:$G$100,1,I23) -> 0.1 | Z23: =INDEX(效果参数!$C$103:$G$103,1,J23) -> 0.04 | AA23: =INDEX(效果参数!$C$104:$G$104,1,J23) -> 0.004 | AB23: =INDEX(效果参数!$C$30:$H$30,1,D23+1) -> 0.3 | AC23: =INDEX(效果参数!$C$31:$H$31,1,D23+1) -> 0.2 | AD23: =INDEX(效果参数!$C$32:$H$32,1,D23+1) -> 500 | AE23: =INDEX(效果参数!$C$33:$H$33,1,D23+1) -> 0.4 | AF23: =INDEX(效果参数!$C$34:$H$34,1,D23+1) -> 0.4 | AG23: =INDEX(效果参数!$C$43:$H$43,1,E23+1) -> 0.3 | AH23: =INDEX(效果参数!$C$44:$H$44,1,E23+1) -> 0.04 | AI23: =INDEX(效果参数!$C$45:$H$45,1,E23+1) -> 5 | AJ23: =INDEX(效果参数!$C$46:$H$46,1,E23+1) -> 1 | AK23: =INDEX(效果参数!$C$47:$H$47,1,E23+1) -> 2 | AL23: =INDEX(效果参数!$C$48:$H$48,1,E23+1) -> 0.08 | AM23: =INDEX(效果参数!$C$49:$H$49,1,E23+1) -> 250 | AN23: =INDEX(效果参数!$C$50:$H$50,1,E23+1) -> 0.15 | AO23: =INDEX(效果参数!$C$51:$H$51,1,E23+1) -> 0.15 | AP23: =INDEX(效果参数!$C$52:$H$52,1,E23+1) -> 0.15 | AQ23: =INDEX(效果参数!$C$53:$H$53,1,E23+1) -> 0.15 | AR23: =INDEX(效果参数!$C$56:$H$56,1,F23+1) -> 35 | AS23: =INDEX(效果参数!$C$57:$H$57,1,F23+1) -> 0.01 | AT23: =INDEX(效果参数!$C$58:$H$58,1,F23+1) -> 7 | AU23: =INDEX(效果参数!$C$59:$H$59,1,F23+1) -> 0.5 | AV23: =INDEX(效果参数!$C$6:$H$6,1,C23+1) -> 2 | AW23: =INDEX(效果参数!$C$7:$H$7,1,C23+1) -> 4 | AX23: =INDEX(效果参数!$C$8:$H$8,1,C23+1) -> 8 | AY23: =INDEX(效果参数!$C$9:$H$9,1,C23+1) -> 0.1 | AZ23: =INDEX(效果参数!$C$10:$H$10,1,C23+1) -> 0.2 | BA23: =INDEX(效果参数!$C$11:$H$11,1,C23+1) -> 0.6 | BB23: =INDEX(效果参数!$C$12:$H$12,1,C23+1) -> 1.2 | BC23: =INDEX(效果参数!$C$13:$H$13,1,C23+1) -> 0.06 | BD23: =INDEX(效果参数!$C$14:$H$14,1,C23+1) -> 3 | BE23: =INDEX(效果参数!$C$15:$H$15,1,C23+1) -> 1 | BF23: =INDEX(效果参数!$C$16:$H$16,1,C23+1) -> 0.025 | BG23: =INDEX(效果参数!$C$17:$H$17,1,C23+1) -> 18 | BH23: =INDEX(效果参数!$C$18:$H$18,1,C23+1) -> 18 | BI23: =INDEX(效果参数!$C$19:$H$19,1,C23+1) -> 1 | BJ23: =INDEX(效果参数!$C$20:$H$20,1,C23+1) -> 1 | BK23: =INDEX(效果参数!$C$21:$H$21,1,C23+1) -> 0.2 | BL23: =INDEX(效果参数!$C$22:$H$22,1,C23+1) -> 9 | BM23: =INDEX(效果参数!$C$23:$H$23,1,C23+1) -> 20 | BN23: =INDEX(效果参数!$C$24:$H$24,1,C23+1) -> 30 | BO23: =INDEX(效果参数!$C$25:$H$25,1,C23+1) -> 1.5 | BP23: =INDEX(效果参数!$C$26:$H$26,1,C23+1) -> 0.6 | BQ23: =INDEX(效果参数!$C$27:$H$27,1,C23+1) -> 0.8 | BR23: =INDEX(效果参数!$C$28:$H$28,1,C23+1) -> 1 | BS23: =INDEX(效果参数!$C$35:$H$35,1,D23+1) -> 2.8 | BT23: =INDEX(效果参数!$C$36:$H$36,1,D23+1) -> 1.4 | BU23: =INDEX(效果参数!$C$37:$H$37,1,D23+1) -> 0.8 | BV23: =INDEX(效果参数!$C$38:$H$38,1,D23+1) -> 3 | BW23: =INDEX(效果参数!$C$39:$H$39,1,D23+1) -> 1 | BX23: =INDEX(效果参数!$C$40:$H$40,1,D23+1) -> 2 | BY23: =INDEX(效果参数!$C$41:$H$41,1,D23+1) -> 1 | BZ23: =IF(配置与结果!$H$24=1,AR23,MIN(AR23,MAX(0,配置与结果!$H$25))) -> 35 | CA23: =ROUNDDOWN(配置与结果!$B$17*(1+0.05+Y23),0) -> 2986 | CB23: =MIN(AD23,ROUNDDOWN((配置与结果!$B$16+CC23)*AC23,0)) -> 500 | CC23: =MIN(AM23,ROUNDDOWN(CA23*AL23,0)) -> 238 | CD23: =INDEX(效果参数!$C$96:$G$96,1,G23) -> 0.16 | CE23: =INDEX(效果参数!$C$42:$H$42,1,D23+1) -> 8 | CF23: =INDEX(效果参数!$C$54:$H$54,1,E23+1) -> 15 | CG23: =INDEX(效果参数!$C$55:$H$55,1,E23+1) -> 1.5 | CH23: =INDEX(效果参数!$C$106:$G$106,1,H23) -> 0.12
A24: =21 -> 21 | B24: ="J 1塑" -> J 1塑 | C24: =配置与结果!B6 -> 0 | D24: =配置与结果!B7 -> 0 | E24: =配置与结果!B8 -> 0 | F24: =1 -> 1 | G24: =配置与结果!D6 -> 5 | H24: =配置与结果!D7 -> 1 | I24: =配置与结果!D8 -> 5 | J24: =配置与结果!D9 -> 1 | K24: =INDEX(效果参数!$C$105:$G$105,1,J24) -> 1 | L24: =AND(K24=1,INDEX(效果参数!$C$99:$G$99,1,H24)=1,INDEX(效果参数!$C$29:$H$29,1,C24+1)=1) -> TRUE | M24: =IF(AND(K24=1,L24),SUM(行动计算!AU762:AU797),"") -> 8766612 | N24: =IF(K24=1,SUMIFS(行动计算!AU762:AU797,行动计算!D762:D797,1),"") -> 3133250.7 | O24: =IF(L24,SUMIFS(行动计算!AU762:AU797,行动计算!D762:D797,2),"") -> 5633361.3 | P24: =IF(AND(K24=1,L24),SUMIFS(行动计算!AU762:AU797,行动计算!F762:F797,1),"") -> 7363386 | Q24: =IF(AND(K24=1,L24),SUMIFS(行动计算!AU762:AU797,行动计算!F762:F797,2),"") -> 642844.12 | R24: =IF(AND(K24=1,L24),SUMIFS(行动计算!AU762:AU797,行动计算!F762:F797,3),"") -> 489818.29 | S24: =IF(AND(K24=1,L24),SUMIFS(行动计算!AU762:AU797,行动计算!F762:F797,4),"") -> 270563.56 | T24: =IF(AND(ISNUMBER(M24),ISNUMBER($M$3),$M$3>0),M24/$M$3-1,"") -> 0 | U24: =INDEX(效果参数!$C$98:$G$98,1,H24) -> 0.04 | V24: =INDEX(效果参数!$C$97:$G$97,1,G24) -> 0.06 | W24: =INDEX(效果参数!$C$101:$G$101,1,I24) -> 0.02 | X24: =INDEX(效果参数!$C$102:$G$102,1,I24) -> 0.16 | Y24: =INDEX(效果参数!$C$100:$G$100,1,I24) -> 0.1 | Z24: =INDEX(效果参数!$C$103:$G$103,1,J24) -> 0.04 | AA24: =INDEX(效果参数!$C$104:$G$104,1,J24) -> 0.004 | AB24: =INDEX(效果参数!$C$30:$H$30,1,D24+1) -> 0.3 | AC24: =INDEX(效果参数!$C$31:$H$31,1,D24+1) -> 0.2 | AD24: =INDEX(效果参数!$C$32:$H$32,1,D24+1) -> 500 | AE24: =INDEX(效果参数!$C$33:$H$33,1,D24+1) -> 0.4 | AF24: =INDEX(效果参数!$C$34:$H$34,1,D24+1) -> 0.4 | AG24: =INDEX(效果参数!$C$43:$H$43,1,E24+1) -> 0.3 | AH24: =INDEX(效果参数!$C$44:$H$44,1,E24+1) -> 0.04 | AI24: =INDEX(效果参数!$C$45:$H$45,1,E24+1) -> 5 | AJ24: =INDEX(效果参数!$C$46:$H$46,1,E24+1) -> 1 | AK24: =INDEX(效果参数!$C$47:$H$47,1,E24+1) -> 2 | AL24: =INDEX(效果参数!$C$48:$H$48,1,E24+1) -> 0.08 | AM24: =INDEX(效果参数!$C$49:$H$49,1,E24+1) -> 250 | AN24: =INDEX(效果参数!$C$50:$H$50,1,E24+1) -> 0.15 | AO24: =INDEX(效果参数!$C$51:$H$51,1,E24+1) -> 0.15 | AP24: =INDEX(效果参数!$C$52:$H$52,1,E24+1) -> 0.15 | AQ24: =INDEX(效果参数!$C$53:$H$53,1,E24+1) -> 0.15 | AR24: =INDEX(效果参数!$C$56:$H$56,1,F24+1) -> 35 | AS24: =INDEX(效果参数!$C$57:$H$57,1,F24+1) -> 0.01 | AT24: =INDEX(效果参数!$C$58:$H$58,1,F24+1) -> 7 | AU24: =INDEX(效果参数!$C$59:$H$59,1,F24+1) -> 0.5 | AV24: =INDEX(效果参数!$C$6:$H$6,1,C24+1) -> 2 | AW24: =INDEX(效果参数!$C$7:$H$7,1,C24+1) -> 4 | AX24: =INDEX(效果参数!$C$8:$H$8,1,C24+1) -> 8 | AY24: =INDEX(效果参数!$C$9:$H$9,1,C24+1) -> 0.1 | AZ24: =INDEX(效果参数!$C$10:$H$10,1,C24+1) -> 0.2 | BA24: =INDEX(效果参数!$C$11:$H$11,1,C24+1) -> 0.6 | BB24: =INDEX(效果参数!$C$12:$H$12,1,C24+1) -> 1.2 | BC24: =INDEX(效果参数!$C$13:$H$13,1,C24+1) -> 0.06 | BD24: =INDEX(效果参数!$C$14:$H$14,1,C24+1) -> 3 | BE24: =INDEX(效果参数!$C$15:$H$15,1,C24+1) -> 1 | BF24: =INDEX(效果参数!$C$16:$H$16,1,C24+1) -> 0.025 | BG24: =INDEX(效果参数!$C$17:$H$17,1,C24+1) -> 18 | BH24: =INDEX(效果参数!$C$18:$H$18,1,C24+1) -> 18 | BI24: =INDEX(效果参数!$C$19:$H$19,1,C24+1) -> 1 | BJ24: =INDEX(效果参数!$C$20:$H$20,1,C24+1) -> 1 | BK24: =INDEX(效果参数!$C$21:$H$21,1,C24+1) -> 0.2 | BL24: =INDEX(效果参数!$C$22:$H$22,1,C24+1) -> 9 | BM24: =INDEX(效果参数!$C$23:$H$23,1,C24+1) -> 20 | BN24: =INDEX(效果参数!$C$24:$H$24,1,C24+1) -> 30 | BO24: =INDEX(效果参数!$C$25:$H$25,1,C24+1) -> 1.5 | BP24: =INDEX(效果参数!$C$26:$H$26,1,C24+1) -> 0.6 | BQ24: =INDEX(效果参数!$C$27:$H$27,1,C24+1) -> 0.8 | BR24: =INDEX(效果参数!$C$28:$H$28,1,C24+1) -> 1 | BS24: =INDEX(效果参数!$C$35:$H$35,1,D24+1) -> 2.8 | BT24: =INDEX(效果参数!$C$36:$H$36,1,D24+1) -> 1.4 | BU24: =INDEX(效果参数!$C$37:$H$37,1,D24+1) -> 0.8 | BV24: =INDEX(效果参数!$C$38:$H$38,1,D24+1) -> 3 | BW24: =INDEX(效果参数!$C$39:$H$39,1,D24+1) -> 1 | BX24: =INDEX(效果参数!$C$40:$H$40,1,D24+1) -> 2 | BY24: =INDEX(效果参数!$C$41:$H$41,1,D24+1) -> 1 | BZ24: =IF(配置与结果!$H$24=1,AR24,MIN(AR24,MAX(0,配置与结果!$H$25))) -> 35 | CA24: =ROUNDDOWN(配置与结果!$B$17*(1+0.05+Y24),0) -> 2986 | CB24: =MIN(AD24,ROUNDDOWN((配置与结果!$B$16+CC24)*AC24,0)) -> 500 | CC24: =MIN(AM24,ROUNDDOWN(CA24*AL24,0)) -> 238 | CD24: =INDEX(效果参数!$C$96:$G$96,1,G24) -> 0.16 | CE24: =INDEX(效果参数!$C$42:$H$42,1,D24+1) -> 8 | CF24: =INDEX(效果参数!$C$54:$H$54,1,E24+1) -> 15 | CG24: =INDEX(效果参数!$C$55:$H$55,1,E24+1) -> 1.5 | CH24: =INDEX(效果参数!$C$106:$G$106,1,H24) -> 0.12
A25: =22 -> 22 | B25: ="J 2塑" -> J 2塑 | C25: =配置与结果!B6 -> 0 | D25: =配置与结果!B7 -> 0 | E25: =配置与结果!B8 -> 0 | F25: =2 -> 2 | G25: =配置与结果!D6 -> 5 | H25: =配置与结果!D7 -> 1 | I25: =配置与结果!D8 -> 5 | J25: =配置与结果!D9 -> 1 | K25: =INDEX(效果参数!$C$105:$G$105,1,J25) -> 1 | L25: =AND(K25=1,INDEX(效果参数!$C$99:$G$99,1,H25)=1,INDEX(效果参数!$C$29:$H$29,1,C25+1)=1) -> TRUE | M25: =IF(AND(K25=1,L25),SUM(行动计算!AU798:AU833),"") -> 8855228.9 | N25: =IF(K25=1,SUMIFS(行动计算!AU798:AU833,行动计算!D798:D833,1),"") -> 3221867.7 | O25: =IF(L25,SUMIFS(行动计算!AU798:AU833,行动计算!D798:D833,2),"") -> 5633361.3 | P25: =IF(AND(K25=1,L25),SUMIFS(行动计算!AU798:AU833,行动计算!F798:F833,1),"") -> 7363386 | Q25: =IF(AND(K25=1,L25),SUMIFS(行动计算!AU798:AU833,行动计算!F798:F833,2),"") -> 642844.12 | R25: =IF(AND(K25=1,L25),SUMIFS(行动计算!AU798:AU833,行动计算!F798:F833,3),"") -> 489818.29 | S25: =IF(AND(K25=1,L25),SUMIFS(行动计算!AU798:AU833,行动计算!F798:F833,4),"") -> 359180.52 | T25: =IF(AND(ISNUMBER(M25),ISNUMBER($M$3),$M$3>0),M25/$M$3-1,"") -> 0.010108461 | U25: =INDEX(效果参数!$C$98:$G$98,1,H25) -> 0.04 | V25: =INDEX(效果参数!$C$97:$G$97,1,G25) -> 0.06 | W25: =INDEX(效果参数!$C$101:$G$101,1,I25) -> 0.02 | X25: =INDEX(效果参数!$C$102:$G$102,1,I25) -> 0.16 | Y25: =INDEX(效果参数!$C$100:$G$100,1,I25) -> 0.1 | Z25: =INDEX(效果参数!$C$103:$G$103,1,J25) -> 0.04 | AA25: =INDEX(效果参数!$C$104:$G$104,1,J25) -> 0.004 | AB25: =INDEX(效果参数!$C$30:$H$30,1,D25+1) -> 0.3 | AC25: =INDEX(效果参数!$C$31:$H$31,1,D25+1) -> 0.2 | AD25: =INDEX(效果参数!$C$32:$H$32,1,D25+1) -> 500 | AE25: =INDEX(效果参数!$C$33:$H$33,1,D25+1) -> 0.4 | AF25: =INDEX(效果参数!$C$34:$H$34,1,D25+1) -> 0.4 | AG25: =INDEX(效果参数!$C$43:$H$43,1,E25+1) -> 0.3 | AH25: =INDEX(效果参数!$C$44:$H$44,1,E25+1) -> 0.04 | AI25: =INDEX(效果参数!$C$45:$H$45,1,E25+1) -> 5 | AJ25: =INDEX(效果参数!$C$46:$H$46,1,E25+1) -> 1 | AK25: =INDEX(效果参数!$C$47:$H$47,1,E25+1) -> 2 | AL25: =INDEX(效果参数!$C$48:$H$48,1,E25+1) -> 0.08 | AM25: =INDEX(效果参数!$C$49:$H$49,1,E25+1) -> 250 | AN25: =INDEX(效果参数!$C$50:$H$50,1,E25+1) -> 0.15 | AO25: =INDEX(效果参数!$C$51:$H$51,1,E25+1) -> 0.15 | AP25: =INDEX(效果参数!$C$52:$H$52,1,E25+1) -> 0.15 | AQ25: =INDEX(效果参数!$C$53:$H$53,1,E25+1) -> 0.15 | AR25: =INDEX(效果参数!$C$56:$H$56,1,F25+1) -> 35 | AS25: =INDEX(效果参数!$C$57:$H$57,1,F25+1) -> 0.02 | AT25: =INDEX(效果参数!$C$58:$H$58,1,F25+1) -> 7 | AU25: =INDEX(效果参数!$C$59:$H$59,1,F25+1) -> 0.5 | AV25: =INDEX(效果参数!$C$6:$H$6,1,C25+1) -> 2 | AW25: =INDEX(效果参数!$C$7:$H$7,1,C25+1) -> 4 | AX25: =INDEX(效果参数!$C$8:$H$8,1,C25+1) -> 8 | AY25: =INDEX(效果参数!$C$9:$H$9,1,C25+1) -> 0.1 | AZ25: =INDEX(效果参数!$C$10:$H$10,1,C25+1) -> 0.2 | BA25: =INDEX(效果参数!$C$11:$H$11,1,C25+1) -> 0.6 | BB25: =INDEX(效果参数!$C$12:$H$12,1,C25+1) -> 1.2 | BC25: =INDEX(效果参数!$C$13:$H$13,1,C25+1) -> 0.06 | BD25: =INDEX(效果参数!$C$14:$H$14,1,C25+1) -> 3 | BE25: =INDEX(效果参数!$C$15:$H$15,1,C25+1) -> 1 | BF25: =INDEX(效果参数!$C$16:$H$16,1,C25+1) -> 0.025 | BG25: =INDEX(效果参数!$C$17:$H$17,1,C25+1) -> 18 | BH25: =INDEX(效果参数!$C$18:$H$18,1,C25+1) -> 18 | BI25: =INDEX(效果参数!$C$19:$H$19,1,C25+1) -> 1 | BJ25: =INDEX(效果参数!$C$20:$H$20,1,C25+1) -> 1 | BK25: =INDEX(效果参数!$C$21:$H$21,1,C25+1) -> 0.2 | BL25: =INDEX(效果参数!$C$22:$H$22,1,C25+1) -> 9 | BM25: =INDEX(效果参数!$C$23:$H$23,1,C25+1) -> 20 | BN25: =INDEX(效果参数!$C$24:$H$24,1,C25+1) -> 30 | BO25: =INDEX(效果参数!$C$25:$H$25,1,C25+1) -> 1.5 | BP25: =INDEX(效果参数!$C$26:$H$26,1,C25+1) -> 0.6 | BQ25: =INDEX(效果参数!$C$27:$H$27,1,C25+1) -> 0.8 | BR25: =INDEX(效果参数!$C$28:$H$28,1,C25+1) -> 1 | BS25: =INDEX(效果参数!$C$35:$H$35,1,D25+1) -> 2.8 | BT25: =INDEX(效果参数!$C$36:$H$36,1,D25+1) -> 1.4 | BU25: =INDEX(效果参数!$C$37:$H$37,1,D25+1) -> 0.8 | BV25: =INDEX(效果参数!$C$38:$H$38,1,D25+1) -> 3 | BW25: =INDEX(效果参数!$C$39:$H$39,1,D25+1) -> 1 | BX25: =INDEX(效果参数!$C$40:$H$40,1,D25+1) -> 2 | BY25: =INDEX(效果参数!$C$41:$H$41,1,D25+1) -> 1 | BZ25: =IF(配置与结果!$H$24=1,AR25,MIN(AR25,MAX(0,配置与结果!$H$25))) -> 35 | CA25: =ROUNDDOWN(配置与结果!$B$17*(1+0.05+Y25),0) -> 2986 | CB25: =MIN(AD25,ROUNDDOWN((配置与结果!$B$16+CC25)*AC25,0)) -> 500 | CC25: =MIN(AM25,ROUNDDOWN(CA25*AL25,0)) -> 238 | CD25: =INDEX(效果参数!$C$96:$G$96,1,G25) -> 0.16 | CE25: =INDEX(效果参数!$C$42:$H$42,1,D25+1) -> 8 | CF25: =INDEX(效果参数!$C$54:$H$54,1,E25+1) -> 15 | CG25: =INDEX(效果参数!$C$55:$H$55,1,E25+1) -> 1.5 | CH25: =INDEX(效果参数!$C$106:$G$106,1,H25) -> 0.12
A26: =23 -> 23 | B26: ="J 3塑" -> J 3塑 | C26: =配置与结果!B6 -> 0 | D26: =配置与结果!B7 -> 0 | E26: =配置与结果!B8 -> 0 | F26: =3 -> 3 | G26: =配置与结果!D6 -> 5 | H26: =配置与结果!D7 -> 1 | I26: =配置与结果!D8 -> 5 | J26: =配置与结果!D9 -> 1 | K26: =INDEX(效果参数!$C$105:$G$105,1,J26) -> 1 | L26: =AND(K26=1,INDEX(效果参数!$C$99:$G$99,1,H26)=1,INDEX(效果参数!$C$29:$H$29,1,C26+1)=1) -> TRUE | M26: =IF(AND(K26=1,L26),SUM(行动计算!AU834:AU869),"") -> 9783412.3 | N26: =IF(K26=1,SUMIFS(行动计算!AU834:AU869,行动计算!D834:D869,1),"") -> 3604233.1 | O26: =IF(L26,SUMIFS(行动计算!AU834:AU869,行动计算!D834:D869,2),"") -> 6179179.2 | P26: =IF(AND(K26=1,L26),SUMIFS(行动计算!AU834:AU869,行动计算!F834:F869,1),"") -> 8055462 | Q26: =IF(AND(K26=1,L26),SUMIFS(行动计算!AU834:AU869,行动计算!F834:F869,2),"") -> 703462 | R26: =IF(AND(K26=1,L26),SUMIFS(行动计算!AU834:AU869,行动计算!F834:F869,3),"") -> 532261.97 | S26: =IF(AND(K26=1,L26),SUMIFS(行动计算!AU834:AU869,行动计算!F834:F869,4),"") -> 492226.36 | T26: =IF(AND(ISNUMBER(M26),ISNUMBER($M$3),$M$3>0),M26/$M$3-1,"") -> 0.11598556 | U26: =INDEX(效果参数!$C$98:$G$98,1,H26) -> 0.04 | V26: =INDEX(效果参数!$C$97:$G$97,1,G26) -> 0.06 | W26: =INDEX(效果参数!$C$101:$G$101,1,I26) -> 0.02 | X26: =INDEX(效果参数!$C$102:$G$102,1,I26) -> 0.16 | Y26: =INDEX(效果参数!$C$100:$G$100,1,I26) -> 0.1 | Z26: =INDEX(效果参数!$C$103:$G$103,1,J26) -> 0.04 | AA26: =INDEX(效果参数!$C$104:$G$104,1,J26) -> 0.004 | AB26: =INDEX(效果参数!$C$30:$H$30,1,D26+1) -> 0.3 | AC26: =INDEX(效果参数!$C$31:$H$31,1,D26+1) -> 0.2 | AD26: =INDEX(效果参数!$C$32:$H$32,1,D26+1) -> 500 | AE26: =INDEX(效果参数!$C$33:$H$33,1,D26+1) -> 0.4 | AF26: =INDEX(效果参数!$C$34:$H$34,1,D26+1) -> 0.4 | AG26: =INDEX(效果参数!$C$43:$H$43,1,E26+1) -> 0.3 | AH26: =INDEX(效果参数!$C$44:$H$44,1,E26+1) -> 0.04 | AI26: =INDEX(效果参数!$C$45:$H$45,1,E26+1) -> 5 | AJ26: =INDEX(效果参数!$C$46:$H$46,1,E26+1) -> 1 | AK26: =INDEX(效果参数!$C$47:$H$47,1,E26+1) -> 2 | AL26: =INDEX(效果参数!$C$48:$H$48,1,E26+1) -> 0.08 | AM26: =INDEX(效果参数!$C$49:$H$49,1,E26+1) -> 250 | AN26: =INDEX(效果参数!$C$50:$H$50,1,E26+1) -> 0.15 | AO26: =INDEX(效果参数!$C$51:$H$51,1,E26+1) -> 0.15 | AP26: =INDEX(效果参数!$C$52:$H$52,1,E26+1) -> 0.15 | AQ26: =INDEX(效果参数!$C$53:$H$53,1,E26+1) -> 0.15 | AR26: =INDEX(效果参数!$C$56:$H$56,1,F26+1) -> 45 | AS26: =INDEX(效果参数!$C$57:$H$57,1,F26+1) -> 0.02 | AT26: =INDEX(效果参数!$C$58:$H$58,1,F26+1) -> 7 | AU26: =INDEX(效果参数!$C$59:$H$59,1,F26+1) -> 0.5 | AV26: =INDEX(效果参数!$C$6:$H$6,1,C26+1) -> 2 | AW26: =INDEX(效果参数!$C$7:$H$7,1,C26+1) -> 4 | AX26: =INDEX(效果参数!$C$8:$H$8,1,C26+1) -> 8 | AY26: =INDEX(效果参数!$C$9:$H$9,1,C26+1) -> 0.1 | AZ26: =INDEX(效果参数!$C$10:$H$10,1,C26+1) -> 0.2 | BA26: =INDEX(效果参数!$C$11:$H$11,1,C26+1) -> 0.6 | BB26: =INDEX(效果参数!$C$12:$H$12,1,C26+1) -> 1.2 | BC26: =INDEX(效果参数!$C$13:$H$13,1,C26+1) -> 0.06 | BD26: =INDEX(效果参数!$C$14:$H$14,1,C26+1) -> 3 | BE26: =INDEX(效果参数!$C$15:$H$15,1,C26+1) -> 1 | BF26: =INDEX(效果参数!$C$16:$H$16,1,C26+1) -> 0.025 | BG26: =INDEX(效果参数!$C$17:$H$17,1,C26+1) -> 18 | BH26: =INDEX(效果参数!$C$18:$H$18,1,C26+1) -> 18 | BI26: =INDEX(效果参数!$C$19:$H$19,1,C26+1) -> 1 | BJ26: =INDEX(效果参数!$C$20:$H$20,1,C26+1) -> 1 | BK26: =INDEX(效果参数!$C$21:$H$21,1,C26+1) -> 0.2 | BL26: =INDEX(效果参数!$C$22:$H$22,1,C26+1) -> 9 | BM26: =INDEX(效果参数!$C$23:$H$23,1,C26+1) -> 20 | BN26: =INDEX(效果参数!$C$24:$H$24,1,C26+1) -> 30 | BO26: =INDEX(效果参数!$C$25:$H$25,1,C26+1) -> 1.5 | BP26: =INDEX(效果参数!$C$26:$H$26,1,C26+1) -> 0.6 | BQ26: =INDEX(效果参数!$C$27:$H$27,1,C26+1) -> 0.8 | BR26: =INDEX(效果参数!$C$28:$H$28,1,C26+1) -> 1 | BS26: =INDEX(效果参数!$C$35:$H$35,1,D26+1) -> 2.8 | BT26: =INDEX(效果参数!$C$36:$H$36,1,D26+1) -> 1.4 | BU26: =INDEX(效果参数!$C$37:$H$37,1,D26+1) -> 0.8 | BV26: =INDEX(效果参数!$C$38:$H$38,1,D26+1) -> 3 | BW26: =INDEX(效果参数!$C$39:$H$39,1,D26+1) -> 1 | BX26: =INDEX(效果参数!$C$40:$H$40,1,D26+1) -> 2 | BY26: =INDEX(效果参数!$C$41:$H$41,1,D26+1) -> 1 | BZ26: =IF(配置与结果!$H$24=1,AR26,MIN(AR26,MAX(0,配置与结果!$H$25))) -> 45 | CA26: =ROUNDDOWN(配置与结果!$B$17*(1+0.05+Y26),0) -> 2986 | CB26: =MIN(AD26,ROUNDDOWN((配置与结果!$B$16+CC26)*AC26,0)) -> 500 | CC26: =MIN(AM26,ROUNDDOWN(CA26*AL26,0)) -> 238 | CD26: =INDEX(效果参数!$C$96:$G$96,1,G26) -> 0.16 | CE26: =INDEX(效果参数!$C$42:$H$42,1,D26+1) -> 8 | CF26: =INDEX(效果参数!$C$54:$H$54,1,E26+1) -> 15 | CG26: =INDEX(效果参数!$C$55:$H$55,1,E26+1) -> 1.5 | CH26: =INDEX(效果参数!$C$106:$G$106,1,H26) -> 0.12
A27: =24 -> 24 | B27: ="J 4塑" -> J 4塑 | C27: =配置与结果!B6 -> 0 | D27: =配置与结果!B7 -> 0 | E27: =配置与结果!B8 -> 0 | F27: =4 -> 4 | G27: =配置与结果!D6 -> 5 | H27: =配置与结果!D7 -> 1 | I27: =配置与结果!D8 -> 5 | J27: =配置与结果!D9 -> 1 | K27: =INDEX(效果参数!$C$105:$G$105,1,J27) -> 1 | L27: =AND(K27=1,INDEX(效果参数!$C$99:$G$99,1,H27)=1,INDEX(效果参数!$C$29:$H$29,1,C27+1)=1) -> TRUE | M27: =IF(AND(K27=1,L27),SUM(行动计算!AU870:AU905),"") -> 9971031.4 | N27: =IF(K27=1,SUMIFS(行动计算!AU870:AU905,行动计算!D870:D905,1),"") -> 3791852.2 | O27: =IF(L27,SUMIFS(行动计算!AU870:AU905,行动计算!D870:D905,2),"") -> 6179179.2 | P27: =IF(AND(K27=1,L27),SUMIFS(行动计算!AU870:AU905,行动计算!F870:F905,1),"") -> 8055462 | Q27: =IF(AND(K27=1,L27),SUMIFS(行动计算!AU870:AU905,行动计算!F870:F905,2),"") -> 703462 | R27: =IF(AND(K27=1,L27),SUMIFS(行动计算!AU870:AU905,行动计算!F870:F905,3),"") -> 532261.97 | S27: =IF(AND(K27=1,L27),SUMIFS(行动计算!AU870:AU905,行动计算!F870:F905,4),"") -> 679845.43 | T27: =IF(AND(ISNUMBER(M27),ISNUMBER($M$3),$M$3>0),M27/$M$3-1,"") -> 0.1373871 | U27: =INDEX(效果参数!$C$98:$G$98,1,H27) -> 0.04 | V27: =INDEX(效果参数!$C$97:$G$97,1,G27) -> 0.06 | W27: =INDEX(效果参数!$C$101:$G$101,1,I27) -> 0.02 | X27: =INDEX(效果参数!$C$102:$G$102,1,I27) -> 0.16 | Y27: =INDEX(效果参数!$C$100:$G$100,1,I27) -> 0.1 | Z27: =INDEX(效果参数!$C$103:$G$103,1,J27) -> 0.04 | AA27: =INDEX(效果参数!$C$104:$G$104,1,J27) -> 0.004 | AB27: =INDEX(效果参数!$C$30:$H$30,1,D27+1) -> 0.3 | AC27: =INDEX(效果参数!$C$31:$H$31,1,D27+1) -> 0.2 | AD27: =INDEX(效果参数!$C$32:$H$32,1,D27+1) -> 500 | AE27: =INDEX(效果参数!$C$33:$H$33,1,D27+1) -> 0.4 | AF27: =INDEX(效果参数!$C$34:$H$34,1,D27+1) -> 0.4 | AG27: =INDEX(效果参数!$C$43:$H$43,1,E27+1) -> 0.3 | AH27: =INDEX(效果参数!$C$44:$H$44,1,E27+1) -> 0.04 | AI27: =INDEX(效果参数!$C$45:$H$45,1,E27+1) -> 5 | AJ27: =INDEX(效果参数!$C$46:$H$46,1,E27+1) -> 1 | AK27: =INDEX(效果参数!$C$47:$H$47,1,E27+1) -> 2 | AL27: =INDEX(效果参数!$C$48:$H$48,1,E27+1) -> 0.08 | AM27: =INDEX(效果参数!$C$49:$H$49,1,E27+1) -> 250 | AN27: =INDEX(效果参数!$C$50:$H$50,1,E27+1) -> 0.15 | AO27: =INDEX(效果参数!$C$51:$H$51,1,E27+1) -> 0.15 | AP27: =INDEX(效果参数!$C$52:$H$52,1,E27+1) -> 0.15 | AQ27: =INDEX(效果参数!$C$53:$H$53,1,E27+1) -> 0.15 | AR27: =INDEX(效果参数!$C$56:$H$56,1,F27+1) -> 45 | AS27: =INDEX(效果参数!$C$57:$H$57,1,F27+1) -> 0.02 | AT27: =INDEX(效果参数!$C$58:$H$58,1,F27+1) -> 9 | AU27: =INDEX(效果参数!$C$59:$H$59,1,F27+1) -> 0.75 | AV27: =INDEX(效果参数!$C$6:$H$6,1,C27+1) -> 2 | AW27: =INDEX(效果参数!$C$7:$H$7,1,C27+1) -> 4 | AX27: =INDEX(效果参数!$C$8:$H$8,1,C27+1) -> 8 | AY27: =INDEX(效果参数!$C$9:$H$9,1,C27+1) -> 0.1 | AZ27: =INDEX(效果参数!$C$10:$H$10,1,C27+1) -> 0.2 | BA27: =INDEX(效果参数!$C$11:$H$11,1,C27+1) -> 0.6 | BB27: =INDEX(效果参数!$C$12:$H$12,1,C27+1) -> 1.2 | BC27: =INDEX(效果参数!$C$13:$H$13,1,C27+1) -> 0.06 | BD27: =INDEX(效果参数!$C$14:$H$14,1,C27+1) -> 3 | BE27: =INDEX(效果参数!$C$15:$H$15,1,C27+1) -> 1 | BF27: =INDEX(效果参数!$C$16:$H$16,1,C27+1) -> 0.025 | BG27: =INDEX(效果参数!$C$17:$H$17,1,C27+1) -> 18 | BH27: =INDEX(效果参数!$C$18:$H$18,1,C27+1) -> 18 | BI27: =INDEX(效果参数!$C$19:$H$19,1,C27+1) -> 1 | BJ27: =INDEX(效果参数!$C$20:$H$20,1,C27+1) -> 1 | BK27: =INDEX(效果参数!$C$21:$H$21,1,C27+1) -> 0.2 | BL27: =INDEX(效果参数!$C$22:$H$22,1,C27+1) -> 9 | BM27: =INDEX(效果参数!$C$23:$H$23,1,C27+1) -> 20 | BN27: =INDEX(效果参数!$C$24:$H$24,1,C27+1) -> 30 | BO27: =INDEX(效果参数!$C$25:$H$25,1,C27+1) -> 1.5 | BP27: =INDEX(效果参数!$C$26:$H$26,1,C27+1) -> 0.6 | BQ27: =INDEX(效果参数!$C$27:$H$27,1,C27+1) -> 0.8 | BR27: =INDEX(效果参数!$C$28:$H$28,1,C27+1) -> 1 | BS27: =INDEX(效果参数!$C$35:$H$35,1,D27+1) -> 2.8 | BT27: =INDEX(效果参数!$C$36:$H$36,1,D27+1) -> 1.4 | BU27: =INDEX(效果参数!$C$37:$H$37,1,D27+1) -> 0.8 | BV27: =INDEX(效果参数!$C$38:$H$38,1,D27+1) -> 3 | BW27: =INDEX(效果参数!$C$39:$H$39,1,D27+1) -> 1 | BX27: =INDEX(效果参数!$C$40:$H$40,1,D27+1) -> 2 | BY27: =INDEX(效果参数!$C$41:$H$41,1,D27+1) -> 1 | BZ27: =IF(配置与结果!$H$24=1,AR27,MIN(AR27,MAX(0,配置与结果!$H$25))) -> 45 | CA27: =ROUNDDOWN(配置与结果!$B$17*(1+0.05+Y27),0) -> 2986 | CB27: =MIN(AD27,ROUNDDOWN((配置与结果!$B$16+CC27)*AC27,0)) -> 500 | CC27: =MIN(AM27,ROUNDDOWN(CA27*AL27,0)) -> 238 | CD27: =INDEX(效果参数!$C$96:$G$96,1,G27) -> 0.16 | CE27: =INDEX(效果参数!$C$42:$H$42,1,D27+1) -> 8 | CF27: =INDEX(效果参数!$C$54:$H$54,1,E27+1) -> 15 | CG27: =INDEX(效果参数!$C$55:$H$55,1,E27+1) -> 1.5 | CH27: =INDEX(效果参数!$C$106:$G$106,1,H27) -> 0.12
A28: =25 -> 25 | B28: ="J 5塑" -> J 5塑 | C28: =配置与结果!B6 -> 0 | D28: =配置与结果!B7 -> 0 | E28: =配置与结果!B8 -> 0 | F28: =5 -> 5 | G28: =配置与结果!D6 -> 5 | H28: =配置与结果!D7 -> 1 | I28: =配置与结果!D8 -> 5 | J28: =配置与结果!D9 -> 1 | K28: =INDEX(效果参数!$C$105:$G$105,1,J28) -> 1 | L28: =AND(K28=1,INDEX(效果参数!$C$99:$G$99,1,H28)=1,INDEX(效果参数!$C$29:$H$29,1,C28+1)=1) -> TRUE | M28: =IF(AND(K28=1,L28),SUM(行动计算!AU906:AU941),"") -> 10158553 | N28: =IF(K28=1,SUMIFS(行动计算!AU906:AU941,行动计算!D906:D941,1),"") -> 3979374.1 | O28: =IF(L28,SUMIFS(行动计算!AU906:AU941,行动计算!D906:D941,2),"") -> 6179179.2 | P28: =IF(AND(K28=1,L28),SUMIFS(行动计算!AU906:AU941,行动计算!F906:F941,1),"") -> 8055462 | Q28: =IF(AND(K28=1,L28),SUMIFS(行动计算!AU906:AU941,行动计算!F906:F941,2),"") -> 703462 | R28: =IF(AND(K28=1,L28),SUMIFS(行动计算!AU906:AU941,行动计算!F906:F941,3),"") -> 532261.97 | S28: =IF(AND(K28=1,L28),SUMIFS(行动计算!AU906:AU941,行动计算!F906:F941,4),"") -> 867367.37 | T28: =IF(AND(ISNUMBER(M28),ISNUMBER($M$3),$M$3>0),M28/$M$3-1,"") -> 0.15877757 | U28: =INDEX(效果参数!$C$98:$G$98,1,H28) -> 0.04 | V28: =INDEX(效果参数!$C$97:$G$97,1,G28) -> 0.06 | W28: =INDEX(效果参数!$C$101:$G$101,1,I28) -> 0.02 | X28: =INDEX(效果参数!$C$102:$G$102,1,I28) -> 0.16 | Y28: =INDEX(效果参数!$C$100:$G$100,1,I28) -> 0.1 | Z28: =INDEX(效果参数!$C$103:$G$103,1,J28) -> 0.04 | AA28: =INDEX(效果参数!$C$104:$G$104,1,J28) -> 0.004 | AB28: =INDEX(效果参数!$C$30:$H$30,1,D28+1) -> 0.3 | AC28: =INDEX(效果参数!$C$31:$H$31,1,D28+1) -> 0.2 | AD28: =INDEX(效果参数!$C$32:$H$32,1,D28+1) -> 500 | AE28: =INDEX(效果参数!$C$33:$H$33,1,D28+1) -> 0.4 | AF28: =INDEX(效果参数!$C$34:$H$34,1,D28+1) -> 0.4 | AG28: =INDEX(效果参数!$C$43:$H$43,1,E28+1) -> 0.3 | AH28: =INDEX(效果参数!$C$44:$H$44,1,E28+1) -> 0.04 | AI28: =INDEX(效果参数!$C$45:$H$45,1,E28+1) -> 5 | AJ28: =INDEX(效果参数!$C$46:$H$46,1,E28+1) -> 1 | AK28: =INDEX(效果参数!$C$47:$H$47,1,E28+1) -> 2 | AL28: =INDEX(效果参数!$C$48:$H$48,1,E28+1) -> 0.08 | AM28: =INDEX(效果参数!$C$49:$H$49,1,E28+1) -> 250 | AN28: =INDEX(效果参数!$C$50:$H$50,1,E28+1) -> 0.15 | AO28: =INDEX(效果参数!$C$51:$H$51,1,E28+1) -> 0.15 | AP28: =INDEX(效果参数!$C$52:$H$52,1,E28+1) -> 0.15 | AQ28: =INDEX(效果参数!$C$53:$H$53,1,E28+1) -> 0.15 | AR28: =INDEX(效果参数!$C$56:$H$56,1,F28+1) -> 45 | AS28: =INDEX(效果参数!$C$57:$H$57,1,F28+1) -> 0.03 | AT28: =INDEX(效果参数!$C$58:$H$58,1,F28+1) -> 9 | AU28: =INDEX(效果参数!$C$59:$H$59,1,F28+1) -> 0.75 | AV28: =INDEX(效果参数!$C$6:$H$6,1,C28+1) -> 2 | AW28: =INDEX(效果参数!$C$7:$H$7,1,C28+1) -> 4 | AX28: =INDEX(效果参数!$C$8:$H$8,1,C28+1) -> 8 | AY28: =INDEX(效果参数!$C$9:$H$9,1,C28+1) -> 0.1 | AZ28: =INDEX(效果参数!$C$10:$H$10,1,C28+1) -> 0.2 | BA28: =INDEX(效果参数!$C$11:$H$11,1,C28+1) -> 0.6 | BB28: =INDEX(效果参数!$C$12:$H$12,1,C28+1) -> 1.2 | BC28: =INDEX(效果参数!$C$13:$H$13,1,C28+1) -> 0.06 | BD28: =INDEX(效果参数!$C$14:$H$14,1,C28+1) -> 3 | BE28: =INDEX(效果参数!$C$15:$H$15,1,C28+1) -> 1 | BF28: =INDEX(效果参数!$C$16:$H$16,1,C28+1) -> 0.025 | BG28: =INDEX(效果参数!$C$17:$H$17,1,C28+1) -> 18 | BH28: =INDEX(效果参数!$C$18:$H$18,1,C28+1) -> 18 | BI28: =INDEX(效果参数!$C$19:$H$19,1,C28+1) -> 1 | BJ28: =INDEX(效果参数!$C$20:$H$20,1,C28+1) -> 1 | BK28: =INDEX(效果参数!$C$21:$H$21,1,C28+1) -> 0.2 | BL28: =INDEX(效果参数!$C$22:$H$22,1,C28+1) -> 9 | BM28: =INDEX(效果参数!$C$23:$H$23,1,C28+1) -> 20 | BN28: =INDEX(效果参数!$C$24:$H$24,1,C28+1) -> 30 | BO28: =INDEX(效果参数!$C$25:$H$25,1,C28+1) -> 1.5 | BP28: =INDEX(效果参数!$C$26:$H$26,1,C28+1) -> 0.6 | BQ28: =INDEX(效果参数!$C$27:$H$27,1,C28+1) -> 0.8 | BR28: =INDEX(效果参数!$C$28:$H$28,1,C28+1) -> 1 | BS28: =INDEX(效果参数!$C$35:$H$35,1,D28+1) -> 2.8 | BT28: =INDEX(效果参数!$C$36:$H$36,1,D28+1) -> 1.4 | BU28: =INDEX(效果参数!$C$37:$H$37,1,D28+1) -> 0.8 | BV28: =INDEX(效果参数!$C$38:$H$38,1,D28+1) -> 3 | BW28: =INDEX(效果参数!$C$39:$H$39,1,D28+1) -> 1 | BX28: =INDEX(效果参数!$C$40:$H$40,1,D28+1) -> 2 | BY28: =INDEX(效果参数!$C$41:$H$41,1,D28+1) -> 1 | BZ28: =IF(配置与结果!$H$24=1,AR28,MIN(AR28,MAX(0,配置与结果!$H$25))) -> 45 | CA28: =ROUNDDOWN(配置与结果!$B$17*(1+0.05+Y28),0) -> 2986 | CB28: =MIN(AD28,ROUNDDOWN((配置与结果!$B$16+CC28)*AC28,0)) -> 500 | CC28: =MIN(AM28,ROUNDDOWN(CA28*AL28,0)) -> 238 | CD28: =INDEX(效果参数!$C$96:$G$96,1,G28) -> 0.16 | CE28: =INDEX(效果参数!$C$42:$H$42,1,D28+1) -> 8 | CF28: =INDEX(效果参数!$C$54:$H$54,1,E28+1) -> 15 | CG28: =INDEX(效果参数!$C$55:$H$55,1,E28+1) -> 1.5 | CH28: =INDEX(效果参数!$C$106:$G$106,1,H28) -> 0.12
A29: =26 -> 26 | B29: ="立于风暴脊 增幅1" -> 立于风暴脊 增幅1 | C29: =配置与结果!B6 -> 0 | D29: =配置与结果!B7 -> 0 | E29: =配置与结果!B8 -> 0 | F29: =配置与结果!B9 -> 0 | G29: =1 -> 1 | H29: =配置与结果!D7 -> 1 | I29: =配置与结果!D8 -> 5 | J29: =配置与结果!D9 -> 1 | K29: =INDEX(效果参数!$C$105:$G$105,1,J29) -> 1 | L29: =AND(K29=1,INDEX(效果参数!$C$99:$G$99,1,H29)=1,INDEX(效果参数!$C$29:$H$29,1,C29+1)=1) -> TRUE | M29: =IF(AND(K29=1,L29),SUM(行动计算!AU942:AU977),"") -> 7967879 | N29: =IF(K29=1,SUMIFS(行动计算!AU942:AU977,行动计算!D942:D977,1),"") -> 3056550.7 | O29: =IF(L29,SUMIFS(行动计算!AU942:AU977,行动计算!D942:D977,2),"") -> 4911328.3 | P29: =IF(AND(K29=1,L29),SUMIFS(行动计算!AU942:AU977,行动计算!F942:F977,1),"") -> 6564653 | Q29: =IF(AND(K29=1,L29),SUMIFS(行动计算!AU942:AU977,行动计算!F942:F977,2),"") -> 642844.12 | R29: =IF(AND(K29=1,L29),SUMIFS(行动计算!AU942:AU977,行动计算!F942:F977,3),"") -> 489818.29 | S29: =IF(AND(K29=1,L29),SUMIFS(行动计算!AU942:AU977,行动计算!F942:F977,4),"") -> 270563.56 | T29: =IF(AND(ISNUMBER(M29),ISNUMBER($M$3),$M$3>0),M29/$M$3-1,"") -> -0.091110797 | U29: =INDEX(效果参数!$C$98:$G$98,1,H29) -> 0.04 | V29: =INDEX(效果参数!$C$97:$G$97,1,G29) -> 0.03 | W29: =INDEX(效果参数!$C$101:$G$101,1,I29) -> 0.02 | X29: =INDEX(效果参数!$C$102:$G$102,1,I29) -> 0.16 | Y29: =INDEX(效果参数!$C$100:$G$100,1,I29) -> 0.1 | Z29: =INDEX(效果参数!$C$103:$G$103,1,J29) -> 0.04 | AA29: =INDEX(效果参数!$C$104:$G$104,1,J29) -> 0.004 | AB29: =INDEX(效果参数!$C$30:$H$30,1,D29+1) -> 0.3 | AC29: =INDEX(效果参数!$C$31:$H$31,1,D29+1) -> 0.2 | AD29: =INDEX(效果参数!$C$32:$H$32,1,D29+1) -> 500 | AE29: =INDEX(效果参数!$C$33:$H$33,1,D29+1) -> 0.4 | AF29: =INDEX(效果参数!$C$34:$H$34,1,D29+1) -> 0.4 | AG29: =INDEX(效果参数!$C$43:$H$43,1,E29+1) -> 0.3 | AH29: =INDEX(效果参数!$C$44:$H$44,1,E29+1) -> 0.04 | AI29: =INDEX(效果参数!$C$45:$H$45,1,E29+1) -> 5 | AJ29: =INDEX(效果参数!$C$46:$H$46,1,E29+1) -> 1 | AK29: =INDEX(效果参数!$C$47:$H$47,1,E29+1) -> 2 | AL29: =INDEX(效果参数!$C$48:$H$48,1,E29+1) -> 0.08 | AM29: =INDEX(效果参数!$C$49:$H$49,1,E29+1) -> 250 | AN29: =INDEX(效果参数!$C$50:$H$50,1,E29+1) -> 0.15 | AO29: =INDEX(效果参数!$C$51:$H$51,1,E29+1) -> 0.15 | AP29: =INDEX(效果参数!$C$52:$H$52,1,E29+1) -> 0.15 | AQ29: =INDEX(效果参数!$C$53:$H$53,1,E29+1) -> 0.15 | AR29: =INDEX(效果参数!$C$56:$H$56,1,F29+1) -> 35 | AS29: =INDEX(效果参数!$C$57:$H$57,1,F29+1) -> 0.01 | AT29: =INDEX(效果参数!$C$58:$H$58,1,F29+1) -> 7 | AU29: =INDEX(效果参数!$C$59:$H$59,1,F29+1) -> 0.5 | AV29: =INDEX(效果参数!$C$6:$H$6,1,C29+1) -> 2 | AW29: =INDEX(效果参数!$C$7:$H$7,1,C29+1) -> 4 | AX29: =INDEX(效果参数!$C$8:$H$8,1,C29+1) -> 8 | AY29: =INDEX(效果参数!$C$9:$H$9,1,C29+1) -> 0.1 | AZ29: =INDEX(效果参数!$C$10:$H$10,1,C29+1) -> 0.2 | BA29: =INDEX(效果参数!$C$11:$H$11,1,C29+1) -> 0.6 | BB29: =INDEX(效果参数!$C$12:$H$12,1,C29+1) -> 1.2 | BC29: =INDEX(效果参数!$C$13:$H$13,1,C29+1) -> 0.06 | BD29: =INDEX(效果参数!$C$14:$H$14,1,C29+1) -> 3 | BE29: =INDEX(效果参数!$C$15:$H$15,1,C29+1) -> 1 | BF29: =INDEX(效果参数!$C$16:$H$16,1,C29+1) -> 0.025 | BG29: =INDEX(效果参数!$C$17:$H$17,1,C29+1) -> 18 | BH29: =INDEX(效果参数!$C$18:$H$18,1,C29+1) -> 18 | BI29: =INDEX(效果参数!$C$19:$H$19,1,C29+1) -> 1 | BJ29: =INDEX(效果参数!$C$20:$H$20,1,C29+1) -> 1 | BK29: =INDEX(效果参数!$C$21:$H$21,1,C29+1) -> 0.2 | BL29: =INDEX(效果参数!$C$22:$H$22,1,C29+1) -> 9 | BM29: =INDEX(效果参数!$C$23:$H$23,1,C29+1) -> 20 | BN29: =INDEX(效果参数!$C$24:$H$24,1,C29+1) -> 30 | BO29: =INDEX(效果参数!$C$25:$H$25,1,C29+1) -> 1.5 | BP29: =INDEX(效果参数!$C$26:$H$26,1,C29+1) -> 0.6 | BQ29: =INDEX(效果参数!$C$27:$H$27,1,C29+1) -> 0.8 | BR29: =INDEX(效果参数!$C$28:$H$28,1,C29+1) -> 1 | BS29: =INDEX(效果参数!$C$35:$H$35,1,D29+1) -> 2.8 | BT29: =INDEX(效果参数!$C$36:$H$36,1,D29+1) -> 1.4 | BU29: =INDEX(效果参数!$C$37:$H$37,1,D29+1) -> 0.8 | BV29: =INDEX(效果参数!$C$38:$H$38,1,D29+1) -> 3 | BW29: =INDEX(效果参数!$C$39:$H$39,1,D29+1) -> 1 | BX29: =INDEX(效果参数!$C$40:$H$40,1,D29+1) -> 2 | BY29: =INDEX(效果参数!$C$41:$H$41,1,D29+1) -> 1 | BZ29: =IF(配置与结果!$H$24=1,AR29,MIN(AR29,MAX(0,配置与结果!$H$25))) -> 35 | CA29: =ROUNDDOWN(配置与结果!$B$17*(1+0.05+Y29),0) -> 2986 | CB29: =MIN(AD29,ROUNDDOWN((配置与结果!$B$16+CC29)*AC29,0)) -> 500 | CC29: =MIN(AM29,ROUNDDOWN(CA29*AL29,0)) -> 238 | CD29: =INDEX(效果参数!$C$96:$G$96,1,G29) -> 0.08 | CE29: =INDEX(效果参数!$C$42:$H$42,1,D29+1) -> 8 | CF29: =INDEX(效果参数!$C$54:$H$54,1,E29+1) -> 15 | CG29: =INDEX(效果参数!$C$55:$H$55,1,E29+1) -> 1.5 | CH29: =INDEX(效果参数!$C$106:$G$106,1,H29) -> 0.12
A30: =27 -> 27 | B30: ="立于风暴脊 增幅2" -> 立于风暴脊 增幅2 | C30: =配置与结果!B6 -> 0 | D30: =配置与结果!B7 -> 0 | E30: =配置与结果!B8 -> 0 | F30: =配置与结果!B9 -> 0 | G30: =2 -> 2 | H30: =配置与结果!D7 -> 1 | I30: =配置与结果!D8 -> 5 | J30: =配置与结果!D9 -> 1 | K30: =INDEX(效果参数!$C$105:$G$105,1,J30) -> 1 | L30: =AND(K30=1,INDEX(效果参数!$C$99:$G$99,1,H30)=1,INDEX(效果参数!$C$29:$H$29,1,C30+1)=1) -> TRUE | M30: =IF(AND(K30=1,L30),SUM(行动计算!AU978:AU1013),"") -> 8075580 | N30: =IF(K30=1,SUMIFS(行动计算!AU978:AU1013,行动计算!D978:D1013,1),"") -> 3094900.7 | O30: =IF(L30,SUMIFS(行动计算!AU978:AU1013,行动计算!D978:D1013,2),"") -> 4980679.3 | P30: =IF(AND(K30=1,L30),SUMIFS(行动计算!AU978:AU1013,行动计算!F978:F1013,1),"") -> 6672354 | Q30: =IF(AND(K30=1,L30),SUMIFS(行动计算!AU978:AU1013,行动计算!F978:F1013,2),"") -> 642844.12 | R30: =IF(AND(K30=1,L30),SUMIFS(行动计算!AU978:AU1013,行动计算!F978:F1013,3),"") -> 489818.29 | S30: =IF(AND(K30=1,L30),SUMIFS(行动计算!AU978:AU1013,行动计算!F978:F1013,4),"") -> 270563.56 | T30: =IF(AND(ISNUMBER(M30),ISNUMBER($M$3),$M$3>0),M30/$M$3-1,"") -> -0.078825435 | U30: =INDEX(效果参数!$C$98:$G$98,1,H30) -> 0.04 | V30: =INDEX(效果参数!$C$97:$G$97,1,G30) -> 0.03 | W30: =INDEX(效果参数!$C$101:$G$101,1,I30) -> 0.02 | X30: =INDEX(效果参数!$C$102:$G$102,1,I30) -> 0.16 | Y30: =INDEX(效果参数!$C$100:$G$100,1,I30) -> 0.1 | Z30: =INDEX(效果参数!$C$103:$G$103,1,J30) -> 0.04 | AA30: =INDEX(效果参数!$C$104:$G$104,1,J30) -> 0.004 | AB30: =INDEX(效果参数!$C$30:$H$30,1,D30+1) -> 0.3 | AC30: =INDEX(效果参数!$C$31:$H$31,1,D30+1) -> 0.2 | AD30: =INDEX(效果参数!$C$32:$H$32,1,D30+1) -> 500 | AE30: =INDEX(效果参数!$C$33:$H$33,1,D30+1) -> 0.4 | AF30: =INDEX(效果参数!$C$34:$H$34,1,D30+1) -> 0.4 | AG30: =INDEX(效果参数!$C$43:$H$43,1,E30+1) -> 0.3 | AH30: =INDEX(效果参数!$C$44:$H$44,1,E30+1) -> 0.04 | AI30: =INDEX(效果参数!$C$45:$H$45,1,E30+1) -> 5 | AJ30: =INDEX(效果参数!$C$46:$H$46,1,E30+1) -> 1 | AK30: =INDEX(效果参数!$C$47:$H$47,1,E30+1) -> 2 | AL30: =INDEX(效果参数!$C$48:$H$48,1,E30+1) -> 0.08 | AM30: =INDEX(效果参数!$C$49:$H$49,1,E30+1) -> 250 | AN30: =INDEX(效果参数!$C$50:$H$50,1,E30+1) -> 0.15 | AO30: =INDEX(效果参数!$C$51:$H$51,1,E30+1) -> 0.15 | AP30: =INDEX(效果参数!$C$52:$H$52,1,E30+1) -> 0.15 | AQ30: =INDEX(效果参数!$C$53:$H$53,1,E30+1) -> 0.15 | AR30: =INDEX(效果参数!$C$56:$H$56,1,F30+1) -> 35 | AS30: =INDEX(效果参数!$C$57:$H$57,1,F30+1) -> 0.01 | AT30: =INDEX(效果参数!$C$58:$H$58,1,F30+1) -> 7 | AU30: =INDEX(效果参数!$C$59:$H$59,1,F30+1) -> 0.5 | AV30: =INDEX(效果参数!$C$6:$H$6,1,C30+1) -> 2 | AW30: =INDEX(效果参数!$C$7:$H$7,1,C30+1) -> 4 | AX30: =INDEX(效果参数!$C$8:$H$8,1,C30+1) -> 8 | AY30: =INDEX(效果参数!$C$9:$H$9,1,C30+1) -> 0.1 | AZ30: =INDEX(效果参数!$C$10:$H$10,1,C30+1) -> 0.2 | BA30: =INDEX(效果参数!$C$11:$H$11,1,C30+1) -> 0.6 | BB30: =INDEX(效果参数!$C$12:$H$12,1,C30+1) -> 1.2 | BC30: =INDEX(效果参数!$C$13:$H$13,1,C30+1) -> 0.06 | BD30: =INDEX(效果参数!$C$14:$H$14,1,C30+1) -> 3 | BE30: =INDEX(效果参数!$C$15:$H$15,1,C30+1) -> 1 | BF30: =INDEX(效果参数!$C$16:$H$16,1,C30+1) -> 0.025 | BG30: =INDEX(效果参数!$C$17:$H$17,1,C30+1) -> 18 | BH30: =INDEX(效果参数!$C$18:$H$18,1,C30+1) -> 18 | BI30: =INDEX(效果参数!$C$19:$H$19,1,C30+1) -> 1 | BJ30: =INDEX(效果参数!$C$20:$H$20,1,C30+1) -> 1 | BK30: =INDEX(效果参数!$C$21:$H$21,1,C30+1) -> 0.2 | BL30: =INDEX(效果参数!$C$22:$H$22,1,C30+1) -> 9 | BM30: =INDEX(效果参数!$C$23:$H$23,1,C30+1) -> 20 | BN30: =INDEX(效果参数!$C$24:$H$24,1,C30+1) -> 30 | BO30: =INDEX(效果参数!$C$25:$H$25,1,C30+1) -> 1.5 | BP30: =INDEX(效果参数!$C$26:$H$26,1,C30+1) -> 0.6 | BQ30: =INDEX(效果参数!$C$27:$H$27,1,C30+1) -> 0.8 | BR30: =INDEX(效果参数!$C$28:$H$28,1,C30+1) -> 1 | BS30: =INDEX(效果参数!$C$35:$H$35,1,D30+1) -> 2.8 | BT30: =INDEX(效果参数!$C$36:$H$36,1,D30+1) -> 1.4 | BU30: =INDEX(效果参数!$C$37:$H$37,1,D30+1) -> 0.8 | BV30: =INDEX(效果参数!$C$38:$H$38,1,D30+1) -> 3 | BW30: =INDEX(效果参数!$C$39:$H$39,1,D30+1) -> 1 | BX30: =INDEX(效果参数!$C$40:$H$40,1,D30+1) -> 2 | BY30: =INDEX(效果参数!$C$41:$H$41,1,D30+1) -> 1 | BZ30: =IF(配置与结果!$H$24=1,AR30,MIN(AR30,MAX(0,配置与结果!$H$25))) -> 35 | CA30: =ROUNDDOWN(配置与结果!$B$17*(1+0.05+Y30),0) -> 2986 | CB30: =MIN(AD30,ROUNDDOWN((配置与结果!$B$16+CC30)*AC30,0)) -> 500 | CC30: =MIN(AM30,ROUNDDOWN(CA30*AL30,0)) -> 238 | CD30: =INDEX(效果参数!$C$96:$G$96,1,G30) -> 0.12 | CE30: =INDEX(效果参数!$C$42:$H$42,1,D30+1) -> 8 | CF30: =INDEX(效果参数!$C$54:$H$54,1,E30+1) -> 15 | CG30: =INDEX(效果参数!$C$55:$H$55,1,E30+1) -> 1.5 | CH30: =INDEX(效果参数!$C$106:$G$106,1,H30) -> 0.12
A31: =28 -> 28 | B31: ="立于风暴脊 增幅3" -> 立于风暴脊 增幅3 | C31: =配置与结果!B6 -> 0 | D31: =配置与结果!B7 -> 0 | E31: =配置与结果!B8 -> 0 | F31: =配置与结果!B9 -> 0 | G31: =3 -> 3 | H31: =配置与结果!D7 -> 1 | I31: =配置与结果!D8 -> 5 | J31: =配置与结果!D9 -> 1 | K31: =INDEX(效果参数!$C$105:$G$105,1,J31) -> 1 | L31: =AND(K31=1,INDEX(效果参数!$C$99:$G$99,1,H31)=1,INDEX(效果参数!$C$29:$H$29,1,C31+1)=1) -> TRUE | M31: =IF(AND(K31=1,L31),SUM(行动计算!AU1014:AU1049),"") -> 8362785 | N31: =IF(K31=1,SUMIFS(行动计算!AU1014:AU1049,行动计算!D1014:D1049,1),"") -> 3094900.7 | O31: =IF(L31,SUMIFS(行动计算!AU1014:AU1049,行动计算!D1014:D1049,2),"") -> 5267884.3 | P31: =IF(AND(K31=1,L31),SUMIFS(行动计算!AU1014:AU1049,行动计算!F1014:F1049,1),"") -> 6959559 | Q31: =IF(AND(K31=1,L31),SUMIFS(行动计算!AU1014:AU1049,行动计算!F1014:F1049,2),"") -> 642844.12 | R31: =IF(AND(K31=1,L31),SUMIFS(行动计算!AU1014:AU1049,行动计算!F1014:F1049,3),"") -> 489818.29 | S31: =IF(AND(K31=1,L31),SUMIFS(行动计算!AU1014:AU1049,行动计算!F1014:F1049,4),"") -> 270563.56 | T31: =IF(AND(ISNUMBER(M31),ISNUMBER($M$3),$M$3>0),M31/$M$3-1,"") -> -0.046064204 | U31: =INDEX(效果参数!$C$98:$G$98,1,H31) -> 0.04 | V31: =INDEX(效果参数!$C$97:$G$97,1,G31) -> 0.045 | W31: =INDEX(效果参数!$C$101:$G$101,1,I31) -> 0.02 | X31: =INDEX(效果参数!$C$102:$G$102,1,I31) -> 0.16 | Y31: =INDEX(效果参数!$C$100:$G$100,1,I31) -> 0.1 | Z31: =INDEX(效果参数!$C$103:$G$103,1,J31) -> 0.04 | AA31: =INDEX(效果参数!$C$104:$G$104,1,J31) -> 0.004 | AB31: =INDEX(效果参数!$C$30:$H$30,1,D31+1) -> 0.3 | AC31: =INDEX(效果参数!$C$31:$H$31,1,D31+1) -> 0.2 | AD31: =INDEX(效果参数!$C$32:$H$32,1,D31+1) -> 500 | AE31: =INDEX(效果参数!$C$33:$H$33,1,D31+1) -> 0.4 | AF31: =INDEX(效果参数!$C$34:$H$34,1,D31+1) -> 0.4 | AG31: =INDEX(效果参数!$C$43:$H$43,1,E31+1) -> 0.3 | AH31: =INDEX(效果参数!$C$44:$H$44,1,E31+1) -> 0.04 | AI31: =INDEX(效果参数!$C$45:$H$45,1,E31+1) -> 5 | AJ31: =INDEX(效果参数!$C$46:$H$46,1,E31+1) -> 1 | AK31: =INDEX(效果参数!$C$47:$H$47,1,E31+1) -> 2 | AL31: =INDEX(效果参数!$C$48:$H$48,1,E31+1) -> 0.08 | AM31: =INDEX(效果参数!$C$49:$H$49,1,E31+1) -> 250 | AN31: =INDEX(效果参数!$C$50:$H$50,1,E31+1) -> 0.15 | AO31: =INDEX(效果参数!$C$51:$H$51,1,E31+1) -> 0.15 | AP31: =INDEX(效果参数!$C$52:$H$52,1,E31+1) -> 0.15 | AQ31: =INDEX(效果参数!$C$53:$H$53,1,E31+1) -> 0.15 | AR31: =INDEX(效果参数!$C$56:$H$56,1,F31+1) -> 35 | AS31: =INDEX(效果参数!$C$57:$H$57,1,F31+1) -> 0.01 | AT31: =INDEX(效果参数!$C$58:$H$58,1,F31+1) -> 7 | AU31: =INDEX(效果参数!$C$59:$H$59,1,F31+1) -> 0.5 | AV31: =INDEX(效果参数!$C$6:$H$6,1,C31+1) -> 2 | AW31: =INDEX(效果参数!$C$7:$H$7,1,C31+1) -> 4 | AX31: =INDEX(效果参数!$C$8:$H$8,1,C31+1) -> 8 | AY31: =INDEX(效果参数!$C$9:$H$9,1,C31+1) -> 0.1 | AZ31: =INDEX(效果参数!$C$10:$H$10,1,C31+1) -> 0.2 | BA31: =INDEX(效果参数!$C$11:$H$11,1,C31+1) -> 0.6 | BB31: =INDEX(效果参数!$C$12:$H$12,1,C31+1) -> 1.2 | BC31: =INDEX(效果参数!$C$13:$H$13,1,C31+1) -> 0.06 | BD31: =INDEX(效果参数!$C$14:$H$14,1,C31+1) -> 3 | BE31: =INDEX(效果参数!$C$15:$H$15,1,C31+1) -> 1 | BF31: =INDEX(效果参数!$C$16:$H$16,1,C31+1) -> 0.025 | BG31: =INDEX(效果参数!$C$17:$H$17,1,C31+1) -> 18 | BH31: =INDEX(效果参数!$C$18:$H$18,1,C31+1) -> 18 | BI31: =INDEX(效果参数!$C$19:$H$19,1,C31+1) -> 1 | BJ31: =INDEX(效果参数!$C$20:$H$20,1,C31+1) -> 1 | BK31: =INDEX(效果参数!$C$21:$H$21,1,C31+1) -> 0.2 | BL31: =INDEX(效果参数!$C$22:$H$22,1,C31+1) -> 9 | BM31: =INDEX(效果参数!$C$23:$H$23,1,C31+1) -> 20 | BN31: =INDEX(效果参数!$C$24:$H$24,1,C31+1) -> 30 | BO31: =INDEX(效果参数!$C$25:$H$25,1,C31+1) -> 1.5 | BP31: =INDEX(效果参数!$C$26:$H$26,1,C31+1) -> 0.6 | BQ31: =INDEX(效果参数!$C$27:$H$27,1,C31+1) -> 0.8 | BR31: =INDEX(效果参数!$C$28:$H$28,1,C31+1) -> 1 | BS31: =INDEX(效果参数!$C$35:$H$35,1,D31+1) -> 2.8 | BT31: =INDEX(效果参数!$C$36:$H$36,1,D31+1) -> 1.4 | BU31: =INDEX(效果参数!$C$37:$H$37,1,D31+1) -> 0.8 | BV31: =INDEX(效果参数!$C$38:$H$38,1,D31+1) -> 3 | BW31: =INDEX(效果参数!$C$39:$H$39,1,D31+1) -> 1 | BX31: =INDEX(效果参数!$C$40:$H$40,1,D31+1) -> 2 | BY31: =INDEX(效果参数!$C$41:$H$41,1,D31+1) -> 1 | BZ31: =IF(配置与结果!$H$24=1,AR31,MIN(AR31,MAX(0,配置与结果!$H$25))) -> 35 | CA31: =ROUNDDOWN(配置与结果!$B$17*(1+0.05+Y31),0) -> 2986 | CB31: =MIN(AD31,ROUNDDOWN((配置与结果!$B$16+CC31)*AC31,0)) -> 500 | CC31: =MIN(AM31,ROUNDDOWN(CA31*AL31,0)) -> 238 | CD31: =INDEX(效果参数!$C$96:$G$96,1,G31) -> 0.12 | CE31: =INDEX(效果参数!$C$42:$H$42,1,D31+1) -> 8 | CF31: =INDEX(效果参数!$C$54:$H$54,1,E31+1) -> 15 | CG31: =INDEX(效果参数!$C$55:$H$55,1,E31+1) -> 1.5 | CH31: =INDEX(效果参数!$C$106:$G$106,1,H31) -> 0.12
A32: =29 -> 29 | B32: ="立于风暴脊 增幅4" -> 立于风暴脊 增幅4 | C32: =配置与结果!B6 -> 0 | D32: =配置与结果!B7 -> 0 | E32: =配置与结果!B8 -> 0 | F32: =配置与结果!B9 -> 0 | G32: =4 -> 4 | H32: =配置与结果!D7 -> 1 | I32: =配置与结果!D8 -> 5 | J32: =配置与结果!D9 -> 1 | K32: =INDEX(效果参数!$C$105:$G$105,1,J32) -> 1 | L32: =AND(K32=1,INDEX(效果参数!$C$99:$G$99,1,H32)=1,INDEX(效果参数!$C$29:$H$29,1,C32+1)=1) -> TRUE | M32: =IF(AND(K32=1,L32),SUM(行动计算!AU1050:AU1085),"") -> 8474949 | N32: =IF(K32=1,SUMIFS(行动计算!AU1050:AU1085,行动计算!D1050:D1085,1),"") -> 3133250.7 | O32: =IF(L32,SUMIFS(行动计算!AU1050:AU1085,行动计算!D1050:D1085,2),"") -> 5341698.3 | P32: =IF(AND(K32=1,L32),SUMIFS(行动计算!AU1050:AU1085,行动计算!F1050:F1085,1),"") -> 7071723 | Q32: =IF(AND(K32=1,L32),SUMIFS(行动计算!AU1050:AU1085,行动计算!F1050:F1085,2),"") -> 642844.12 | R32: =IF(AND(K32=1,L32),SUMIFS(行动计算!AU1050:AU1085,行动计算!F1050:F1085,3),"") -> 489818.29 | S32: =IF(AND(K32=1,L32),SUMIFS(行动计算!AU1050:AU1085,行动计算!F1050:F1085,4),"") -> 270563.56 | T32: =IF(AND(ISNUMBER(M32),ISNUMBER($M$3),$M$3>0),M32/$M$3-1,"") -> -0.033269751 | U32: =INDEX(效果参数!$C$98:$G$98,1,H32) -> 0.04 | V32: =INDEX(效果参数!$C$97:$G$97,1,G32) -> 0.045 | W32: =INDEX(效果参数!$C$101:$G$101,1,I32) -> 0.02 | X32: =INDEX(效果参数!$C$102:$G$102,1,I32) -> 0.16 | Y32: =INDEX(效果参数!$C$100:$G$100,1,I32) -> 0.1 | Z32: =INDEX(效果参数!$C$103:$G$103,1,J32) -> 0.04 | AA32: =INDEX(效果参数!$C$104:$G$104,1,J32) -> 0.004 | AB32: =INDEX(效果参数!$C$30:$H$30,1,D32+1) -> 0.3 | AC32: =INDEX(效果参数!$C$31:$H$31,1,D32+1) -> 0.2 | AD32: =INDEX(效果参数!$C$32:$H$32,1,D32+1) -> 500 | AE32: =INDEX(效果参数!$C$33:$H$33,1,D32+1) -> 0.4 | AF32: =INDEX(效果参数!$C$34:$H$34,1,D32+1) -> 0.4 | AG32: =INDEX(效果参数!$C$43:$H$43,1,E32+1) -> 0.3 | AH32: =INDEX(效果参数!$C$44:$H$44,1,E32+1) -> 0.04 | AI32: =INDEX(效果参数!$C$45:$H$45,1,E32+1) -> 5 | AJ32: =INDEX(效果参数!$C$46:$H$46,1,E32+1) -> 1 | AK32: =INDEX(效果参数!$C$47:$H$47,1,E32+1) -> 2 | AL32: =INDEX(效果参数!$C$48:$H$48,1,E32+1) -> 0.08 | AM32: =INDEX(效果参数!$C$49:$H$49,1,E32+1) -> 250 | AN32: =INDEX(效果参数!$C$50:$H$50,1,E32+1) -> 0.15 | AO32: =INDEX(效果参数!$C$51:$H$51,1,E32+1) -> 0.15 | AP32: =INDEX(效果参数!$C$52:$H$52,1,E32+1) -> 0.15 | AQ32: =INDEX(效果参数!$C$53:$H$53,1,E32+1) -> 0.15 | AR32: =INDEX(效果参数!$C$56:$H$56,1,F32+1) -> 35 | AS32: =INDEX(效果参数!$C$57:$H$57,1,F32+1) -> 0.01 | AT32: =INDEX(效果参数!$C$58:$H$58,1,F32+1) -> 7 | AU32: =INDEX(效果参数!$C$59:$H$59,1,F32+1) -> 0.5 | AV32: =INDEX(效果参数!$C$6:$H$6,1,C32+1) -> 2 | AW32: =INDEX(效果参数!$C$7:$H$7,1,C32+1) -> 4 | AX32: =INDEX(效果参数!$C$8:$H$8,1,C32+1) -> 8 | AY32: =INDEX(效果参数!$C$9:$H$9,1,C32+1) -> 0.1 | AZ32: =INDEX(效果参数!$C$10:$H$10,1,C32+1) -> 0.2 | BA32: =INDEX(效果参数!$C$11:$H$11,1,C32+1) -> 0.6 | BB32: =INDEX(效果参数!$C$12:$H$12,1,C32+1) -> 1.2 | BC32: =INDEX(效果参数!$C$13:$H$13,1,C32+1) -> 0.06 | BD32: =INDEX(效果参数!$C$14:$H$14,1,C32+1) -> 3 | BE32: =INDEX(效果参数!$C$15:$H$15,1,C32+1) -> 1 | BF32: =INDEX(效果参数!$C$16:$H$16,1,C32+1) -> 0.025 | BG32: =INDEX(效果参数!$C$17:$H$17,1,C32+1) -> 18 | BH32: =INDEX(效果参数!$C$18:$H$18,1,C32+1) -> 18 | BI32: =INDEX(效果参数!$C$19:$H$19,1,C32+1) -> 1 | BJ32: =INDEX(效果参数!$C$20:$H$20,1,C32+1) -> 1 | BK32: =INDEX(效果参数!$C$21:$H$21,1,C32+1) -> 0.2 | BL32: =INDEX(效果参数!$C$22:$H$22,1,C32+1) -> 9 | BM32: =INDEX(效果参数!$C$23:$H$23,1,C32+1) -> 20 | BN32: =INDEX(效果参数!$C$24:$H$24,1,C32+1) -> 30 | BO32: =INDEX(效果参数!$C$25:$H$25,1,C32+1) -> 1.5 | BP32: =INDEX(效果参数!$C$26:$H$26,1,C32+1) -> 0.6 | BQ32: =INDEX(效果参数!$C$27:$H$27,1,C32+1) -> 0.8 | BR32: =INDEX(效果参数!$C$28:$H$28,1,C32+1) -> 1 | BS32: =INDEX(效果参数!$C$35:$H$35,1,D32+1) -> 2.8 | BT32: =INDEX(效果参数!$C$36:$H$36,1,D32+1) -> 1.4 | BU32: =INDEX(效果参数!$C$37:$H$37,1,D32+1) -> 0.8 | BV32: =INDEX(效果参数!$C$38:$H$38,1,D32+1) -> 3 | BW32: =INDEX(效果参数!$C$39:$H$39,1,D32+1) -> 1 | BX32: =INDEX(效果参数!$C$40:$H$40,1,D32+1) -> 2 | BY32: =INDEX(效果参数!$C$41:$H$41,1,D32+1) -> 1 | BZ32: =IF(配置与结果!$H$24=1,AR32,MIN(AR32,MAX(0,配置与结果!$H$25))) -> 35 | CA32: =ROUNDDOWN(配置与结果!$B$17*(1+0.05+Y32),0) -> 2986 | CB32: =MIN(AD32,ROUNDDOWN((配置与结果!$B$16+CC32)*AC32,0)) -> 500 | CC32: =MIN(AM32,ROUNDDOWN(CA32*AL32,0)) -> 238 | CD32: =INDEX(效果参数!$C$96:$G$96,1,G32) -> 0.16 | CE32: =INDEX(效果参数!$C$42:$H$42,1,D32+1) -> 8 | CF32: =INDEX(效果参数!$C$54:$H$54,1,E32+1) -> 15 | CG32: =INDEX(效果参数!$C$55:$H$55,1,E32+1) -> 1.5 | CH32: =INDEX(效果参数!$C$106:$G$106,1,H32) -> 0.12
A33: =30 -> 30 | B33: ="立于风暴脊 增幅5" -> 立于风暴脊 增幅5 | C33: =配置与结果!B6 -> 0 | D33: =配置与结果!B7 -> 0 | E33: =配置与结果!B8 -> 0 | F33: =配置与结果!B9 -> 0 | G33: =5 -> 5 | H33: =配置与结果!D7 -> 1 | I33: =配置与结果!D8 -> 5 | J33: =配置与结果!D9 -> 1 | K33: =INDEX(效果参数!$C$105:$G$105,1,J33) -> 1 | L33: =AND(K33=1,INDEX(效果参数!$C$99:$G$99,1,H33)=1,INDEX(效果参数!$C$29:$H$29,1,C33+1)=1) -> TRUE | M33: =IF(AND(K33=1,L33),SUM(行动计算!AU1086:AU1121),"") -> 8766612 | N33: =IF(K33=1,SUMIFS(行动计算!AU1086:AU1121,行动计算!D1086:D1121,1),"") -> 3133250.7 | O33: =IF(L33,SUMIFS(行动计算!AU1086:AU1121,行动计算!D1086:D1121,2),"") -> 5633361.3 | P33: =IF(AND(K33=1,L33),SUMIFS(行动计算!AU1086:AU1121,行动计算!F1086:F1121,1),"") -> 7363386 | Q33: =IF(AND(K33=1,L33),SUMIFS(行动计算!AU1086:AU1121,行动计算!F1086:F1121,2),"") -> 642844.12 | R33: =IF(AND(K33=1,L33),SUMIFS(行动计算!AU1086:AU1121,行动计算!F1086:F1121,3),"") -> 489818.29 | S33: =IF(AND(K33=1,L33),SUMIFS(行动计算!AU1086:AU1121,行动计算!F1086:F1121,4),"") -> 270563.56 | T33: =IF(AND(ISNUMBER(M33),ISNUMBER($M$3),$M$3>0),M33/$M$3-1,"") -> 0 | U33: =INDEX(效果参数!$C$98:$G$98,1,H33) -> 0.04 | V33: =INDEX(效果参数!$C$97:$G$97,1,G33) -> 0.06 | W33: =INDEX(效果参数!$C$101:$G$101,1,I33) -> 0.02 | X33: =INDEX(效果参数!$C$102:$G$102,1,I33) -> 0.16 | Y33: =INDEX(效果参数!$C$100:$G$100,1,I33) -> 0.1 | Z33: =INDEX(效果参数!$C$103:$G$103,1,J33) -> 0.04 | AA33: =INDEX(效果参数!$C$104:$G$104,1,J33) -> 0.004 | AB33: =INDEX(效果参数!$C$30:$H$30,1,D33+1) -> 0.3 | AC33: =INDEX(效果参数!$C$31:$H$31,1,D33+1) -> 0.2 | AD33: =INDEX(效果参数!$C$32:$H$32,1,D33+1) -> 500 | AE33: =INDEX(效果参数!$C$33:$H$33,1,D33+1) -> 0.4 | AF33: =INDEX(效果参数!$C$34:$H$34,1,D33+1) -> 0.4 | AG33: =INDEX(效果参数!$C$43:$H$43,1,E33+1) -> 0.3 | AH33: =INDEX(效果参数!$C$44:$H$44,1,E33+1) -> 0.04 | AI33: =INDEX(效果参数!$C$45:$H$45,1,E33+1) -> 5 | AJ33: =INDEX(效果参数!$C$46:$H$46,1,E33+1) -> 1 | AK33: =INDEX(效果参数!$C$47:$H$47,1,E33+1) -> 2 | AL33: =INDEX(效果参数!$C$48:$H$48,1,E33+1) -> 0.08 | AM33: =INDEX(效果参数!$C$49:$H$49,1,E33+1) -> 250 | AN33: =INDEX(效果参数!$C$50:$H$50,1,E33+1) -> 0.15 | AO33: =INDEX(效果参数!$C$51:$H$51,1,E33+1) -> 0.15 | AP33: =INDEX(效果参数!$C$52:$H$52,1,E33+1) -> 0.15 | AQ33: =INDEX(效果参数!$C$53:$H$53,1,E33+1) -> 0.15 | AR33: =INDEX(效果参数!$C$56:$H$56,1,F33+1) -> 35 | AS33: =INDEX(效果参数!$C$57:$H$57,1,F33+1) -> 0.01 | AT33: =INDEX(效果参数!$C$58:$H$58,1,F33+1) -> 7 | AU33: =INDEX(效果参数!$C$59:$H$59,1,F33+1) -> 0.5 | AV33: =INDEX(效果参数!$C$6:$H$6,1,C33+1) -> 2 | AW33: =INDEX(效果参数!$C$7:$H$7,1,C33+1) -> 4 | AX33: =INDEX(效果参数!$C$8:$H$8,1,C33+1) -> 8 | AY33: =INDEX(效果参数!$C$9:$H$9,1,C33+1) -> 0.1 | AZ33: =INDEX(效果参数!$C$10:$H$10,1,C33+1) -> 0.2 | BA33: =INDEX(效果参数!$C$11:$H$11,1,C33+1) -> 0.6 | BB33: =INDEX(效果参数!$C$12:$H$12,1,C33+1) -> 1.2 | BC33: =INDEX(效果参数!$C$13:$H$13,1,C33+1) -> 0.06 | BD33: =INDEX(效果参数!$C$14:$H$14,1,C33+1) -> 3 | BE33: =INDEX(效果参数!$C$15:$H$15,1,C33+1) -> 1 | BF33: =INDEX(效果参数!$C$16:$H$16,1,C33+1) -> 0.025 | BG33: =INDEX(效果参数!$C$17:$H$17,1,C33+1) -> 18 | BH33: =INDEX(效果参数!$C$18:$H$18,1,C33+1) -> 18 | BI33: =INDEX(效果参数!$C$19:$H$19,1,C33+1) -> 1 | BJ33: =INDEX(效果参数!$C$20:$H$20,1,C33+1) -> 1 | BK33: =INDEX(效果参数!$C$21:$H$21,1,C33+1) -> 0.2 | BL33: =INDEX(效果参数!$C$22:$H$22,1,C33+1) -> 9 | BM33: =INDEX(效果参数!$C$23:$H$23,1,C33+1) -> 20 | BN33: =INDEX(效果参数!$C$24:$H$24,1,C33+1) -> 30 | BO33: =INDEX(效果参数!$C$25:$H$25,1,C33+1) -> 1.5 | BP33: =INDEX(效果参数!$C$26:$H$26,1,C33+1) -> 0.6 | BQ33: =INDEX(效果参数!$C$27:$H$27,1,C33+1) -> 0.8 | BR33: =INDEX(效果参数!$C$28:$H$28,1,C33+1) -> 1 | BS33: =INDEX(效果参数!$C$35:$H$35,1,D33+1) -> 2.8 | BT33: =INDEX(效果参数!$C$36:$H$36,1,D33+1) -> 1.4 | BU33: =INDEX(效果参数!$C$37:$H$37,1,D33+1) -> 0.8 | BV33: =INDEX(效果参数!$C$38:$H$38,1,D33+1) -> 3 | BW33: =INDEX(效果参数!$C$39:$H$39,1,D33+1) -> 1 | BX33: =INDEX(效果参数!$C$40:$H$40,1,D33+1) -> 2 | BY33: =INDEX(效果参数!$C$41:$H$41,1,D33+1) -> 1 | BZ33: =IF(配置与结果!$H$24=1,AR33,MIN(AR33,MAX(0,配置与结果!$H$25))) -> 35 | CA33: =ROUNDDOWN(配置与结果!$B$17*(1+0.05+Y33),0) -> 2986 | CB33: =MIN(AD33,ROUNDDOWN((配置与结果!$B$16+CC33)*AC33,0)) -> 500 | CC33: =MIN(AM33,ROUNDDOWN(CA33*AL33,0)) -> 238 | CD33: =INDEX(效果参数!$C$96:$G$96,1,G33) -> 0.16 | CE33: =INDEX(效果参数!$C$42:$H$42,1,D33+1) -> 8 | CF33: =INDEX(效果参数!$C$54:$H$54,1,E33+1) -> 15 | CG33: =INDEX(效果参数!$C$55:$H$55,1,E33+1) -> 1.5 | CH33: =INDEX(效果参数!$C$106:$G$106,1,H33) -> 0.12
A34: =31 -> 31 | B34: ="灵知当齐一 增幅1" -> 灵知当齐一 增幅1 | C34: =配置与结果!B6 -> 0 | D34: =配置与结果!B7 -> 0 | E34: =配置与结果!B8 -> 0 | F34: =配置与结果!B9 -> 0 | G34: =配置与结果!D6 -> 5 | H34: =1 -> 1 | I34: =配置与结果!D8 -> 5 | J34: =配置与结果!D9 -> 1 | K34: =INDEX(效果参数!$C$105:$G$105,1,J34) -> 1 | L34: =AND(K34=1,INDEX(效果参数!$C$99:$G$99,1,H34)=1,INDEX(效果参数!$C$29:$H$29,1,C34+1)=1) -> TRUE | M34: =IF(AND(K34=1,L34),SUM(行动计算!AU1122:AU1157),"") -> 8766612 | N34: =IF(K34=1,SUMIFS(行动计算!AU1122:AU1157,行动计算!D1122:D1157,1),"") -> 3133250.7 | O34: =IF(L34,SUMIFS(行动计算!AU1122:AU1157,行动计算!D1122:D1157,2),"") -> 5633361.3 | P34: =IF(AND(K34=1,L34),SUMIFS(行动计算!AU1122:AU1157,行动计算!F1122:F1157,1),"") -> 7363386 | Q34: =IF(AND(K34=1,L34),SUMIFS(行动计算!AU1122:AU1157,行动计算!F1122:F1157,2),"") -> 642844.12 | R34: =IF(AND(K34=1,L34),SUMIFS(行动计算!AU1122:AU1157,行动计算!F1122:F1157,3),"") -> 489818.29 | S34: =IF(AND(K34=1,L34),SUMIFS(行动计算!AU1122:AU1157,行动计算!F1122:F1157,4),"") -> 270563.56 | T34: =IF(AND(ISNUMBER(M34),ISNUMBER($M$3),$M$3>0),M34/$M$3-1,"") -> 0 | U34: =INDEX(效果参数!$C$98:$G$98,1,H34) -> 0.04 | V34: =INDEX(效果参数!$C$97:$G$97,1,G34) -> 0.06 | W34: =INDEX(效果参数!$C$101:$G$101,1,I34) -> 0.02 | X34: =INDEX(效果参数!$C$102:$G$102,1,I34) -> 0.16 | Y34: =INDEX(效果参数!$C$100:$G$100,1,I34) -> 0.1 | Z34: =INDEX(效果参数!$C$103:$G$103,1,J34) -> 0.04 | AA34: =INDEX(效果参数!$C$104:$G$104,1,J34) -> 0.004 | AB34: =INDEX(效果参数!$C$30:$H$30,1,D34+1) -> 0.3 | AC34: =INDEX(效果参数!$C$31:$H$31,1,D34+1) -> 0.2 | AD34: =INDEX(效果参数!$C$32:$H$32,1,D34+1) -> 500 | AE34: =INDEX(效果参数!$C$33:$H$33,1,D34+1) -> 0.4 | AF34: =INDEX(效果参数!$C$34:$H$34,1,D34+1) -> 0.4 | AG34: =INDEX(效果参数!$C$43:$H$43,1,E34+1) -> 0.3 | AH34: =INDEX(效果参数!$C$44:$H$44,1,E34+1) -> 0.04 | AI34: =INDEX(效果参数!$C$45:$H$45,1,E34+1) -> 5 | AJ34: =INDEX(效果参数!$C$46:$H$46,1,E34+1) -> 1 | AK34: =INDEX(效果参数!$C$47:$H$47,1,E34+1) -> 2 | AL34: =INDEX(效果参数!$C$48:$H$48,1,E34+1) -> 0.08 | AM34: =INDEX(效果参数!$C$49:$H$49,1,E34+1) -> 250 | AN34: =INDEX(效果参数!$C$50:$H$50,1,E34+1) -> 0.15 | AO34: =INDEX(效果参数!$C$51:$H$51,1,E34+1) -> 0.15 | AP34: =INDEX(效果参数!$C$52:$H$52,1,E34+1) -> 0.15 | AQ34: =INDEX(效果参数!$C$53:$H$53,1,E34+1) -> 0.15 | AR34: =INDEX(效果参数!$C$56:$H$56,1,F34+1) -> 35 | AS34: =INDEX(效果参数!$C$57:$H$57,1,F34+1) -> 0.01 | AT34: =INDEX(效果参数!$C$58:$H$58,1,F34+1) -> 7 | AU34: =INDEX(效果参数!$C$59:$H$59,1,F34+1) -> 0.5 | AV34: =INDEX(效果参数!$C$6:$H$6,1,C34+1) -> 2 | AW34: =INDEX(效果参数!$C$7:$H$7,1,C34+1) -> 4 | AX34: =INDEX(效果参数!$C$8:$H$8,1,C34+1) -> 8 | AY34: =INDEX(效果参数!$C$9:$H$9,1,C34+1) -> 0.1 | AZ34: =INDEX(效果参数!$C$10:$H$10,1,C34+1) -> 0.2 | BA34: =INDEX(效果参数!$C$11:$H$11,1,C34+1) -> 0.6 | BB34: =INDEX(效果参数!$C$12:$H$12,1,C34+1) -> 1.2 | BC34: =INDEX(效果参数!$C$13:$H$13,1,C34+1) -> 0.06 | BD34: =INDEX(效果参数!$C$14:$H$14,1,C34+1) -> 3 | BE34: =INDEX(效果参数!$C$15:$H$15,1,C34+1) -> 1 | BF34: =INDEX(效果参数!$C$16:$H$16,1,C34+1) -> 0.025 | BG34: =INDEX(效果参数!$C$17:$H$17,1,C34+1) -> 18 | BH34: =INDEX(效果参数!$C$18:$H$18,1,C34+1) -> 18 | BI34: =INDEX(效果参数!$C$19:$H$19,1,C34+1) -> 1 | BJ34: =INDEX(效果参数!$C$20:$H$20,1,C34+1) -> 1 | BK34: =INDEX(效果参数!$C$21:$H$21,1,C34+1) -> 0.2 | BL34: =INDEX(效果参数!$C$22:$H$22,1,C34+1) -> 9 | BM34: =INDEX(效果参数!$C$23:$H$23,1,C34+1) -> 20 | BN34: =INDEX(效果参数!$C$24:$H$24,1,C34+1) -> 30 | BO34: =INDEX(效果参数!$C$25:$H$25,1,C34+1) -> 1.5 | BP34: =INDEX(效果参数!$C$26:$H$26,1,C34+1) -> 0.6 | BQ34: =INDEX(效果参数!$C$27:$H$27,1,C34+1) -> 0.8 | BR34: =INDEX(效果参数!$C$28:$H$28,1,C34+1) -> 1 | BS34: =INDEX(效果参数!$C$35:$H$35,1,D34+1) -> 2.8 | BT34: =INDEX(效果参数!$C$36:$H$36,1,D34+1) -> 1.4 | BU34: =INDEX(效果参数!$C$37:$H$37,1,D34+1) -> 0.8 | BV34: =INDEX(效果参数!$C$38:$H$38,1,D34+1) -> 3 | BW34: =INDEX(效果参数!$C$39:$H$39,1,D34+1) -> 1 | BX34: =INDEX(效果参数!$C$40:$H$40,1,D34+1) -> 2 | BY34: =INDEX(效果参数!$C$41:$H$41,1,D34+1) -> 1 | BZ34: =IF(配置与结果!$H$24=1,AR34,MIN(AR34,MAX(0,配置与结果!$H$25))) -> 35 | CA34: =ROUNDDOWN(配置与结果!$B$17*(1+0.05+Y34),0) -> 2986 | CB34: =MIN(AD34,ROUNDDOWN((配置与结果!$B$16+CC34)*AC34,0)) -> 500 | CC34: =MIN(AM34,ROUNDDOWN(CA34*AL34,0)) -> 238 | CD34: =INDEX(效果参数!$C$96:$G$96,1,G34) -> 0.16 | CE34: =INDEX(效果参数!$C$42:$H$42,1,D34+1) -> 8 | CF34: =INDEX(效果参数!$C$54:$H$54,1,E34+1) -> 15 | CG34: =INDEX(效果参数!$C$55:$H$55,1,E34+1) -> 1.5 | CH34: =INDEX(效果参数!$C$106:$G$106,1,H34) -> 0.12
A35: =32 -> 32 | B35: ="灵知当齐一 增幅2" -> 灵知当齐一 增幅2 | C35: =配置与结果!B6 -> 0 | D35: =配置与结果!B7 -> 0 | E35: =配置与结果!B8 -> 0 | F35: =配置与结果!B9 -> 0 | G35: =配置与结果!D6 -> 5 | H35: =2 -> 2 | I35: =配置与结果!D8 -> 5 | J35: =配置与结果!D9 -> 1 | K35: =INDEX(效果参数!$C$105:$G$105,1,J35) -> 1 | L35: =AND(K35=1,INDEX(效果参数!$C$99:$G$99,1,H35)=1,INDEX(效果参数!$C$29:$H$29,1,C35+1)=1) -> TRUE | M35: =IF(AND(K35=1,L35),SUM(行动计算!AU1158:AU1193),"") -> 8888625.2 | N35: =IF(K35=1,SUMIFS(行动计算!AU1158:AU1193,行动计算!D1158:D1193,1),"") -> 3134747.1 | O35: =IF(L35,SUMIFS(行动计算!AU1158:AU1193,行动计算!D1158:D1193,2),"") -> 5753878.1 | P35: =IF(AND(K35=1,L35),SUMIFS(行动计算!AU1158:AU1193,行动计算!F1158:F1193,1),"") -> 7464681 | Q35: =IF(AND(K35=1,L35),SUMIFS(行动计算!AU1158:AU1193,行动计算!F1158:F1193,2),"") -> 663562.36 | R35: =IF(AND(K35=1,L35),SUMIFS(行动计算!AU1158:AU1193,行动计算!F1158:F1193,3),"") -> 489818.29 | S35: =IF(AND(K35=1,L35),SUMIFS(行动计算!AU1158:AU1193,行动计算!F1158:F1193,4),"") -> 270563.56 | T35: =IF(AND(ISNUMBER(M35),ISNUMBER($M$3),$M$3>0),M35/$M$3-1,"") -> 0.013917947 | U35: =INDEX(效果参数!$C$98:$G$98,1,H35) -> 0.05 | V35: =INDEX(效果参数!$C$97:$G$97,1,G35) -> 0.06 | W35: =INDEX(效果参数!$C$101:$G$101,1,I35) -> 0.02 | X35: =INDEX(效果参数!$C$102:$G$102,1,I35) -> 0.16 | Y35: =INDEX(效果参数!$C$100:$G$100,1,I35) -> 0.1 | Z35: =INDEX(效果参数!$C$103:$G$103,1,J35) -> 0.04 | AA35: =INDEX(效果参数!$C$104:$G$104,1,J35) -> 0.004 | AB35: =INDEX(效果参数!$C$30:$H$30,1,D35+1) -> 0.3 | AC35: =INDEX(效果参数!$C$31:$H$31,1,D35+1) -> 0.2 | AD35: =INDEX(效果参数!$C$32:$H$32,1,D35+1) -> 500 | AE35: =INDEX(效果参数!$C$33:$H$33,1,D35+1) -> 0.4 | AF35: =INDEX(效果参数!$C$34:$H$34,1,D35+1) -> 0.4 | AG35: =INDEX(效果参数!$C$43:$H$43,1,E35+1) -> 0.3 | AH35: =INDEX(效果参数!$C$44:$H$44,1,E35+1) -> 0.04 | AI35: =INDEX(效果参数!$C$45:$H$45,1,E35+1) -> 5 | AJ35: =INDEX(效果参数!$C$46:$H$46,1,E35+1) -> 1 | AK35: =INDEX(效果参数!$C$47:$H$47,1,E35+1) -> 2 | AL35: =INDEX(效果参数!$C$48:$H$48,1,E35+1) -> 0.08 | AM35: =INDEX(效果参数!$C$49:$H$49,1,E35+1) -> 250 | AN35: =INDEX(效果参数!$C$50:$H$50,1,E35+1) -> 0.15 | AO35: =INDEX(效果参数!$C$51:$H$51,1,E35+1) -> 0.15 | AP35: =INDEX(效果参数!$C$52:$H$52,1,E35+1) -> 0.15 | AQ35: =INDEX(效果参数!$C$53:$H$53,1,E35+1) -> 0.15 | AR35: =INDEX(效果参数!$C$56:$H$56,1,F35+1) -> 35 | AS35: =INDEX(效果参数!$C$57:$H$57,1,F35+1) -> 0.01 | AT35: =INDEX(效果参数!$C$58:$H$58,1,F35+1) -> 7 | AU35: =INDEX(效果参数!$C$59:$H$59,1,F35+1) -> 0.5 | AV35: =INDEX(效果参数!$C$6:$H$6,1,C35+1) -> 2 | AW35: =INDEX(效果参数!$C$7:$H$7,1,C35+1) -> 4 | AX35: =INDEX(效果参数!$C$8:$H$8,1,C35+1) -> 8 | AY35: =INDEX(效果参数!$C$9:$H$9,1,C35+1) -> 0.1 | AZ35: =INDEX(效果参数!$C$10:$H$10,1,C35+1) -> 0.2 | BA35: =INDEX(效果参数!$C$11:$H$11,1,C35+1) -> 0.6 | BB35: =INDEX(效果参数!$C$12:$H$12,1,C35+1) -> 1.2 | BC35: =INDEX(效果参数!$C$13:$H$13,1,C35+1) -> 0.06 | BD35: =INDEX(效果参数!$C$14:$H$14,1,C35+1) -> 3 | BE35: =INDEX(效果参数!$C$15:$H$15,1,C35+1) -> 1 | BF35: =INDEX(效果参数!$C$16:$H$16,1,C35+1) -> 0.025 | BG35: =INDEX(效果参数!$C$17:$H$17,1,C35+1) -> 18 | BH35: =INDEX(效果参数!$C$18:$H$18,1,C35+1) -> 18 | BI35: =INDEX(效果参数!$C$19:$H$19,1,C35+1) -> 1 | BJ35: =INDEX(效果参数!$C$20:$H$20,1,C35+1) -> 1 | BK35: =INDEX(效果参数!$C$21:$H$21,1,C35+1) -> 0.2 | BL35: =INDEX(效果参数!$C$22:$H$22,1,C35+1) -> 9 | BM35: =INDEX(效果参数!$C$23:$H$23,1,C35+1) -> 20 | BN35: =INDEX(效果参数!$C$24:$H$24,1,C35+1) -> 30 | BO35: =INDEX(效果参数!$C$25:$H$25,1,C35+1) -> 1.5 | BP35: =INDEX(效果参数!$C$26:$H$26,1,C35+1) -> 0.6 | BQ35: =INDEX(效果参数!$C$27:$H$27,1,C35+1) -> 0.8 | BR35: =INDEX(效果参数!$C$28:$H$28,1,C35+1) -> 1 | BS35: =INDEX(效果参数!$C$35:$H$35,1,D35+1) -> 2.8 | BT35: =INDEX(效果参数!$C$36:$H$36,1,D35+1) -> 1.4 | BU35: =INDEX(效果参数!$C$37:$H$37,1,D35+1) -> 0.8 | BV35: =INDEX(效果参数!$C$38:$H$38,1,D35+1) -> 3 | BW35: =INDEX(效果参数!$C$39:$H$39,1,D35+1) -> 1 | BX35: =INDEX(效果参数!$C$40:$H$40,1,D35+1) -> 2 | BY35: =INDEX(效果参数!$C$41:$H$41,1,D35+1) -> 1 | BZ35: =IF(配置与结果!$H$24=1,AR35,MIN(AR35,MAX(0,配置与结果!$H$25))) -> 35 | CA35: =ROUNDDOWN(配置与结果!$B$17*(1+0.05+Y35),0) -> 2986 | CB35: =MIN(AD35,ROUNDDOWN((配置与结果!$B$16+CC35)*AC35,0)) -> 500 | CC35: =MIN(AM35,ROUNDDOWN(CA35*AL35,0)) -> 238 | CD35: =INDEX(效果参数!$C$96:$G$96,1,G35) -> 0.16 | CE35: =INDEX(效果参数!$C$42:$H$42,1,D35+1) -> 8 | CF35: =INDEX(效果参数!$C$54:$H$54,1,E35+1) -> 15 | CG35: =INDEX(效果参数!$C$55:$H$55,1,E35+1) -> 1.5 | CH35: =INDEX(效果参数!$C$106:$G$106,1,H35) -> 0.15
A36: =33 -> 33 | B36: ="灵知当齐一 增幅3" -> 灵知当齐一 增幅3 | C36: =配置与结果!B6 -> 0 | D36: =配置与结果!B7 -> 0 | E36: =配置与结果!B8 -> 0 | F36: =配置与结果!B9 -> 0 | G36: =配置与结果!D6 -> 5 | H36: =3 -> 3 | I36: =配置与结果!D8 -> 5 | J36: =配置与结果!D9 -> 1 | K36: =INDEX(效果参数!$C$105:$G$105,1,J36) -> 1 | L36: =AND(K36=1,INDEX(效果参数!$C$99:$G$99,1,H36)=1,INDEX(效果参数!$C$29:$H$29,1,C36+1)=1) -> TRUE | M36: =IF(AND(K36=1,L36),SUM(行动计算!AU1194:AU1229),"") -> 9010937.1 | N36: =IF(K36=1,SUMIFS(行动计算!AU1194:AU1229,行动计算!D1194:D1229,1),"") -> 3136245.9 | O36: =IF(L36,SUMIFS(行动计算!AU1194:AU1229,行动计算!D1194:D1229,2),"") -> 5874691.3 | P36: =IF(AND(K36=1,L36),SUMIFS(行动计算!AU1194:AU1229,行动计算!F1194:F1229,1),"") -> 7565979 | Q36: =IF(AND(K36=1,L36),SUMIFS(行动计算!AU1194:AU1229,行动计算!F1194:F1229,2),"") -> 684576.28 | R36: =IF(AND(K36=1,L36),SUMIFS(行动计算!AU1194:AU1229,行动计算!F1194:F1229,3),"") -> 489818.29 | S36: =IF(AND(K36=1,L36),SUMIFS(行动计算!AU1194:AU1229,行动计算!F1194:F1229,4),"") -> 270563.56 | T36: =IF(AND(ISNUMBER(M36),ISNUMBER($M$3),$M$3>0),M36/$M$3-1,"") -> 0.027869964 | U36: =INDEX(效果参数!$C$98:$G$98,1,H36) -> 0.06 | V36: =INDEX(效果参数!$C$97:$G$97,1,G36) -> 0.06 | W36: =INDEX(效果参数!$C$101:$G$101,1,I36) -> 0.02 | X36: =INDEX(效果参数!$C$102:$G$102,1,I36) -> 0.16 | Y36: =INDEX(效果参数!$C$100:$G$100,1,I36) -> 0.1 | Z36: =INDEX(效果参数!$C$103:$G$103,1,J36) -> 0.04 | AA36: =INDEX(效果参数!$C$104:$G$104,1,J36) -> 0.004 | AB36: =INDEX(效果参数!$C$30:$H$30,1,D36+1) -> 0.3 | AC36: =INDEX(效果参数!$C$31:$H$31,1,D36+1) -> 0.2 | AD36: =INDEX(效果参数!$C$32:$H$32,1,D36+1) -> 500 | AE36: =INDEX(效果参数!$C$33:$H$33,1,D36+1) -> 0.4 | AF36: =INDEX(效果参数!$C$34:$H$34,1,D36+1) -> 0.4 | AG36: =INDEX(效果参数!$C$43:$H$43,1,E36+1) -> 0.3 | AH36: =INDEX(效果参数!$C$44:$H$44,1,E36+1) -> 0.04 | AI36: =INDEX(效果参数!$C$45:$H$45,1,E36+1) -> 5 | AJ36: =INDEX(效果参数!$C$46:$H$46,1,E36+1) -> 1 | AK36: =INDEX(效果参数!$C$47:$H$47,1,E36+1) -> 2 | AL36: =INDEX(效果参数!$C$48:$H$48,1,E36+1) -> 0.08 | AM36: =INDEX(效果参数!$C$49:$H$49,1,E36+1) -> 250 | AN36: =INDEX(效果参数!$C$50:$H$50,1,E36+1) -> 0.15 | AO36: =INDEX(效果参数!$C$51:$H$51,1,E36+1) -> 0.15 | AP36: =INDEX(效果参数!$C$52:$H$52,1,E36+1) -> 0.15 | AQ36: =INDEX(效果参数!$C$53:$H$53,1,E36+1) -> 0.15 | AR36: =INDEX(效果参数!$C$56:$H$56,1,F36+1) -> 35 | AS36: =INDEX(效果参数!$C$57:$H$57,1,F36+1) -> 0.01 | AT36: =INDEX(效果参数!$C$58:$H$58,1,F36+1) -> 7 | AU36: =INDEX(效果参数!$C$59:$H$59,1,F36+1) -> 0.5 | AV36: =INDEX(效果参数!$C$6:$H$6,1,C36+1) -> 2 | AW36: =INDEX(效果参数!$C$7:$H$7,1,C36+1) -> 4 | AX36: =INDEX(效果参数!$C$8:$H$8,1,C36+1) -> 8 | AY36: =INDEX(效果参数!$C$9:$H$9,1,C36+1) -> 0.1 | AZ36: =INDEX(效果参数!$C$10:$H$10,1,C36+1) -> 0.2 | BA36: =INDEX(效果参数!$C$11:$H$11,1,C36+1) -> 0.6 | BB36: =INDEX(效果参数!$C$12:$H$12,1,C36+1) -> 1.2 | BC36: =INDEX(效果参数!$C$13:$H$13,1,C36+1) -> 0.06 | BD36: =INDEX(效果参数!$C$14:$H$14,1,C36+1) -> 3 | BE36: =INDEX(效果参数!$C$15:$H$15,1,C36+1) -> 1 | BF36: =INDEX(效果参数!$C$16:$H$16,1,C36+1) -> 0.025 | BG36: =INDEX(效果参数!$C$17:$H$17,1,C36+1) -> 18 | BH36: =INDEX(效果参数!$C$18:$H$18,1,C36+1) -> 18 | BI36: =INDEX(效果参数!$C$19:$H$19,1,C36+1) -> 1 | BJ36: =INDEX(效果参数!$C$20:$H$20,1,C36+1) -> 1 | BK36: =INDEX(效果参数!$C$21:$H$21,1,C36+1) -> 0.2 | BL36: =INDEX(效果参数!$C$22:$H$22,1,C36+1) -> 9 | BM36: =INDEX(效果参数!$C$23:$H$23,1,C36+1) -> 20 | BN36: =INDEX(效果参数!$C$24:$H$24,1,C36+1) -> 30 | BO36: =INDEX(效果参数!$C$25:$H$25,1,C36+1) -> 1.5 | BP36: =INDEX(效果参数!$C$26:$H$26,1,C36+1) -> 0.6 | BQ36: =INDEX(效果参数!$C$27:$H$27,1,C36+1) -> 0.8 | BR36: =INDEX(效果参数!$C$28:$H$28,1,C36+1) -> 1 | BS36: =INDEX(效果参数!$C$35:$H$35,1,D36+1) -> 2.8 | BT36: =INDEX(效果参数!$C$36:$H$36,1,D36+1) -> 1.4 | BU36: =INDEX(效果参数!$C$37:$H$37,1,D36+1) -> 0.8 | BV36: =INDEX(效果参数!$C$38:$H$38,1,D36+1) -> 3 | BW36: =INDEX(效果参数!$C$39:$H$39,1,D36+1) -> 1 | BX36: =INDEX(效果参数!$C$40:$H$40,1,D36+1) -> 2 | BY36: =INDEX(效果参数!$C$41:$H$41,1,D36+1) -> 1 | BZ36: =IF(配置与结果!$H$24=1,AR36,MIN(AR36,MAX(0,配置与结果!$H$25))) -> 35 | CA36: =ROUNDDOWN(配置与结果!$B$17*(1+0.05+Y36),0) -> 2986 | CB36: =MIN(AD36,ROUNDDOWN((配置与结果!$B$16+CC36)*AC36,0)) -> 500 | CC36: =MIN(AM36,ROUNDDOWN(CA36*AL36,0)) -> 238 | CD36: =INDEX(效果参数!$C$96:$G$96,1,G36) -> 0.16 | CE36: =INDEX(效果参数!$C$42:$H$42,1,D36+1) -> 8 | CF36: =INDEX(效果参数!$C$54:$H$54,1,E36+1) -> 15 | CG36: =INDEX(效果参数!$C$55:$H$55,1,E36+1) -> 1.5 | CH36: =INDEX(效果参数!$C$106:$G$106,1,H36) -> 0.18
A37: =34 -> 34 | B37: ="灵知当齐一 增幅4" -> 灵知当齐一 增幅4 | C37: =配置与结果!B6 -> 0 | D37: =配置与结果!B7 -> 0 | E37: =配置与结果!B8 -> 0 | F37: =配置与结果!B9 -> 0 | G37: =配置与结果!D6 -> 5 | H37: =4 -> 4 | I37: =配置与结果!D8 -> 5 | J37: =配置与结果!D9 -> 1 | K37: =INDEX(效果参数!$C$105:$G$105,1,J37) -> 1 | L37: =AND(K37=1,INDEX(效果参数!$C$99:$G$99,1,H37)=1,INDEX(效果参数!$C$29:$H$29,1,C37+1)=1) -> TRUE | M37: =IF(AND(K37=1,L37),SUM(行动计算!AU1230:AU1265),"") -> 9133551.1 | N37: =IF(K37=1,SUMIFS(行动计算!AU1230:AU1265,行动计算!D1230:D1265,1),"") -> 3137743.8 | O37: =IF(L37,SUMIFS(行动计算!AU1230:AU1265,行动计算!D1230:D1265,2),"") -> 5995807.2 | P37: =IF(AND(K37=1,L37),SUMIFS(行动计算!AU1230:AU1265,行动计算!F1230:F1265,1),"") -> 7667276 | Q37: =IF(AND(K37=1,L37),SUMIFS(行动计算!AU1230:AU1265,行动计算!F1230:F1265,2),"") -> 705893.2 | R37: =IF(AND(K37=1,L37),SUMIFS(行动计算!AU1230:AU1265,行动计算!F1230:F1265,3),"") -> 489818.29 | S37: =IF(AND(K37=1,L37),SUMIFS(行动计算!AU1230:AU1265,行动计算!F1230:F1265,4),"") -> 270563.56 | T37: =IF(AND(ISNUMBER(M37),ISNUMBER($M$3),$M$3>0),M37/$M$3-1,"") -> 0.04185643 | U37: =INDEX(效果参数!$C$98:$G$98,1,H37) -> 0.07 | V37: =INDEX(效果参数!$C$97:$G$97,1,G37) -> 0.06 | W37: =INDEX(效果参数!$C$101:$G$101,1,I37) -> 0.02 | X37: =INDEX(效果参数!$C$102:$G$102,1,I37) -> 0.16 | Y37: =INDEX(效果参数!$C$100:$G$100,1,I37) -> 0.1 | Z37: =INDEX(效果参数!$C$103:$G$103,1,J37) -> 0.04 | AA37: =INDEX(效果参数!$C$104:$G$104,1,J37) -> 0.004 | AB37: =INDEX(效果参数!$C$30:$H$30,1,D37+1) -> 0.3 | AC37: =INDEX(效果参数!$C$31:$H$31,1,D37+1) -> 0.2 | AD37: =INDEX(效果参数!$C$32:$H$32,1,D37+1) -> 500 | AE37: =INDEX(效果参数!$C$33:$H$33,1,D37+1) -> 0.4 | AF37: =INDEX(效果参数!$C$34:$H$34,1,D37+1) -> 0.4 | AG37: =INDEX(效果参数!$C$43:$H$43,1,E37+1) -> 0.3 | AH37: =INDEX(效果参数!$C$44:$H$44,1,E37+1) -> 0.04 | AI37: =INDEX(效果参数!$C$45:$H$45,1,E37+1) -> 5 | AJ37: =INDEX(效果参数!$C$46:$H$46,1,E37+1) -> 1 | AK37: =INDEX(效果参数!$C$47:$H$47,1,E37+1) -> 2 | AL37: =INDEX(效果参数!$C$48:$H$48,1,E37+1) -> 0.08 | AM37: =INDEX(效果参数!$C$49:$H$49,1,E37+1) -> 250 | AN37: =INDEX(效果参数!$C$50:$H$50,1,E37+1) -> 0.15 | AO37: =INDEX(效果参数!$C$51:$H$51,1,E37+1) -> 0.15 | AP37: =INDEX(效果参数!$C$52:$H$52,1,E37+1) -> 0.15 | AQ37: =INDEX(效果参数!$C$53:$H$53,1,E37+1) -> 0.15 | AR37: =INDEX(效果参数!$C$56:$H$56,1,F37+1) -> 35 | AS37: =INDEX(效果参数!$C$57:$H$57,1,F37+1) -> 0.01 | AT37: =INDEX(效果参数!$C$58:$H$58,1,F37+1) -> 7 | AU37: =INDEX(效果参数!$C$59:$H$59,1,F37+1) -> 0.5 | AV37: =INDEX(效果参数!$C$6:$H$6,1,C37+1) -> 2 | AW37: =INDEX(效果参数!$C$7:$H$7,1,C37+1) -> 4 | AX37: =INDEX(效果参数!$C$8:$H$8,1,C37+1) -> 8 | AY37: =INDEX(效果参数!$C$9:$H$9,1,C37+1) -> 0.1 | AZ37: =INDEX(效果参数!$C$10:$H$10,1,C37+1) -> 0.2 | BA37: =INDEX(效果参数!$C$11:$H$11,1,C37+1) -> 0.6 | BB37: =INDEX(效果参数!$C$12:$H$12,1,C37+1) -> 1.2 | BC37: =INDEX(效果参数!$C$13:$H$13,1,C37+1) -> 0.06 | BD37: =INDEX(效果参数!$C$14:$H$14,1,C37+1) -> 3 | BE37: =INDEX(效果参数!$C$15:$H$15,1,C37+1) -> 1 | BF37: =INDEX(效果参数!$C$16:$H$16,1,C37+1) -> 0.025 | BG37: =INDEX(效果参数!$C$17:$H$17,1,C37+1) -> 18 | BH37: =INDEX(效果参数!$C$18:$H$18,1,C37+1) -> 18 | BI37: =INDEX(效果参数!$C$19:$H$19,1,C37+1) -> 1 | BJ37: =INDEX(效果参数!$C$20:$H$20,1,C37+1) -> 1 | BK37: =INDEX(效果参数!$C$21:$H$21,1,C37+1) -> 0.2 | BL37: =INDEX(效果参数!$C$22:$H$22,1,C37+1) -> 9 | BM37: =INDEX(效果参数!$C$23:$H$23,1,C37+1) -> 20 | BN37: =INDEX(效果参数!$C$24:$H$24,1,C37+1) -> 30 | BO37: =INDEX(效果参数!$C$25:$H$25,1,C37+1) -> 1.5 | BP37: =INDEX(效果参数!$C$26:$H$26,1,C37+1) -> 0.6 | BQ37: =INDEX(效果参数!$C$27:$H$27,1,C37+1) -> 0.8 | BR37: =INDEX(效果参数!$C$28:$H$28,1,C37+1) -> 1 | BS37: =INDEX(效果参数!$C$35:$H$35,1,D37+1) -> 2.8 | BT37: =INDEX(效果参数!$C$36:$H$36,1,D37+1) -> 1.4 | BU37: =INDEX(效果参数!$C$37:$H$37,1,D37+1) -> 0.8 | BV37: =INDEX(效果参数!$C$38:$H$38,1,D37+1) -> 3 | BW37: =INDEX(效果参数!$C$39:$H$39,1,D37+1) -> 1 | BX37: =INDEX(效果参数!$C$40:$H$40,1,D37+1) -> 2 | BY37: =INDEX(效果参数!$C$41:$H$41,1,D37+1) -> 1 | BZ37: =IF(配置与结果!$H$24=1,AR37,MIN(AR37,MAX(0,配置与结果!$H$25))) -> 35 | CA37: =ROUNDDOWN(配置与结果!$B$17*(1+0.05+Y37),0) -> 2986 | CB37: =MIN(AD37,ROUNDDOWN((配置与结果!$B$16+CC37)*AC37,0)) -> 500 | CC37: =MIN(AM37,ROUNDDOWN(CA37*AL37,0)) -> 238 | CD37: =INDEX(效果参数!$C$96:$G$96,1,G37) -> 0.16 | CE37: =INDEX(效果参数!$C$42:$H$42,1,D37+1) -> 8 | CF37: =INDEX(效果参数!$C$54:$H$54,1,E37+1) -> 15 | CG37: =INDEX(效果参数!$C$55:$H$55,1,E37+1) -> 1.5 | CH37: =INDEX(效果参数!$C$106:$G$106,1,H37) -> 0.21
A38: =35 -> 35 | B38: ="灵知当齐一 增幅5" -> 灵知当齐一 增幅5 | C38: =配置与结果!B6 -> 0 | D38: =配置与结果!B7 -> 0 | E38: =配置与结果!B8 -> 0 | F38: =配置与结果!B9 -> 0 | G38: =配置与结果!D6 -> 5 | H38: =5 -> 5 | I38: =配置与结果!D8 -> 5 | J38: =配置与结果!D9 -> 1 | K38: =INDEX(效果参数!$C$105:$G$105,1,J38) -> 1 | L38: =AND(K38=1,INDEX(效果参数!$C$99:$G$99,1,H38)=1,INDEX(效果参数!$C$29:$H$29,1,C38+1)=1) -> TRUE | M38: =IF(AND(K38=1,L38),SUM(行动计算!AU1266:AU1301),"") -> 9256463.1 | N38: =IF(K38=1,SUMIFS(行动计算!AU1266:AU1301,行动计算!D1266:D1301,1),"") -> 3139241.8 | O38: =IF(L38,SUMIFS(行动计算!AU1266:AU1301,行动计算!D1266:D1301,2),"") -> 6117221.3 | P38: =IF(AND(K38=1,L38),SUMIFS(行动计算!AU1266:AU1301,行动计算!F1266:F1301,1),"") -> 7768575 | Q38: =IF(AND(K38=1,L38),SUMIFS(行动计算!AU1266:AU1301,行动计算!F1266:F1301,2),"") -> 727506.2 | R38: =IF(AND(K38=1,L38),SUMIFS(行动计算!AU1266:AU1301,行动计算!F1266:F1301,3),"") -> 489818.29 | S38: =IF(AND(K38=1,L38),SUMIFS(行动计算!AU1266:AU1301,行动计算!F1266:F1301,4),"") -> 270563.56 | T38: =IF(AND(ISNUMBER(M38),ISNUMBER($M$3),$M$3>0),M38/$M$3-1,"") -> 0.055876898 | U38: =INDEX(效果参数!$C$98:$G$98,1,H38) -> 0.08 | V38: =INDEX(效果参数!$C$97:$G$97,1,G38) -> 0.06 | W38: =INDEX(效果参数!$C$101:$G$101,1,I38) -> 0.02 | X38: =INDEX(效果参数!$C$102:$G$102,1,I38) -> 0.16 | Y38: =INDEX(效果参数!$C$100:$G$100,1,I38) -> 0.1 | Z38: =INDEX(效果参数!$C$103:$G$103,1,J38) -> 0.04 | AA38: =INDEX(效果参数!$C$104:$G$104,1,J38) -> 0.004 | AB38: =INDEX(效果参数!$C$30:$H$30,1,D38+1) -> 0.3 | AC38: =INDEX(效果参数!$C$31:$H$31,1,D38+1) -> 0.2 | AD38: =INDEX(效果参数!$C$32:$H$32,1,D38+1) -> 500 | AE38: =INDEX(效果参数!$C$33:$H$33,1,D38+1) -> 0.4 | AF38: =INDEX(效果参数!$C$34:$H$34,1,D38+1) -> 0.4 | AG38: =INDEX(效果参数!$C$43:$H$43,1,E38+1) -> 0.3 | AH38: =INDEX(效果参数!$C$44:$H$44,1,E38+1) -> 0.04 | AI38: =INDEX(效果参数!$C$45:$H$45,1,E38+1) -> 5 | AJ38: =INDEX(效果参数!$C$46:$H$46,1,E38+1) -> 1 | AK38: =INDEX(效果参数!$C$47:$H$47,1,E38+1) -> 2 | AL38: =INDEX(效果参数!$C$48:$H$48,1,E38+1) -> 0.08 | AM38: =INDEX(效果参数!$C$49:$H$49,1,E38+1) -> 250 | AN38: =INDEX(效果参数!$C$50:$H$50,1,E38+1) -> 0.15 | AO38: =INDEX(效果参数!$C$51:$H$51,1,E38+1) -> 0.15 | AP38: =INDEX(效果参数!$C$52:$H$52,1,E38+1) -> 0.15 | AQ38: =INDEX(效果参数!$C$53:$H$53,1,E38+1) -> 0.15 | AR38: =INDEX(效果参数!$C$56:$H$56,1,F38+1) -> 35 | AS38: =INDEX(效果参数!$C$57:$H$57,1,F38+1) -> 0.01 | AT38: =INDEX(效果参数!$C$58:$H$58,1,F38+1) -> 7 | AU38: =INDEX(效果参数!$C$59:$H$59,1,F38+1) -> 0.5 | AV38: =INDEX(效果参数!$C$6:$H$6,1,C38+1) -> 2 | AW38: =INDEX(效果参数!$C$7:$H$7,1,C38+1) -> 4 | AX38: =INDEX(效果参数!$C$8:$H$8,1,C38+1) -> 8 | AY38: =INDEX(效果参数!$C$9:$H$9,1,C38+1) -> 0.1 | AZ38: =INDEX(效果参数!$C$10:$H$10,1,C38+1) -> 0.2 | BA38: =INDEX(效果参数!$C$11:$H$11,1,C38+1) -> 0.6 | BB38: =INDEX(效果参数!$C$12:$H$12,1,C38+1) -> 1.2 | BC38: =INDEX(效果参数!$C$13:$H$13,1,C38+1) -> 0.06 | BD38: =INDEX(效果参数!$C$14:$H$14,1,C38+1) -> 3 | BE38: =INDEX(效果参数!$C$15:$H$15,1,C38+1) -> 1 | BF38: =INDEX(效果参数!$C$16:$H$16,1,C38+1) -> 0.025 | BG38: =INDEX(效果参数!$C$17:$H$17,1,C38+1) -> 18 | BH38: =INDEX(效果参数!$C$18:$H$18,1,C38+1) -> 18 | BI38: =INDEX(效果参数!$C$19:$H$19,1,C38+1) -> 1 | BJ38: =INDEX(效果参数!$C$20:$H$20,1,C38+1) -> 1 | BK38: =INDEX(效果参数!$C$21:$H$21,1,C38+1) -> 0.2 | BL38: =INDEX(效果参数!$C$22:$H$22,1,C38+1) -> 9 | BM38: =INDEX(效果参数!$C$23:$H$23,1,C38+1) -> 20 | BN38: =INDEX(效果参数!$C$24:$H$24,1,C38+1) -> 30 | BO38: =INDEX(效果参数!$C$25:$H$25,1,C38+1) -> 1.5 | BP38: =INDEX(效果参数!$C$26:$H$26,1,C38+1) -> 0.6 | BQ38: =INDEX(效果参数!$C$27:$H$27,1,C38+1) -> 0.8 | BR38: =INDEX(效果参数!$C$28:$H$28,1,C38+1) -> 1 | BS38: =INDEX(效果参数!$C$35:$H$35,1,D38+1) -> 2.8 | BT38: =INDEX(效果参数!$C$36:$H$36,1,D38+1) -> 1.4 | BU38: =INDEX(效果参数!$C$37:$H$37,1,D38+1) -> 0.8 | BV38: =INDEX(效果参数!$C$38:$H$38,1,D38+1) -> 3 | BW38: =INDEX(效果参数!$C$39:$H$39,1,D38+1) -> 1 | BX38: =INDEX(效果参数!$C$40:$H$40,1,D38+1) -> 2 | BY38: =INDEX(效果参数!$C$41:$H$41,1,D38+1) -> 1 | BZ38: =IF(配置与结果!$H$24=1,AR38,MIN(AR38,MAX(0,配置与结果!$H$25))) -> 35 | CA38: =ROUNDDOWN(配置与结果!$B$17*(1+0.05+Y38),0) -> 2986 | CB38: =MIN(AD38,ROUNDDOWN((配置与结果!$B$16+CC38)*AC38,0)) -> 500 | CC38: =MIN(AM38,ROUNDDOWN(CA38*AL38,0)) -> 238 | CD38: =INDEX(效果参数!$C$96:$G$96,1,G38) -> 0.16 | CE38: =INDEX(效果参数!$C$42:$H$42,1,D38+1) -> 8 | CF38: =INDEX(效果参数!$C$54:$H$54,1,E38+1) -> 15 | CG38: =INDEX(效果参数!$C$55:$H$55,1,E38+1) -> 1.5 | CH38: =INDEX(效果参数!$C$106:$G$106,1,H38) -> 0.24
A39: =36 -> 36 | B39: ="昨日雨声轻 增幅1" -> 昨日雨声轻 增幅1 | C39: =配置与结果!B6 -> 0 | D39: =配置与结果!B7 -> 0 | E39: =配置与结果!B8 -> 0 | F39: =配置与结果!B9 -> 0 | G39: =配置与结果!D6 -> 5 | H39: =配置与结果!D7 -> 1 | I39: =1 -> 1 | J39: =配置与结果!D9 -> 1 | K39: =INDEX(效果参数!$C$105:$G$105,1,J39) -> 1 | L39: =AND(K39=1,INDEX(效果参数!$C$99:$G$99,1,H39)=1,INDEX(效果参数!$C$29:$H$29,1,C39+1)=1) -> TRUE | M39: =IF(AND(K39=1,L39),SUM(行动计算!AU1302:AU1337),"") -> 8291958.4 | N39: =IF(K39=1,SUMIFS(行动计算!AU1302:AU1337,行动计算!D1302:D1337,1),"") -> 2930760.4 | O39: =IF(L39,SUMIFS(行动计算!AU1302:AU1337,行动计算!D1302:D1337,2),"") -> 5361198 | P39: =IF(AND(K39=1,L39),SUMIFS(行动计算!AU1302:AU1337,行动计算!F1302:F1337,1),"") -> 6996160 | Q39: =IF(AND(K39=1,L39),SUMIFS(行动计算!AU1302:AU1337,行动计算!F1302:F1337,2),"") -> 608961.16 | R39: =IF(AND(K39=1,L39),SUMIFS(行动计算!AU1302:AU1337,行动计算!F1302:F1337,3),"") -> 435716.05 | S39: =IF(AND(K39=1,L39),SUMIFS(行动计算!AU1302:AU1337,行动计算!F1302:F1337,4),"") -> 251121.22 | T39: =IF(AND(ISNUMBER(M39),ISNUMBER($M$3),$M$3>0),M39/$M$3-1,"") -> -0.054143328 | U39: =INDEX(效果参数!$C$98:$G$98,1,H39) -> 0.04 | V39: =INDEX(效果参数!$C$97:$G$97,1,G39) -> 0.06 | W39: =INDEX(效果参数!$C$101:$G$101,1,I39) -> 0.012 | X39: =INDEX(效果参数!$C$102:$G$102,1,I39) -> 0.08 | Y39: =INDEX(效果参数!$C$100:$G$100,1,I39) -> 0.04 | Z39: =INDEX(效果参数!$C$103:$G$103,1,J39) -> 0.04 | AA39: =INDEX(效果参数!$C$104:$G$104,1,J39) -> 0.004 | AB39: =INDEX(效果参数!$C$30:$H$30,1,D39+1) -> 0.3 | AC39: =INDEX(效果参数!$C$31:$H$31,1,D39+1) -> 0.2 | AD39: =INDEX(效果参数!$C$32:$H$32,1,D39+1) -> 500 | AE39: =INDEX(效果参数!$C$33:$H$33,1,D39+1) -> 0.4 | AF39: =INDEX(效果参数!$C$34:$H$34,1,D39+1) -> 0.4 | AG39: =INDEX(效果参数!$C$43:$H$43,1,E39+1) -> 0.3 | AH39: =INDEX(效果参数!$C$44:$H$44,1,E39+1) -> 0.04 | AI39: =INDEX(效果参数!$C$45:$H$45,1,E39+1) -> 5 | AJ39: =INDEX(效果参数!$C$46:$H$46,1,E39+1) -> 1 | AK39: =INDEX(效果参数!$C$47:$H$47,1,E39+1) -> 2 | AL39: =INDEX(效果参数!$C$48:$H$48,1,E39+1) -> 0.08 | AM39: =INDEX(效果参数!$C$49:$H$49,1,E39+1) -> 250 | AN39: =INDEX(效果参数!$C$50:$H$50,1,E39+1) -> 0.15 | AO39: =INDEX(效果参数!$C$51:$H$51,1,E39+1) -> 0.15 | AP39: =INDEX(效果参数!$C$52:$H$52,1,E39+1) -> 0.15 | AQ39: =INDEX(效果参数!$C$53:$H$53,1,E39+1) -> 0.15 | AR39: =INDEX(效果参数!$C$56:$H$56,1,F39+1) -> 35 | AS39: =INDEX(效果参数!$C$57:$H$57,1,F39+1) -> 0.01 | AT39: =INDEX(效果参数!$C$58:$H$58,1,F39+1) -> 7 | AU39: =INDEX(效果参数!$C$59:$H$59,1,F39+1) -> 0.5 | AV39: =INDEX(效果参数!$C$6:$H$6,1,C39+1) -> 2 | AW39: =INDEX(效果参数!$C$7:$H$7,1,C39+1) -> 4 | AX39: =INDEX(效果参数!$C$8:$H$8,1,C39+1) -> 8 | AY39: =INDEX(效果参数!$C$9:$H$9,1,C39+1) -> 0.1 | AZ39: =INDEX(效果参数!$C$10:$H$10,1,C39+1) -> 0.2 | BA39: =INDEX(效果参数!$C$11:$H$11,1,C39+1) -> 0.6 | BB39: =INDEX(效果参数!$C$12:$H$12,1,C39+1) -> 1.2 | BC39: =INDEX(效果参数!$C$13:$H$13,1,C39+1) -> 0.06 | BD39: =INDEX(效果参数!$C$14:$H$14,1,C39+1) -> 3 | BE39: =INDEX(效果参数!$C$15:$H$15,1,C39+1) -> 1 | BF39: =INDEX(效果参数!$C$16:$H$16,1,C39+1) -> 0.025 | BG39: =INDEX(效果参数!$C$17:$H$17,1,C39+1) -> 18 | BH39: =INDEX(效果参数!$C$18:$H$18,1,C39+1) -> 18 | BI39: =INDEX(效果参数!$C$19:$H$19,1,C39+1) -> 1 | BJ39: =INDEX(效果参数!$C$20:$H$20,1,C39+1) -> 1 | BK39: =INDEX(效果参数!$C$21:$H$21,1,C39+1) -> 0.2 | BL39: =INDEX(效果参数!$C$22:$H$22,1,C39+1) -> 9 | BM39: =INDEX(效果参数!$C$23:$H$23,1,C39+1) -> 20 | BN39: =INDEX(效果参数!$C$24:$H$24,1,C39+1) -> 30 | BO39: =INDEX(效果参数!$C$25:$H$25,1,C39+1) -> 1.5 | BP39: =INDEX(效果参数!$C$26:$H$26,1,C39+1) -> 0.6 | BQ39: =INDEX(效果参数!$C$27:$H$27,1,C39+1) -> 0.8 | BR39: =INDEX(效果参数!$C$28:$H$28,1,C39+1) -> 1 | BS39: =INDEX(效果参数!$C$35:$H$35,1,D39+1) -> 2.8 | BT39: =INDEX(效果参数!$C$36:$H$36,1,D39+1) -> 1.4 | BU39: =INDEX(效果参数!$C$37:$H$37,1,D39+1) -> 0.8 | BV39: =INDEX(效果参数!$C$38:$H$38,1,D39+1) -> 3 | BW39: =INDEX(效果参数!$C$39:$H$39,1,D39+1) -> 1 | BX39: =INDEX(效果参数!$C$40:$H$40,1,D39+1) -> 2 | BY39: =INDEX(效果参数!$C$41:$H$41,1,D39+1) -> 1 | BZ39: =IF(配置与结果!$H$24=1,AR39,MIN(AR39,MAX(0,配置与结果!$H$25))) -> 35 | CA39: =ROUNDDOWN(配置与结果!$B$17*(1+0.05+Y39),0) -> 2830 | CB39: =MIN(AD39,ROUNDDOWN((配置与结果!$B$16+CC39)*AC39,0)) -> 500 | CC39: =MIN(AM39,ROUNDDOWN(CA39*AL39,0)) -> 226 | CD39: =INDEX(效果参数!$C$96:$G$96,1,G39) -> 0.16 | CE39: =INDEX(效果参数!$C$42:$H$42,1,D39+1) -> 8 | CF39: =INDEX(效果参数!$C$54:$H$54,1,E39+1) -> 15 | CG39: =INDEX(效果参数!$C$55:$H$55,1,E39+1) -> 1.5 | CH39: =INDEX(效果参数!$C$106:$G$106,1,H39) -> 0.12
A40: =37 -> 37 | B40: ="昨日雨声轻 增幅2" -> 昨日雨声轻 增幅2 | C40: =配置与结果!B6 -> 0 | D40: =配置与结果!B7 -> 0 | E40: =配置与结果!B8 -> 0 | F40: =配置与结果!B9 -> 0 | G40: =配置与结果!D6 -> 5 | H40: =配置与结果!D7 -> 1 | I40: =2 -> 2 | J40: =配置与结果!D9 -> 1 | K40: =INDEX(效果参数!$C$105:$G$105,1,J40) -> 1 | L40: =AND(K40=1,INDEX(效果参数!$C$99:$G$99,1,H40)=1,INDEX(效果参数!$C$29:$H$29,1,C40+1)=1) -> TRUE | M40: =IF(AND(K40=1,L40),SUM(行动计算!AU1338:AU1373),"") -> 8402306.9 | N40: =IF(K40=1,SUMIFS(行动计算!AU1338:AU1373,行动计算!D1338:D1373,1),"") -> 2976743.5 | O40: =IF(L40,SUMIFS(行动计算!AU1338:AU1373,行动计算!D1338:D1373,2),"") -> 5425563.4 | P40: =IF(AND(K40=1,L40),SUMIFS(行动计算!AU1338:AU1373,行动计算!F1338:F1373,1),"") -> 7082954 | Q40: =IF(AND(K40=1,L40),SUMIFS(行动计算!AU1338:AU1373,行动计算!F1338:F1373,2),"") -> 617035.48 | R40: =IF(AND(K40=1,L40),SUMIFS(行动计算!AU1338:AU1373,行动计算!F1338:F1373,3),"") -> 446538.38 | S40: =IF(AND(K40=1,L40),SUMIFS(行动计算!AU1338:AU1373,行动计算!F1338:F1373,4),"") -> 255779.08 | T40: =IF(AND(ISNUMBER(M40),ISNUMBER($M$3),$M$3>0),M40/$M$3-1,"") -> -0.041555966 | U40: =INDEX(效果参数!$C$98:$G$98,1,H40) -> 0.04 | V40: =INDEX(效果参数!$C$97:$G$97,1,G40) -> 0.06 | W40: =INDEX(效果参数!$C$101:$G$101,1,I40) -> 0.014 | X40: =INDEX(效果参数!$C$102:$G$102,1,I40) -> 0.1 | Y40: =INDEX(效果参数!$C$100:$G$100,1,I40) -> 0.05 | Z40: =INDEX(效果参数!$C$103:$G$103,1,J40) -> 0.04 | AA40: =INDEX(效果参数!$C$104:$G$104,1,J40) -> 0.004 | AB40: =INDEX(效果参数!$C$30:$H$30,1,D40+1) -> 0.3 | AC40: =INDEX(效果参数!$C$31:$H$31,1,D40+1) -> 0.2 | AD40: =INDEX(效果参数!$C$32:$H$32,1,D40+1) -> 500 | AE40: =INDEX(效果参数!$C$33:$H$33,1,D40+1) -> 0.4 | AF40: =INDEX(效果参数!$C$34:$H$34,1,D40+1) -> 0.4 | AG40: =INDEX(效果参数!$C$43:$H$43,1,E40+1) -> 0.3 | AH40: =INDEX(效果参数!$C$44:$H$44,1,E40+1) -> 0.04 | AI40: =INDEX(效果参数!$C$45:$H$45,1,E40+1) -> 5 | AJ40: =INDEX(效果参数!$C$46:$H$46,1,E40+1) -> 1 | AK40: =INDEX(效果参数!$C$47:$H$47,1,E40+1) -> 2 | AL40: =INDEX(效果参数!$C$48:$H$48,1,E40+1) -> 0.08 | AM40: =INDEX(效果参数!$C$49:$H$49,1,E40+1) -> 250 | AN40: =INDEX(效果参数!$C$50:$H$50,1,E40+1) -> 0.15 | AO40: =INDEX(效果参数!$C$51:$H$51,1,E40+1) -> 0.15 | AP40: =INDEX(效果参数!$C$52:$H$52,1,E40+1) -> 0.15 | AQ40: =INDEX(效果参数!$C$53:$H$53,1,E40+1) -> 0.15 | AR40: =INDEX(效果参数!$C$56:$H$56,1,F40+1) -> 35 | AS40: =INDEX(效果参数!$C$57:$H$57,1,F40+1) -> 0.01 | AT40: =INDEX(效果参数!$C$58:$H$58,1,F40+1) -> 7 | AU40: =INDEX(效果参数!$C$59:$H$59,1,F40+1) -> 0.5 | AV40: =INDEX(效果参数!$C$6:$H$6,1,C40+1) -> 2 | AW40: =INDEX(效果参数!$C$7:$H$7,1,C40+1) -> 4 | AX40: =INDEX(效果参数!$C$8:$H$8,1,C40+1) -> 8 | AY40: =INDEX(效果参数!$C$9:$H$9,1,C40+1) -> 0.1 | AZ40: =INDEX(效果参数!$C$10:$H$10,1,C40+1) -> 0.2 | BA40: =INDEX(效果参数!$C$11:$H$11,1,C40+1) -> 0.6 | BB40: =INDEX(效果参数!$C$12:$H$12,1,C40+1) -> 1.2 | BC40: =INDEX(效果参数!$C$13:$H$13,1,C40+1) -> 0.06 | BD40: =INDEX(效果参数!$C$14:$H$14,1,C40+1) -> 3 | BE40: =INDEX(效果参数!$C$15:$H$15,1,C40+1) -> 1 | BF40: =INDEX(效果参数!$C$16:$H$16,1,C40+1) -> 0.025 | BG40: =INDEX(效果参数!$C$17:$H$17,1,C40+1) -> 18 | BH40: =INDEX(效果参数!$C$18:$H$18,1,C40+1) -> 18 | BI40: =INDEX(效果参数!$C$19:$H$19,1,C40+1) -> 1 | BJ40: =INDEX(效果参数!$C$20:$H$20,1,C40+1) -> 1 | BK40: =INDEX(效果参数!$C$21:$H$21,1,C40+1) -> 0.2 | BL40: =INDEX(效果参数!$C$22:$H$22,1,C40+1) -> 9 | BM40: =INDEX(效果参数!$C$23:$H$23,1,C40+1) -> 20 | BN40: =INDEX(效果参数!$C$24:$H$24,1,C40+1) -> 30 | BO40: =INDEX(效果参数!$C$25:$H$25,1,C40+1) -> 1.5 | BP40: =INDEX(效果参数!$C$26:$H$26,1,C40+1) -> 0.6 | BQ40: =INDEX(效果参数!$C$27:$H$27,1,C40+1) -> 0.8 | BR40: =INDEX(效果参数!$C$28:$H$28,1,C40+1) -> 1 | BS40: =INDEX(效果参数!$C$35:$H$35,1,D40+1) -> 2.8 | BT40: =INDEX(效果参数!$C$36:$H$36,1,D40+1) -> 1.4 | BU40: =INDEX(效果参数!$C$37:$H$37,1,D40+1) -> 0.8 | BV40: =INDEX(效果参数!$C$38:$H$38,1,D40+1) -> 3 | BW40: =INDEX(效果参数!$C$39:$H$39,1,D40+1) -> 1 | BX40: =INDEX(效果参数!$C$40:$H$40,1,D40+1) -> 2 | BY40: =INDEX(效果参数!$C$41:$H$41,1,D40+1) -> 1 | BZ40: =IF(配置与结果!$H$24=1,AR40,MIN(AR40,MAX(0,配置与结果!$H$25))) -> 35 | CA40: =ROUNDDOWN(配置与结果!$B$17*(1+0.05+Y40),0) -> 2856 | CB40: =MIN(AD40,ROUNDDOWN((配置与结果!$B$16+CC40)*AC40,0)) -> 500 | CC40: =MIN(AM40,ROUNDDOWN(CA40*AL40,0)) -> 228 | CD40: =INDEX(效果参数!$C$96:$G$96,1,G40) -> 0.16 | CE40: =INDEX(效果参数!$C$42:$H$42,1,D40+1) -> 8 | CF40: =INDEX(效果参数!$C$54:$H$54,1,E40+1) -> 15 | CG40: =INDEX(效果参数!$C$55:$H$55,1,E40+1) -> 1.5 | CH40: =INDEX(效果参数!$C$106:$G$106,1,H40) -> 0.12
A41: =38 -> 38 | B41: ="昨日雨声轻 增幅3" -> 昨日雨声轻 增幅3 | C41: =配置与结果!B6 -> 0 | D41: =配置与结果!B7 -> 0 | E41: =配置与结果!B8 -> 0 | F41: =配置与结果!B9 -> 0 | G41: =配置与结果!D6 -> 5 | H41: =配置与结果!D7 -> 1 | I41: =3 -> 3 | J41: =配置与结果!D9 -> 1 | K41: =INDEX(效果参数!$C$105:$G$105,1,J41) -> 1 | L41: =AND(K41=1,INDEX(效果参数!$C$99:$G$99,1,H41)=1,INDEX(效果参数!$C$29:$H$29,1,C41+1)=1) -> TRUE | M41: =IF(AND(K41=1,L41),SUM(行动计算!AU1374:AU1409),"") -> 8513503.4 | N41: =IF(K41=1,SUMIFS(行动计算!AU1374:AU1409,行动计算!D1374:D1409,1),"") -> 3023154.5 | O41: =IF(L41,SUMIFS(行动计算!AU1374:AU1409,行动计算!D1374:D1409,2),"") -> 5490348.9 | P41: =IF(AND(K41=1,L41),SUMIFS(行动计算!AU1374:AU1409,行动计算!F1374:F1409,1),"") -> 7170327 | Q41: =IF(AND(K41=1,L41),SUMIFS(行动计算!AU1374:AU1409,行动计算!F1374:F1409,2),"") -> 625159.96 | R41: =IF(AND(K41=1,L41),SUMIFS(行动计算!AU1374:AU1409,行动计算!F1374:F1409,3),"") -> 457532.8 | S41: =IF(AND(K41=1,L41),SUMIFS(行动计算!AU1374:AU1409,行动计算!F1374:F1409,4),"") -> 260483.64 | T41: =IF(AND(ISNUMBER(M41),ISNUMBER($M$3),$M$3>0),M41/$M$3-1,"") -> -0.028871881 | U41: =INDEX(效果参数!$C$98:$G$98,1,H41) -> 0.04 | V41: =INDEX(效果参数!$C$97:$G$97,1,G41) -> 0.06 | W41: =INDEX(效果参数!$C$101:$G$101,1,I41) -> 0.016 | X41: =INDEX(效果参数!$C$102:$G$102,1,I41) -> 0.12 | Y41: =INDEX(效果参数!$C$100:$G$100,1,I41) -> 0.06 | Z41: =INDEX(效果参数!$C$103:$G$103,1,J41) -> 0.04 | AA41: =INDEX(效果参数!$C$104:$G$104,1,J41) -> 0.004 | AB41: =INDEX(效果参数!$C$30:$H$30,1,D41+1) -> 0.3 | AC41: =INDEX(效果参数!$C$31:$H$31,1,D41+1) -> 0.2 | AD41: =INDEX(效果参数!$C$32:$H$32,1,D41+1) -> 500 | AE41: =INDEX(效果参数!$C$33:$H$33,1,D41+1) -> 0.4 | AF41: =INDEX(效果参数!$C$34:$H$34,1,D41+1) -> 0.4 | AG41: =INDEX(效果参数!$C$43:$H$43,1,E41+1) -> 0.3 | AH41: =INDEX(效果参数!$C$44:$H$44,1,E41+1) -> 0.04 | AI41: =INDEX(效果参数!$C$45:$H$45,1,E41+1) -> 5 | AJ41: =INDEX(效果参数!$C$46:$H$46,1,E41+1) -> 1 | AK41: =INDEX(效果参数!$C$47:$H$47,1,E41+1) -> 2 | AL41: =INDEX(效果参数!$C$48:$H$48,1,E41+1) -> 0.08 | AM41: =INDEX(效果参数!$C$49:$H$49,1,E41+1) -> 250 | AN41: =INDEX(效果参数!$C$50:$H$50,1,E41+1) -> 0.15 | AO41: =INDEX(效果参数!$C$51:$H$51,1,E41+1) -> 0.15 | AP41: =INDEX(效果参数!$C$52:$H$52,1,E41+1) -> 0.15 | AQ41: =INDEX(效果参数!$C$53:$H$53,1,E41+1) -> 0.15 | AR41: =INDEX(效果参数!$C$56:$H$56,1,F41+1) -> 35 | AS41: =INDEX(效果参数!$C$57:$H$57,1,F41+1) -> 0.01 | AT41: =INDEX(效果参数!$C$58:$H$58,1,F41+1) -> 7 | AU41: =INDEX(效果参数!$C$59:$H$59,1,F41+1) -> 0.5 | AV41: =INDEX(效果参数!$C$6:$H$6,1,C41+1) -> 2 | AW41: =INDEX(效果参数!$C$7:$H$7,1,C41+1) -> 4 | AX41: =INDEX(效果参数!$C$8:$H$8,1,C41+1) -> 8 | AY41: =INDEX(效果参数!$C$9:$H$9,1,C41+1) -> 0.1 | AZ41: =INDEX(效果参数!$C$10:$H$10,1,C41+1) -> 0.2 | BA41: =INDEX(效果参数!$C$11:$H$11,1,C41+1) -> 0.6 | BB41: =INDEX(效果参数!$C$12:$H$12,1,C41+1) -> 1.2 | BC41: =INDEX(效果参数!$C$13:$H$13,1,C41+1) -> 0.06 | BD41: =INDEX(效果参数!$C$14:$H$14,1,C41+1) -> 3 | BE41: =INDEX(效果参数!$C$15:$H$15,1,C41+1) -> 1 | BF41: =INDEX(效果参数!$C$16:$H$16,1,C41+1) -> 0.025 | BG41: =INDEX(效果参数!$C$17:$H$17,1,C41+1) -> 18 | BH41: =INDEX(效果参数!$C$18:$H$18,1,C41+1) -> 18 | BI41: =INDEX(效果参数!$C$19:$H$19,1,C41+1) -> 1 | BJ41: =INDEX(效果参数!$C$20:$H$20,1,C41+1) -> 1 | BK41: =INDEX(效果参数!$C$21:$H$21,1,C41+1) -> 0.2 | BL41: =INDEX(效果参数!$C$22:$H$22,1,C41+1) -> 9 | BM41: =INDEX(效果参数!$C$23:$H$23,1,C41+1) -> 20 | BN41: =INDEX(效果参数!$C$24:$H$24,1,C41+1) -> 30 | BO41: =INDEX(效果参数!$C$25:$H$25,1,C41+1) -> 1.5 | BP41: =INDEX(效果参数!$C$26:$H$26,1,C41+1) -> 0.6 | BQ41: =INDEX(效果参数!$C$27:$H$27,1,C41+1) -> 0.8 | BR41: =INDEX(效果参数!$C$28:$H$28,1,C41+1) -> 1 | BS41: =INDEX(效果参数!$C$35:$H$35,1,D41+1) -> 2.8 | BT41: =INDEX(效果参数!$C$36:$H$36,1,D41+1) -> 1.4 | BU41: =INDEX(效果参数!$C$37:$H$37,1,D41+1) -> 0.8 | BV41: =INDEX(效果参数!$C$38:$H$38,1,D41+1) -> 3 | BW41: =INDEX(效果参数!$C$39:$H$39,1,D41+1) -> 1 | BX41: =INDEX(效果参数!$C$40:$H$40,1,D41+1) -> 2 | BY41: =INDEX(效果参数!$C$41:$H$41,1,D41+1) -> 1 | BZ41: =IF(配置与结果!$H$24=1,AR41,MIN(AR41,MAX(0,配置与结果!$H$25))) -> 35 | CA41: =ROUNDDOWN(配置与结果!$B$17*(1+0.05+Y41),0) -> 2882 | CB41: =MIN(AD41,ROUNDDOWN((配置与结果!$B$16+CC41)*AC41,0)) -> 500 | CC41: =MIN(AM41,ROUNDDOWN(CA41*AL41,0)) -> 230 | CD41: =INDEX(效果参数!$C$96:$G$96,1,G41) -> 0.16 | CE41: =INDEX(效果参数!$C$42:$H$42,1,D41+1) -> 8 | CF41: =INDEX(效果参数!$C$54:$H$54,1,E41+1) -> 15 | CG41: =INDEX(效果参数!$C$55:$H$55,1,E41+1) -> 1.5 | CH41: =INDEX(效果参数!$C$106:$G$106,1,H41) -> 0.12
