Workbook

Sheet 角色面板
A1: 洞知队｜角色基础数值与入战面板
A3: 角色 | B3: 灵感 | C3: 攻击 | D3: 生命 | E3: 现实防御 | F3: 精神防御 | G3: 暴击率 | H3: 暴击创伤 | I3: 创伤加成 | J3: 受创减免 | K3: 术法威力 | L3: 仪式威力 | M3: 伤害加成
A4: 红弩箭 | B4: 星 | C4: 2296 | D4: 9354 | E4: 797 | F4: 763 | G4: 0.7 | H4: 2.026 | I4: 0.1 | J4: 0.07 | K4: 0 | L4: 0 | M4: 0
A5: 37 | B5: 星 | C5: 2306 | D5: 11089 | E5: 760 | F5: 853 | G5: 0.46 | H5: 1.928 | I5: 0.005 | J5: 0.01 | K5: 0 | L5: 0 | M5: 0
A6: 小瑞安侬 | B6: 兽 | C6: 2597 | D6: 12240 | E6: 818 | F6: 838 | G6: 0.255 | H6: 1.55 | I6: 0.035 | J6: 0.205 | K6: 0 | L6: 0 | M6: 0
A7: J | B7: 兽 | C7: 1906 | D7: 12876 | E7: 942 | F7: 942 | G7: 0.367 | H7: 1.718 | I7: 0.025 | J7: 0.06 | K7: 0 | L7: 0 | M7: 0
A9: 入战加成｜已包含账号练度效果与本关场地Buff
A10: 角色 | B10: 来源 | C10: 攻击 | D10: 生命 | E10: 现实防御 | F10: 精神防御 | G10: 暴击率 | H10: 暴击创伤 | I10: 创伤加成 | J10: 受创减免 | K10: 术法威力 | L10: 仪式威力 | M10: 伤害加成
A11: 红弩箭 | B11: 场地+37狂想IV+洞悉II+立于风暴脊A5 | C11: 0.2 | D11: 0.2 | E11: 0.2 | F11: 0.2 | G11: 0.3 | H11: 0 | I11: 0 | J11: 0 | K11: =Boss参数!$B$58 -> -0.4 | L11: 0 | M11: 0.24
A12: 37 | B12: 场地+狂想IV+洞悉II+灵知当齐一A1 | C12: 0.2 | D12: 0.2 | E12: 0.2 | F12: 0.2 | G12: 0.3 | H12: 0.27 | I12: 0 | J12: 0 | K12: =Boss参数!$B$58 -> -0.4 | L12: 0 | M12: 0
A13: 小瑞安侬 | B13: 全员场地术法减益+洞悉II+昨日雨声轻A5+37狂想IV | C13: 0.15 | D13: 0.1 | E13: 0 | F13: 0 | G13: 0.3 | H13: 0 | I13: 0 | J13: 0 | K13: =Boss参数!$B$58 -> -0.4 | L13: 0 | M13: 0
A14: J | B14: 全员场地术法减益+洞悉II+37狂想IV | C14: 0 | D14: 0 | E14: 0 | F14: 0 | G14: 0.3 | H14: 0 | I14: 0 | J14: 0 | K14: =Boss参数!$B$58 -> -0.4 | L14: 0 | M14: 0.08
A16: 最终入战面板｜攻击、生命、双防向下取整
A17: 角色 | B17: 灵感 | C17: 攻击 | D17: 生命 | E17: 现实防御 | F17: 精神防御 | G17: 暴击率 | H17: 暴击创伤 | I17: 创伤加成 | J17: 受创减免 | K17: 术法威力 | L17: 仪式威力 | M17: 伤害加成
A18: =A4 -> 红弩箭 | B18: =B4 -> 星 | C18: =ROUNDDOWN(C4*(1+C11),0) -> 2755 | D18: =ROUNDDOWN(D4*(1+D11),0) -> 11224 | E18: =ROUNDDOWN(E4*(1+E11),0) -> 956 | F18: =ROUNDDOWN(F4*(1+F11),0) -> 915 | G18: =G4+G11 -> 1 | H18: =H4+H11 -> 2.026 | I18: =I4+I11 -> 0.1 | J18: =J4+J11 -> 0.07 | K18: =K4+K11 -> -0.4 | L18: =L4+L11 -> 0 | M18: =M4+M11 -> 0.24
A19: =A5 -> 37 | B19: =B5 -> 星 | C19: =ROUNDDOWN(C5*(1+C12),0) -> 2767 | D19: =ROUNDDOWN(D5*(1+D12),0) -> 13306 | E19: =ROUNDDOWN(E5*(1+E12),0) -> 912 | F19: =ROUNDDOWN(F5*(1+F12),0) -> 1023 | G19: =G5+G12 -> 0.76 | H19: =H5+H12 -> 2.198 | I19: =I5+I12 -> 0.005 | J19: =J5+J12 -> 0.01 | K19: =K5+K12 -> -0.4 | L19: =L5+L12 -> 0 | M19: =M5+M12 -> 0
A20: =A6 -> 小瑞安侬 | B20: =B6 -> 兽 | C20: =ROUNDDOWN(C6*(1+C13),0) -> 2986 | D20: =ROUNDDOWN(D6*(1+D13),0) -> 13464 | E20: =ROUNDDOWN(E6*(1+E13),0) -> 818 | F20: =ROUNDDOWN(F6*(1+F13),0) -> 838 | G20: =G6+G13 -> 0.555 | H20: =H6+H13 -> 1.55 | I20: =I6+I13 -> 0.035 | J20: =J6+J13 -> 0.205 | K20: =K6+K13 -> -0.4 | L20: =L6+L13 -> 0 | M20: =M6+M13 -> 0
A21: =A7 -> J | B21: =B7 -> 兽 | C21: =ROUNDDOWN(C7*(1+C14),0) -> 1906 | D21: =ROUNDDOWN(D7*(1+D14),0) -> 12876 | E21: =ROUNDDOWN(E7*(1+E14),0) -> 942 | F21: =ROUNDDOWN(F7*(1+F14),0) -> 942 | G21: =G7+G14 -> 0.667 | H21: =H7+H14 -> 1.718 | I21: =I7+I14 -> 0.025 | J21: =J7+J14 -> 0.06 | K21: =K7+K14 -> -0.4 | L21: =L7+L14 -> 0 | M21: =M7+M14 -> 0.08
A24: 账号 | B24: 红弩箭：2塑｜洞悉III 60｜共鸣13 希冀｜立于风暴脊 Lv60 A5
A25: 账号 | B25: 37：0塑｜洞悉III 60｜共鸣10 恍然惊诧｜狂想IV｜灵知当齐一 Lv60 A1
A26: 账号 | B26: 小瑞安侬：0塑｜洞悉III 60｜共鸣15 亢奋｜昨日雨声轻 Lv60 A5
A27: 账号 | B27: J：0塑｜洞悉III 60｜共鸣10 未调频｜狂想IV｜家庭指导员Lv60 A1。已确认1906攻击、12876生命、创伤加成2.5%来自装备心相后面板。心相360攻击、3000生命、双防160及16%生命不重复添加。
A28: 场地 | B28: 星/岩：攻击、现实防御、精神防御、最大生命+20%；全员：术法威力−40%，全程生效。统一术法减益在Boss参数B58修改。
A29: 说明 | B29: 黄色为可编辑输入；绿色为公式结果。基础面板直接使用游戏内显示值，避免重复叠加共鸣/调频/心相静态属性。

Sheet 技能数据库
A1: 技能数据库｜伤害倍率与核心机制
A3: 选择键 | B3: 角色 | C3: 技能 | D3: 阶次 | E3: 类型 | F3: 创伤类型 | G3: 基础倍率 | H3: 本源倍率 | I3: 代码 | J3: 目标 | K3: 机制摘要 | L3: 来源URL
A4: 系统｜进入弱点洞穿 | B4: 系统 | C4: 进入弱点洞穿 | D4: 0 | E4: 系统 | F4: 无 | G4: 0 | H4: 0 | I4: ENTER_INSIGHT | J4: 系统 | K4: 手动插入；重置洞穿阶段计数 | L4: https://res1999.huijiwiki.com/wiki/37
A5: 红弩箭｜极限俯冲Ⅰ | B5: 红弩箭 | C5: 极限俯冲 | D5: 1 | E5: 术法 | F5: 现实 | G5: 3 | H5: 0 | I5: LILYA_DIVE | J5: 单体 | K5: 2塑基础300%；吟诵追加倍率/伤害提升由后台计算 | L5: https://res1999.huijiwiki.com/wiki/狩勋女巫红弩箭
A6: 红弩箭｜极限俯冲Ⅱ | B6: 红弩箭 | C6: 极限俯冲 | D6: 2 | E6: 术法 | F6: 现实 | G6: 6 | H6: 0 | I6: LILYA_DIVE | J6: 单体 | K6: 2塑基础600% | L6: https://res1999.huijiwiki.com/wiki/狩勋女巫红弩箭
A7: 红弩箭｜极限俯冲Ⅲ | B7: 红弩箭 | C7: 极限俯冲 | D7: 3 | E7: 术法 | F7: 现实 | G7: 9 | H7: 0 | I7: LILYA_DIVE | J7: 单体 | K7: 2塑基础900% | L7: https://res1999.huijiwiki.com/wiki/狩勋女巫红弩箭
A8: 红弩箭｜眼镜蛇机动 | B8: 红弩箭 | C8: 眼镜蛇机动 | D8: 0 | E8: 增益 | F8: 无 | G8: 0 | H8: 0 | I8: LILYA_COBRA | J8: 自身 | K8: 自我吟诵，进入雷鸣引擎；已有雷鸣时获得1层弹药，已有极限时获得2层弹药。首次使用额外赋予5增压、6弹药及1激情。 | L8: 用户完整文本；保留原无阶次名称作为Ⅰ阶别名
A9: 红弩箭｜试试杀手锏 | B9: 红弩箭 | C9: 试试杀手锏 | D9: 0 | E9: 仪式 | F9: 现实 | G9: 18 | H9: 0 | I9: LILYA_ULT | J9: 主目标 | K9: 2塑主目标1800%；弹药≥6再追加1800%并强化仪式/暴创/穿透 | L9: https://res1999.huijiwiki.com/wiki/狩勋女巫红弩箭
A10: 红弩箭｜洞知咒语 | B10: 红弩箭 | C10: 洞知咒语 | D10: 0 | E10: 洞知 | F10: 现实 | G10: 15 | H10: 0 | I10: LILYA_INSIGHT | J10: 单体/强化群体 | K10: 1500%现实；普通洞知攻击时暴创+60%；自身每第三次强化3200%现实，攻击时暴创+80%。 | L10: 用户提供完整技能文字；开局13次主伤及4次附加精确
A11: 红弩箭｜洞知终结 | B11: 红弩箭 | C11: 洞知终结 | D11: 0 | E11: 洞知 | F11: 现实 | G11: 50 | H11: 0 | I11: LILYA_FINISH | J11: 群体 | K11: 5000%现实＋本阶段此前队伍每行动一次250%；攻击时暴创+100%；攻击后退出洞穿。 | L11: 用户提供完整技能文字；开局终结964769+385907精确
A12: 37｜三角正论Ⅰ | B12: 37 | C12: 三角正论 | D12: 1 | E12: 术法 | F12: 精神 | G12: 2.8 | H12: 0.8 | I12: 37_TRIANGLE | J12: 单体 | K12: 狂想III：基础值额外100%，精神280%+本源80%；基础逐阶值为原玩家记录，狂想增加由游戏截图确认。 | L12: https://bbs.4399.cn/thread-view-tid-44096347
A13: 37｜三角正论Ⅱ | B13: 37 | C13: 三角正论 | D13: 2 | E13: 术法 | F13: 精神 | G13: 4.2 | H13: 1.2 | I13: 37_TRIANGLE | J13: 单体 | K13: 狂想III：基础值额外100%，精神420%+本源120%；基础逐阶值为原玩家记录，狂想增加由游戏截图确认。 | L13: https://bbs.4399.cn/thread-view-tid-44096347
A14: 37｜三角正论Ⅲ | B14: 37 | C14: 三角正论 | D14: 3 | E14: 术法 | F14: 精神 | G14: 7 | H14: 2 | I14: 37_TRIANGLE | J14: 单体 | K14: 狂想III：基础值额外100%，精神700%+本源200%；基础逐阶值为原玩家记录，狂想增加由游戏截图确认。 | L14: https://bbs.4399.cn/thread-view-tid-44096347
A15: 37｜曲线映射Ⅰ | B15: 37 | C15: 曲线映射 | D15: 1 | E15: 术法 | F15: 精神 | G15: 1.4 | H15: 0.8 | I15: 37_CURVE | J15: 2目标 | K15: 狂想III：基础值额外100%，精神140%+本源80%；基础逐阶值为原玩家记录，狂想增加由游戏截图确认。 | L15: https://bbs.4399.cn/thread-view-tid-44096347
... A32: J｜飞跃海特街 | B32: J | C32: 飞跃海特街 | D32: 0 | E32: 仪式 | F32: 现实 | G32: 7 | H32: 0 | I32: J_ULT | J32: 主目标 | K32: 700%现实创伤；攻击前添加自身燃烧层数，J不获得燃烧。主目标每溢出1层，本表按额外100%现实创伤计算。伤后全队伤加每层燃烧＋2.5%，持续3回合。 | L32: 游戏文本为溢出每层50%；三次独立测试及原表两次仪式支持有效100%。怀疑游戏内bug或文本显示错误，具体原因未确认。
A33: 系统｜Boss行动 | B33: 系统 | C33: Boss行动 | D33: 0 | E33: 系统 | F33: 无 | G33: 0 | H33: 0 | I33: BOSS_ACTION | J33: 0 | K33: 0 | L33: 无反击时记录敌方行动开始；同阶段只记录一次，之后的J反击继续逐条填写
A34: 红弩箭｜眼镜蛇机动Ⅰ | B34: 红弩箭 | C34: 眼镜蛇机动 | D34: 1 | E34: 增益 | F34: 无 | G34: 0 | H34: 0 | I34: LILYA_COBRA | J34: 自身 | K34: Ⅰ阶：进入雷鸣；已有雷鸣时获得1弹药，已有极限时获得2弹药。 | L34: 用户完整文本
A35: 红弩箭｜眼镜蛇机动Ⅱ | B35: 红弩箭 | C35: 眼镜蛇机动 | D35: 2 | E35: 增益 | F35: 无 | G35: 0 | H35: 0 | I35: LILYA_COBRA | J35: 自身 | K35: Ⅱ阶：进入雷鸣；已有雷鸣时获得2弹药，已有极限时获得4弹药。 | L35: 用户完整文本
A36: 系统｜回合结束 | B36: 系统 | C36: 回合结束 | D36: 0 | E36: 系统 | F36: 无 | G36: 0 | H36: 0 | I36: END_TURN | J36: 系统 | K36: 仅结算回合末与阶段收尾，不是Boss攻击；没有敌方实际行动的阶段在交界仍会刷新仰望。 | L36: 小瑞额外回合第68行；本场10个阶段开局仰望检验支持。
A37: 系统｜Boss仪式·保守主义 | B37: 系统 | C37: Boss仪式·保守主义 | D37: 0 | E37: 系统 | F37: 无 | G37: 0 | H37: 0 | I37: BOSS_CONSERVATIVE | J37: 系统 | K37: 施加保守主义：额外行动暴击率－50个百分点、暴击创伤－70个百分点，持续2回合 | L37: 第5回合仪式后立即生效，施加回合不扣持续时间；第6回合剩2、第7回合剩1；洞知按用户要求不受影响。
A38: 红弩箭｜眼镜蛇机动Ⅲ | B38: 红弩箭 | C38: 眼镜蛇机动 | D38: 3 | E38: 增益 | F38: 无 | G38: 0 | H38: 0 | I38: LILYA_COBRA | J38: 自身 | K38: Ⅲ阶：进入雷鸣；已有雷鸣时获得3弹药，已有极限时获得6弹药。 | L38: 用户完整文本

Sheet Boss参数
A1: Boss参数｜太阳的宠臣
A3: 敌人 | B3: 灵感 | C3: 现实防御 | D3: 精神防御 | E3: 抗暴率 | F3: 暴击防御 | G3: 受创减免 | H3: 受到伤害提升 | I3: 燃烧上限
A4: 太阳的宠臣 | B4: 岩 | C4: 1200 | D4: 1000 | E4: 0 | F4: 0.4 | G4: 0.4 | H4: 0 | I4: 30
A7: 机制参数 | B7: 数值 | C7: 用途 | D7: 来源/说明
A8: 基础克制伤害加成 | B8: 0.3 | C8: 星→岩等基础克制 | D8: 游戏通用机制
A9: 攻防项最低攻击比例 | B9: 0.1 | C9: MAX(攻击×10%, 攻击-防御) | D9: 伤害公式参数
A10: 创伤乘区最低值 | B10: 0.3 | C10: MAX(30%,1+加成-减免) | D10: 伤害公式参数
A11: 归谬降低普通受创减免 | B11: 0.4 | C11: 弱点洞穿期间敌方普通受创减免降低40% | D11: 用户提供归谬完整效果
A12: 昨日雨声轻A5-主动咒语伤害 | B12: 0.02 | C12: 全队，最多6层，3回合 | D12: https://wiki.biligame.com/reverse1999/昨日雨声轻
A13: 昨日雨声轻A5-仪式暴创 | B13: 0.16 | C13: 全队，3回合 | D13: https://wiki.biligame.com/reverse1999/昨日雨声轻
A14: 灵知当齐一A1-洞知创伤 | B14: 0.04 | C14: 37额外行动后全队，最多4层，3回合 | D14: https://res1999.huijiwiki.com/wiki/37
A15: 立于风暴脊A5-洞知创伤 | B15: 0.06 | C15: 任意己方洞知攻击后红弩箭叠加；退出洞穿清空 | D15: https://www.taptap.cn/moment/852436614087970804
A16: 家庭指导员A1-反击后仪式威力 | B16: 0.04 | C16: J，最多3层 | D16: https://wiki.biligame.com/reverse1999/家庭指导员
A17: 家庭指导员A1-每激情暴创 | B17: 0.004 | C17: 全队，最多30层 | D17: https://wiki.biligame.com/reverse1999/家庭指导员
A18: J每层燃烧攻击提升 | B18: 0.01 | C18: 0塑狂想I：原0.5%提升100%，每层1%攻击 | D18: https://www.taptap.cn/moment/816407892969128552
A19: 小瑞安侬每层灵犀克制加成 | B19: 0.04 | C19: 上限5层 | D19: https://res1999.huijiwiki.com/wiki/小瑞安侬
... A33: 本源是否吃术法威力 | B33: 0 | C33: 0=保留独立本源倍率；1=本源也应用BO威力乘区 | D33: 待确认
A35: 参数依据 | B35: 现实1200、精神1000、基础暴防40%、基础受减40%已由用户确认；每回合5%在阶段表另算。
A39: J反击每层额外倍率 | B39: 0.05 | C39: 高温回火300%基础＋攻击前自身燃烧×5%；按用户当前卡面文字 | D39: 用户再次确认当前300%＋每层燃烧5%
A40: J回合开始每层反击创伤 | B40: 0.01 | C40: 仅回合开始燃烧≥Boss参数B59时授予，每层1%，持续本回合 | D40: 用户洞悉III完整文字
A41: J仪式每层团队伤害 | B41: 0.025 | C41: 攻击后按自身燃烧，持续3回合 | D41: 狂想III；公开游戏截图
A42: 启迪本源创伤提升 | B42: 1 | C42: 咒语附加的本源伤害提高100%，生效后减少1层；与仰望在本源增减区相加 | D42: https://bbs.4399.cn/thread-view-tid-44096347
A43: J反击享受群鸟之歌术法 | B43: 1 | C43: 默认1：反击既读取术法威力，就同时读取群鸟+30%、全员−40%、仰望减益；0仅用于比较 | D43: 用户群鸟完整文字无反击排除；撤销旧按接近实测而排除的假设
A44: J反击创伤与术法威力同区 | B44: 0 | C44: J回合开始获得的反击创伤加成进入创伤加成区，威力区不再重复计入 | D44: 用户确认；第4～6回合12次反击试算吻合
A45: J仪式每层溢出倍率 | B45: 1 | C45: 每溢出1层燃烧额外100%现实创伤 | D45: 文本50%；三次独立测试和两次原表记录支持有效100%，怀疑bug或文本显示错误
A46: 群鸟之歌术法/仪式威力 | B46: 0.3 | C46: 术法威力+30%，仪式威力+30% | D46: 用户确认
A47: 尘酿鹰攻击比例 | B47: 0.08 | C47: 施放时的小瑞有效攻击×8%；本段实测支持施放时快照 | D47: 用户确认比例；快照由实测支持
A48: 尘酿鹰攻击上限 | B48: 250 | C48: 最多250；再次仪式时刷新快照 | D48: 用户确认
A49: 尘酿鹰最大生命比例 | B49: 0.08 | C49: 获得小瑞最大生命×8%，最多1250；不参与伤害计算 | D49: 用户确认
A50: 尘酿鹰最大生命上限 | B50: 1250 | C50: 本表生命比例仍使用实战记录输入 | D50: 用户确认
... A77: 合计伤害上限启用 | B77: 0 | C77: 0=不限制主伤＋本源合计；本次按用户指定关闭合计300万封顶 | D77: 用户暂定合计；末次3877552与口径冲突
A78: 门槛结算时点 | B78: 下一次行动 | C78: 同一行动所有分段均使用攻击前档位 | D78: 用户暂定口径
A79: J狂想固定反击创伤加成 | B79: 0.1 | C79: J本人的高温回火、硬度测试在普通创伤区加10%；不作用于仪式或其他角色 | D79: 用户找到狂想来源并确认10%
A80: 红弩箭计算暴击创伤 | B80: 2.025 | C80: 面板显示202.6%；按技巧贡献向下取整，实际计算使用202.5% | D80: 用户指定计算口径
A81: J计算暴击创伤 | B81: 1.717 | C81: 面板显示171.8%；实际计算使用171.7%；37和小瑞保持原值 | D81: 用户指定计算口径
A82: 红普通洞知技能暴创 | B82: 0.6 | C82: 攻击时额外增加60个百分点暴击创伤，加入BA | D82: 用户完整技能文字；开局实测验证
A83: 红强化洞知技能暴创 | B83: 0.8 | C83: 自身每第三次洞知攻击增加80个百分点暴创 | D83: 用户完整技能文字；开局实测验证
A84: 红终结技能暴创 | B84: 1 | C84: 洞知终结额外增加100个百分点暴创 | D84: 用户完整技能文字；开局实测验证
A87: 雨声单层持续回合数 | B87: 3 | C87: 产生于计时回合t，t/t+1/t+2有效；t+3进入前移除 | D87: 心相完整文字：每层持续3回合
A89: 保守主义额外行动暴击率降低 | B89: 0.5 | C89: 减少50个百分点，只影响额外行动的暴击率 | D89: 用户第5回合Boss仪式备注
A90: 保守主义额外行动暴击创伤降低 | B90: 0.7 | C90: 减少70个百分点；非暴击伤害与主动出牌不受影响 | D90: 用户第5回合Boss仪式备注
A91: 保守主义持续普通回合数 | B91: 2 | C91: 第5回合敌方阶段施加后立即生效，施加回合不扣持续时间；第6回合剩2，第7回合剩1，第8回合到期 | D91: 用户确认第6回合开局全队剩余2回合；第114行暴击1398验证第7回合仍有效；洞知咒语不受影响

Sheet 行动模拟
A1: 洞知队伤害模拟器｜连续行动录入
A2: 黄色 B:I 为录入区；绿色 J:U 自动计算。原记录到第57行结束，后续从第58行连续追加；不要留空行。
A8: 事件 | B8: 阶段 | C8: 阶段内顺序 | D8: 技能选择（含阶次） | E8: 是否暴击 | F8: 实测主伤 | G8: 实测直接本源 | H8: 实测稳态附加 | I8: 备注 | J8: 角色 | K8: 有效攻击 | L8: 有效暴击率 | M8: 己方暴击创伤 | N8: 有效倍率 | O8: 预测不暴击合计 | P8: 预测暴击合计 | Q8: 对应预测 | R8: 实测合计 | S8: 预测－实测 | T8: 关键状态 | U8: 检查提示
A9: =IF(D9="","",ROW()-8) -> 1 | B9: 1 | C9: 1 | D9: 小瑞安侬｜悄冥冥术阵 | E9: — | J9: =IF(D9="","",后台计算!E3) -> 小瑞安侬 | K9: =IF(D9="","",后台计算!AY3) -> 2986 | L9: =IF(D9="","",后台计算!AZ3) -> 0.555 | M9: =IF(D9="","",后台计算!BA3) -> 1.55 | N9: =IF(D9="","",后台计算!BG3) -> 0 | O9: =IF(D9="","",后台计算!BU3) -> 0 | P9: =IF(D9="","",后台计算!BV3) -> 0 | Q9: =IF(D9="","",IF(E9="是",P9,IF(E9="否",O9,""))) | R9: =IF(COUNT(F9:H9)=0,"",SUM(F9:H9)) | S9: =IF(AND(ISNUMBER(Q9),ISNUMBER(R9)),Q9-R9,"") | T9: =IF(D9="","","红:"&IF(后台计算!U3=0,"无",IF(后台计算!U3=1,"雷鸣","极限"))&" 增压"&TEXT(后台计算!W3,"0")&" 弹药"&TEXT(后台计算!X3,"0")&"｜37灵光"&TEXT(后台计算!AB3,"0")&" 启迪"&TEXT(后台计算!AC3,"0")&"｜灵犀"&TEXT(后台计算!AV3,"0")&"｜J燃烧"&TEXT(后台计算!AD3,"0")&" 敌燃烧"&TEXT(后台计算!AE3,"0")) -> 红:无 增压0 弹药0｜37灵光0 启迪0｜灵犀3｜J燃烧0 敌燃烧0 | U9: =IF(D9="","",后台计算!BX3)
A10: =IF(D10="","",ROW()-8) -> 2 | B10: 1 | C10: 2 | D10: J｜热处理 | E10: — | J10: =IF(D10="","",后台计算!E4) -> J | K10: =IF(D10="","",后台计算!AY4) -> 1906 | L10: =IF(D10="","",后台计算!AZ4) -> 0.667 | M10: =IF(D10="","",后台计算!BA4) -> 1.717 | N10: =IF(D10="","",后台计算!BG4) -> 0 | O10: =IF(D10="","",后台计算!BU4) -> 0 | P10: =IF(D10="","",后台计算!BV4) -> 0 | Q10: =IF(D10="","",IF(E10="是",P10,IF(E10="否",O10,""))) | R10: =IF(COUNT(F10:H10)=0,"",SUM(F10:H10)) | S10: =IF(AND(ISNUMBER(Q10),ISNUMBER(R10)),Q10-R10,"") | T10: =IF(D10="","","红:"&IF(后台计算!U4=0,"无",IF(后台计算!U4=1,"雷鸣","极限"))&" 增压"&TEXT(后台计算!W4,"0")&" 弹药"&TEXT(后台计算!X4,"0")&"｜37灵光"&TEXT(后台计算!AB4,"0")&" 启迪"&TEXT(后台计算!AC4,"0")&"｜灵犀"&TEXT(后台计算!AV4,"0")&"｜J燃烧"&TEXT(后台计算!AD4,"0")&" 敌燃烧"&TEXT(后台计算!AE4,"0")) -> 红:无 增压0 弹药0｜37灵光1 启迪0｜灵犀3｜J燃烧0 敌燃烧0 | U10: =IF(D10="","",后台计算!BX4)
A11: =IF(D11="","",ROW()-8) -> 3 | B11: 1 | C11: 3 | D11: 红弩箭｜眼镜蛇机动 | E11: — | J11: =IF(D11="","",后台计算!E5) -> 红弩箭 | K11: =IF(D11="","",后台计算!AY5) -> 2755 | L11: =IF(D11="","",后台计算!AZ5) -> 1 | M11: =IF(D11="","",后台计算!BA5) -> 2.025 | N11: =IF(D11="","",后台计算!BG5) -> 0 | O11: =IF(D11="","",后台计算!BU5) -> 0 | P11: =IF(D11="","",后台计算!BV5) -> 0 | Q11: =IF(D11="","",IF(E11="是",P11,IF(E11="否",O11,""))) | R11: =IF(COUNT(F11:H11)=0,"",SUM(F11:H11)) | S11: =IF(AND(ISNUMBER(Q11),ISNUMBER(R11)),Q11-R11,"") | T11: =IF(D11="","","红:"&IF(后台计算!U5=0,"无",IF(后台计算!U5=1,"雷鸣","极限"))&" 增压"&TEXT(后台计算!W5,"0")&" 弹药"&TEXT(后台计算!X5,"0")&"｜37灵光"&TEXT(后台计算!AB5,"0")&" 启迪"&TEXT(后台计算!AC5,"0")&"｜灵犀"&TEXT(后台计算!AV5,"0")&"｜J燃烧"&TEXT(后台计算!AD5,"0")&" 敌燃烧"&TEXT(后台计算!AE5,"0")) -> 红:无 增压0 弹药0｜37灵光2 启迪0｜灵犀3｜J燃烧0 敌燃烧0 | U11: =IF(D11="","",后台计算!BX5)
A12: =IF(D12="","",ROW()-8) -> 4 | B12: 1 | C12: 4 | D12: 红弩箭｜极限俯冲Ⅰ | E12: 是 | F12: 73241 | G12: 0 | J12: =IF(D12="","",后台计算!E6) -> 红弩箭 | K12: =IF(D12="","",后台计算!AY6) -> 2755 | L12: =IF(D12="","",后台计算!AZ6) -> 1 | M12: =IF(D12="","",后台计算!BA6) -> 2.025 | N12: =IF(D12="","",后台计算!BG6) -> 9 | O12: =IF(D12="","",后台计算!BU6) -> 45071 | P12: =IF(D12="","",后台计算!BV6) -> 73241 | Q12: =IF(D12="","",IF(E12="是",P12,IF(E12="否",O12,""))) -> 73241 | R12: =IF(COUNT(F12:H12)=0,"",SUM(F12:H12)) -> 73241 | S12: =IF(AND(ISNUMBER(Q12),ISNUMBER(R12)),Q12-R12,"") -> 0 | T12: =IF(D12="","","红:"&IF(后台计算!U6=0,"无",IF(后台计算!U6=1,"雷鸣","极限"))&" 增压"&TEXT(后台计算!W6,"0")&" 弹药"&TEXT(后台计算!X6,"0")&"｜37灵光"&TEXT(后台计算!AB6,"0")&" 启迪"&TEXT(后台计算!AC6,"0")&"｜灵犀"&TEXT(后台计算!AV6,"0")&"｜J燃烧"&TEXT(后台计算!AD6,"0")&" 敌燃烧"&TEXT(后台计算!AE6,"0")) -> 红:雷鸣 增压5 弹药6｜37灵光3 启迪0｜灵犀3｜J燃烧0 敌燃烧0 | U12: =IF(D12="","",后台计算!BX6)
A13: =IF(D13="","",ROW()-8) -> 5 | B13: 1 | C13: 5 | D13: J｜高温回火 | E13: 否 | F13: 1231 | G13: 0 | I13: 回合末默契消耗按库存自动计算；发生于首次Boss反击前的时点由本场验证。 | J13: =IF(D13="","",后台计算!E7) -> J | K13: =IF(D13="","",后台计算!AY7) -> 1906 | L13: =IF(D13="","",后台计算!AZ7) -> 0.667 | M13: =IF(D13="","",后台计算!BA7) -> 1.717 | N13: =IF(D13="","",后台计算!BG7) -> 3 | O13: =IF(D13="","",后台计算!BU7) -> 1231 | P13: =IF(D13="","",后台计算!BV7) -> 1354 | Q13: =IF(D13="","",IF(E13="是",P13,IF(E13="否",O13,""))) -> 1231 | R13: =IF(COUNT(F13:H13)=0,"",SUM(F13:H13)) -> 1231 | S13: =IF(AND(ISNUMBER(Q13),ISNUMBER(R13)),Q13-R13,"") -> 0 | T13: =IF(D13="","","红:"&IF(后台计算!U7=0,"无",IF(后台计算!U7=1,"雷鸣","极限"))&" 增压"&TEXT(后台计算!W7,"0")&" 弹药"&TEXT(后台计算!X7,"0")&"｜37灵光"&TEXT(后台计算!AB7,"0")&" 启迪"&TEXT(后台计算!AC7,"0")&"｜灵犀"&TEXT(后台计算!AV7,"0")&"｜J燃烧"&TEXT(后台计算!AD7,"0")&" 敌燃烧"&TEXT(后台计算!AE7,"0")) -> 红:雷鸣 增压7 弹药6｜37灵光4 启迪0｜灵犀5｜J燃烧0 敌燃烧0 | U13: =IF(D13="","",后台计算!BX7)
A14: =IF(D14="","",ROW()-8) -> 6 | B14: 1 | C14: 6 | D14: 37｜补充算式 | E14: 是 | F14: 4932 | G14: 3482 | J14: =IF(D14="","",后台计算!E8) -> 37 | K14: =IF(D14="","",后台计算!AY8) -> 2767 | L14: =IF(D14="","",后台计算!AZ8) -> 0.76 | M14: =IF(D14="","",后台计算!BA8) -> 2.198 | N14: =IF(D14="","",后台计算!BG8) -> 3 | O14: =IF(D14="","",后台计算!BU8) -> 4679 | P14: =IF(D14="","",后台计算!BV8) -> 8414 | Q14: =IF(D14="","",IF(E14="是",P14,IF(E14="否",O14,""))) -> 8414 | R14: =IF(COUNT(F14:H14)=0,"",SUM(F14:H14)) -> 8414 | S14: =IF(AND(ISNUMBER(Q14),ISNUMBER(R14)),Q14-R14,"") -> 0 | T14: =IF(D14="","","红:"&IF(后台计算!U8=0,"无",IF(后台计算!U8=1,"雷鸣","极限"))&" 增压"&TEXT(后台计算!W8,"0")&" 弹药"&TEXT(后台计算!X8,"0")&"｜37灵光"&TEXT(后台计算!AB8,"0")&" 启迪"&TEXT(后台计算!AC8,"0")&"｜灵犀"&TEXT(后台计算!AV8,"0")&"｜J燃烧"&TEXT(后台计算!AD8,"0")&" 敌燃烧"&TEXT(后台计算!AE8,"0")) -> 红:雷鸣 增压10 弹药6｜37灵光5 启迪0｜灵犀5｜J燃烧2 敌燃烧2 | U14: =IF(D14="","",后台计算!BX8)
A15: =IF(D15="","",ROW()-8) -> 7 | B15: 1 | C15: 7 | D15: J｜高温回火 | E15: 是 | F15: 1474 | G15: 0 | J15: =IF(D15="","",后台计算!E9) -> J | K15: =IF(D15="","",后台计算!AY9) -> 1944 | L15: =IF(D15="","",后台计算!AZ9) -> 0.667 | M15: =IF(D15="","",后台计算!BA9) -> 1.717 | N15: =IF(D15="","",后台计算!BG9) -> 3.1 | O15: =IF(D15="","",后台计算!BU9) -> 1340 | P15: =IF(D15="","",后台计算!BV9) -> 1474 | Q15: =IF(D15="","",IF(E15="是",P15,IF(E15="否",O15,""))) -> 1474 | R15: =IF(COUNT(F15:H15)=0,"",SUM(F15:H15)) -> 1474 | S15: =IF(AND(ISNUMBER(Q15),ISNUMBER(R15)),Q15-R15,"") -> 0 | T15: =IF(D15="","","红:"&IF(后台计算!U9=0,"无",IF(后台计算!U9=1,"雷鸣","极限"))&" 增压"&TEXT(后台计算!W9,"0")&" 弹药"&TEXT(后台计算!X9,"0")&"｜37灵光"&TEXT(后台计算!AB9,"0")&" 启迪"&TEXT(后台计算!AC9,"0")&"｜灵犀"&TEXT(后台计算!AV9,"0")&"｜J燃烧"&TEXT(后台计算!AD9,"0")&" 敌燃烧"&TEXT(后台计算!AE9,"0")) -> 红:雷鸣 增压10 弹药6｜37灵光0 启迪0｜灵犀5｜J燃烧2 敌燃烧2 | U15: =IF(D15="","",后台计算!BX9)
A16: =IF(D16="","",ROW()-8) -> 8 | B16: 1 | C16: 8 | D16: J｜高温回火 | E16: 否 | F16: 1745 | G16: 0 | J16: =IF(D16="","",后台计算!E10) -> J | K16: =IF(D16="","",后台计算!AY10) -> 1982 | L16: =IF(D16="","",后台计算!AZ10) -> 0.667 | M16: =IF(D16="","",后台计算!BA10) -> 1.717 | N16: =IF(D16="","",后台计算!BG10) -> 3.2 | O16: =IF(D16="","",后台计算!BU10) -> 1745 | P16: =IF(D16="","",后台计算!BV10) -> 1919 | Q16: =IF(D16="","",IF(E16="是",P16,IF(E16="否",O16,""))) -> 1745 | R16: =IF(COUNT(F16:H16)=0,"",SUM(F16:H16)) -> 1745 | S16: =IF(AND(ISNUMBER(Q16),ISNUMBER(R16)),Q16-R16,"") -> 0 | T16: =IF(D16="","","红:"&IF(后台计算!U10=0,"无",IF(后台计算!U10=1,"雷鸣","极限"))&" 增压"&TEXT(后台计算!W10,"0")&" 弹药"&TEXT(后台计算!X10,"0")&"｜37灵光"&TEXT(后台计算!AB10,"0")&" 启迪"&TEXT(后台计算!AC10,"0")&"｜灵犀"&TEXT(后台计算!AV10,"0")&"｜J燃烧"&TEXT(后台计算!AD10,"0")&" 敌燃烧"&TEXT(后台计算!AE10,"0")) -> 红:雷鸣 增压10 弹药6｜37灵光1 启迪0｜灵犀5｜J燃烧4 敌燃烧4 | U16: =IF(D16="","",后台计算!BX10)
A17: =IF(D17="","",ROW()-8) -> 9 | B17: 1 | C17: 9 | D17: J｜高温回火 | E17: 是 | F17: 2076 | G17: 0 | J17: =IF(D17="","",后台计算!E11) -> J | K17: =IF(D17="","",后台计算!AY11) -> 2020 | L17: =IF(D17="","",后台计算!AZ11) -> 0.667 | M17: =IF(D17="","",后台计算!BA11) -> 1.717 | N17: =IF(D17="","",后台计算!BG11) -> 3.3 | O17: =IF(D17="","",后台计算!BU11) -> 1887 | P17: =IF(D17="","",后台计算!BV11) -> 2076 | Q17: =IF(D17="","",IF(E17="是",P17,IF(E17="否",O17,""))) -> 2076 | R17: =IF(COUNT(F17:H17)=0,"",SUM(F17:H17)) -> 2076 | S17: =IF(AND(ISNUMBER(Q17),ISNUMBER(R17)),Q17-R17,"") -> 0 | T17: =IF(D17="","","红:"&IF(后台计算!U11=0,"无",IF(后台计算!U11=1,"雷鸣","极限"))&" 增压"&TEXT(后台计算!W11,"0")&" 弹药"&TEXT(后台计算!X11,"0")&"｜37灵光"&TEXT(后台计算!AB11,"0")&" 启迪"&TEXT(后台计算!AC11,"0")&"｜灵犀"&TEXT(后台计算!AV11,"0")&"｜J燃烧"&TEXT(后台计算!AD11,"0")&" 敌燃烧"&TEXT(后台计算!AE11,"0")) -> 红:雷鸣 增压10 弹药6｜37灵光2 启迪0｜灵犀5｜J燃烧6 敌燃烧6 | U17: =IF(D17="","",后台计算!BX11)
A18: =IF(D18="","",ROW()-8) -> 10 | B18: 2 | C18: 1 | D18: 小瑞安侬｜唱予无忧之诗 | E18: — | J18: =IF(D18="","",后台计算!E12) -> 小瑞安侬 | K18: =IF(D18="","",后台计算!AY12) -> 2986 | L18: =IF(D18="","",后台计算!AZ12) -> 0.555 | M18: =IF(D18="","",后台计算!BA12) -> 1.55 | N18: =IF(D18="","",后台计算!BG12) -> 0 | O18: =IF(D18="","",后台计算!BU12) -> 0 | P18: =IF(D18="","",后台计算!BV12) -> 0 | Q18: =IF(D18="","",IF(E18="是",P18,IF(E18="否",O18,""))) | R18: =IF(COUNT(F18:H18)=0,"",SUM(F18:H18)) | S18: =IF(AND(ISNUMBER(Q18),ISNUMBER(R18)),Q18-R18,"") | T18: =IF(D18="","","红:"&IF(后台计算!U12=0,"无",IF(后台计算!U12=1,"雷鸣","极限"))&" 增压"&TEXT(后台计算!W12,"0")&" 弹药"&TEXT(后台计算!X12,"0")&"｜37灵光"&TEXT(后台计算!AB12,"0")&" 启迪"&TEXT(后台计算!AC12,"0")&"｜灵犀"&TEXT(后台计算!AV12,"0")&"｜J燃烧"&TEXT(后台计算!AD12,"0")&" 敌燃烧"&TEXT(后台计算!AE12,"0")) -> 红:极限 增压10 弹药6｜37灵光3 启迪0｜灵犀5｜J燃烧8 敌燃烧4 | U18: =IF(D18="","",后台计算!BX12)
A19: =IF(D19="","",ROW()-8) -> 11 | B19: 2 | C19: 2 | D19: J｜热处理 | E19: — | J19: =IF(D19="","",后台计算!E13) -> J | K19: =IF(D19="","",后台计算!AY13) -> 2296 | L19: =IF(D19="","",后台计算!AZ13) -> 0.667 | M19: =IF(D19="","",后台计算!BA13) -> 1.897 | N19: =IF(D19="","",后台计算!BG13) -> 0 | O19: =IF(D19="","",后台计算!BU13) -> 0 | P19: =IF(D19="","",后台计算!BV13) -> 0 | Q19: =IF(D19="","",IF(E19="是",P19,IF(E19="否",O19,""))) | R19: =IF(COUNT(F19:H19)=0,"",SUM(F19:H19)) | S19: =IF(AND(ISNUMBER(Q19),ISNUMBER(R19)),Q19-R19,"") | T19: =IF(D19="","","红:"&IF(后台计算!U13=0,"无",IF(后台计算!U13=1,"雷鸣","极限"))&" 增压"&TEXT(后台计算!W13,"0")&" 弹药"&TEXT(后台计算!X13,"0")&"｜37灵光"&TEXT(后台计算!AB13,"0")&" 启迪"&TEXT(后台计算!AC13,"0")&"｜灵犀"&TEXT(后台计算!AV13,"0")&"｜J燃烧"&TEXT(后台计算!AD13,"0")&" 敌燃烧"&TEXT(后台计算!AE13,"0")) -> 红:极限 增压10 弹药6｜37灵光4 启迪0｜灵犀5｜J燃烧8 敌燃烧4 | U19: =IF(D19="","",后台计算!BX13)
A20: =IF(D20="","",ROW()-8) -> 12 | B20: 2 | C20: 3 | D20: 37｜补充算式 | E20: 是 | F20: 6371 | G20: 4160 | J20: =IF(D20="","",后台计算!E14) -> 37 | K20: =IF(D20="","",后台计算!AY14) -> 3005 | L20: =IF(D20="","",后台计算!AZ14) -> 0.76 | M20: =IF(D20="","",后台计算!BA14) -> 2.378 | N20: =IF(D20="","",后台计算!BG14) -> 3 | O20: =IF(D20="","",后台计算!BU14) -> 5324 | P20: =IF(D20="","",后台计算!BV14) -> 10531 | Q20: =IF(D20="","",IF(E20="是",P20,IF(E20="否",O20,""))) -> 10531 | R20: =IF(COUNT(F20:H20)=0,"",SUM(F20:H20)) -> 10531 | S20: =IF(AND(ISNUMBER(Q20),ISNUMBER(R20)),Q20-R20,"") -> 0 | T20: =IF(D20="","","红:"&IF(后台计算!U14=0,"无",IF(后台计算!U14=1,"雷鸣","极限"))&" 增压"&TEXT(后台计算!W14,"0")&" 弹药"&TEXT(后台计算!X14,"0")&"｜37灵光"&TEXT(后台计算!AB14,"0")&" 启迪"&TEXT(后台计算!AC14,"0")&"｜灵犀"&TEXT(后台计算!AV14,"0")&"｜J燃烧"&TEXT(后台计算!AD14,"0")&" 敌燃烧"&TEXT(后台计算!AE14,"0")) -> 红:极限 增压10 弹药6｜37灵光5 启迪0｜灵犀5｜J燃烧8 敌燃烧4 | U20: =IF(D20="","",后台计算!BX14)
A21: =IF(D21="","",ROW()-8) -> 13 | B21: 2 | C21: 4 | D21: 37｜曲线映射Ⅰ | E21: 否 | F21: 1878 | G21: 2043 | J21: =IF(D21="","",后台计算!E15) -> 37 | K21: =IF(D21="","",后台计算!AY15) -> 3005 | L21: =IF(D21="","",后台计算!AZ15) -> 0.76 | M21: =IF(D21="","",后台计算!BA15) -> 2.378 | N21: =IF(D21="","",后台计算!BG15) -> 1.4 | O21: =IF(D21="","",后台计算!BU15) -> 3921 | P21: =IF(D21="","",后台计算!BV15) -> 7757 | Q21: =IF(D21="","",IF(E21="是",P21,IF(E21="否",O21,""))) -> 3921 | R21: =IF(COUNT(F21:H21)=0,"",SUM(F21:H21)) -> 3921 | S21: =IF(AND(ISNUMBER(Q21),ISNUMBER(R21)),Q21-R21,"") -> 0 | T21: =IF(D21="","","红:"&IF(后台计算!U15=0,"无",IF(后台计算!U15=1,"雷鸣","极限"))&" 增压"&TEXT(后台计算!W15,"0")&" 弹药"&TEXT(后台计算!X15,"0")&"｜37灵光"&TEXT(后台计算!AB15,"0")&" 启迪"&TEXT(后台计算!AC15,"0")&"｜灵犀"&TEXT(后台计算!AV15,"0")&"｜J燃烧"&TEXT(后台计算!AD15,"0")&" 敌燃烧"&TEXT(后台计算!AE15,"0")) -> 红:极限 增压10 弹药6｜37灵光0 启迪0｜灵犀5｜J燃烧8 敌燃烧4 | U21: =IF(D21="","",后台计算!BX15)
A22: =IF(D22="","",ROW()-8) -> 14 | B22: 2 | C22: 5 | D22: 37｜三角正论Ⅰ | E22: 是 | F22: 8919 | G22: 4755 | J22: =IF(D22="","",后台计算!E16) -> 37 | K22: =IF(D22="","",后台计算!AY16) -> 3005 | L22: =IF(D22="","",后台计算!AZ16) -> 0.76 | M22: =IF(D22="","",后台计算!BA16) -> 2.378 | N22: =IF(D22="","",后台计算!BG16) -> 2.8 | O22: =IF(D22="","",后台计算!BU16) -> 6913 | P22: =IF(D22="","",后台计算!BV16) -> 13674 | Q22: =IF(D22="","",IF(E22="是",P22,IF(E22="否",O22,""))) -> 13674 | R22: =IF(COUNT(F22:H22)=0,"",SUM(F22:H22)) -> 13674 | S22: =IF(AND(ISNUMBER(Q22),ISNUMBER(R22)),Q22-R22,"") -> 0 | T22: =IF(D22="","","红:"&IF(后台计算!U16=0,"无",IF(后台计算!U16=1,"雷鸣","极限"))&" 增压"&TEXT(后台计算!W16,"0")&" 弹药"&TEXT(后台计算!X16,"0")&"｜37灵光"&TEXT(后台计算!AB16,"0")&" 启迪"&TEXT(后台计算!AC16,"0")&"｜灵犀"&TEXT(后台计算!AV16,"0")&"｜J燃烧"&TEXT(后台计算!AD16,"0")&" 敌燃烧"&TEXT(后台计算!AE16,"0")) -> 红:极限 增压10 弹药6｜37灵光1 启迪0｜灵犀5｜J燃烧8 敌燃烧4 | U22: =IF(D22="","",后台计算!BX16)
A23: =IF(D23="","",ROW()-8) -> 15 | B23: 2 | C23: 6 | D23: J｜高温回火 | E23: 是 | F23: 2290 | G23: 0 | I23: 回合末默契消耗按库存自动计算；发生于首次Boss反击前的时点由本场验证。 | J23: =IF(D23="","",后台计算!E17) -> J | K23: =IF(D23="","",后台计算!AY17) -> 2296 | L23: =IF(D23="","",后台计算!AZ17) -> 0.667 | M23: =IF(D23="","",后台计算!BA17) -> 1.897 | N23: =IF(D23="","",后台计算!BG17) -> 3.4 | O23: =IF(D23="","",后台计算!BU17) -> 2082 | P23: =IF(D23="","",后台计算!BV17) -> 2290 | Q23: =IF(D23="","",IF(E23="是",P23,IF(E23="否",O23,""))) -> 2290 | R23: =IF(COUNT(F23:H23)=0,"",SUM(F23:H23)) -> 2290 | S23: =IF(AND(ISNUMBER(Q23),ISNUMBER(R23)),Q23-R23,"") -> 0 | T23: =IF(D23="","","红:"&IF(后台计算!U17=0,"无",IF(后台计算!U17=1,"雷鸣","极限"))&" 增压"&TEXT(后台计算!W17,"0")&" 弹药"&TEXT(后台计算!X17,"0")&"｜37灵光"&TEXT(后台计算!AB17,"0")&" 启迪"&TEXT(后台计算!AC17,"0")&"｜灵犀"&TEXT(后台计算!AV17,"0")&"｜J燃烧"&TEXT(后台计算!AD17,"0")&" 敌燃烧"&TEXT(后台计算!AE17,"0")) -> 红:极限 增压10 弹药6｜37灵光2 启迪1｜灵犀5｜J燃烧8 敌燃烧4 | U23: =IF(D23="","",后台计算!BX17)
A24: =IF(D24="","",ROW()-8) -> 16 | B24: 2 | C24: 7 | D24: J｜高温回火 | E24: 否 | F24: 2661 | G24: 0 | J24: =IF(D24="","",后台计算!E18) -> J | K24: =IF(D24="","",后台计算!AY18) -> 2334 | L24: =IF(D24="","",后台计算!AZ18) -> 0.667 | M24: =IF(D24="","",后台计算!BA18) -> 1.897 | N24: =IF(D24="","",后台计算!BG18) -> 3.5 | O24: =IF(D24="","",后台计算!BU18) -> 2661 | P24: =IF(D24="","",后台计算!BV18) -> 2927 | Q24: =IF(D24="","",IF(E24="是",P24,IF(E24="否",O24,""))) -> 2661 | R24: =IF(COUNT(F24:H24)=0,"",SUM(F24:H24)) -> 2661 | S24: =IF(AND(ISNUMBER(Q24),ISNUMBER(R24)),Q24-R24,"") -> 0 | T24: =IF(D24="","","红:"&IF(后台计算!U18=0,"无",IF(后台计算!U18=1,"雷鸣","极限"))&" 增压"&TEXT(后台计算!W18,"0")&" 弹药"&TEXT(后台计算!X18,"0")&"｜37灵光"&TEXT(后台计算!AB18,"0")&" 启迪"&TEXT(后台计算!AC18,"0")&"｜灵犀"&TEXT(后台计算!AV18,"0")&"｜J燃烧"&TEXT(后台计算!AD18,"0")&" 敌燃烧"&TEXT(后台计算!AE18,"0")) -> 红:极限 增压10 弹药6｜37灵光3 启迪1｜灵犀5｜J燃烧10 敌燃烧6 | U24: =IF(D24="","",后台计算!BX18)
A25: =IF(D25="","",ROW()-8) -> 17 | B25: 2 | C25: 8 | D25: J｜高温回火 | E25: 是 | F25: 3111 | G25: 0 | J25: =IF(D25="","",后台计算!E19) -> J | K25: =IF(D25="","",后台计算!AY19) -> 2372 | L25: =IF(D25="","",后台计算!AZ19) -> 0.667 | M25: =IF(D25="","",后台计算!BA19) -> 1.897 | N25: =IF(D25="","",后台计算!BG19) -> 3.6 | O25: =IF(D25="","",后台计算!BU19) -> 2828 | P25: =IF(D25="","",后台计算!BV19) -> 3111 | Q25: =IF(D25="","",IF(E25="是",P25,IF(E25="否",O25,""))) -> 3111 | R25: =IF(COUNT(F25:H25)=0,"",SUM(F25:H25)) -> 3111 | S25: =IF(AND(ISNUMBER(Q25),ISNUMBER(R25)),Q25-R25,"") -> 0 | T25: =IF(D25="","","红:"&IF(后台计算!U19=0,"无",IF(后台计算!U19=1,"雷鸣","极限"))&" 增压"&TEXT(后台计算!W19,"0")&" 弹药"&TEXT(后台计算!X19,"0")&"｜37灵光"&TEXT(后台计算!AB19,"0")&" 启迪"&TEXT(后台计算!AC19,"0")&"｜灵犀"&TEXT(后台计算!AV19,"0")&"｜J燃烧"&TEXT(后台计算!AD19,"0")&" 敌燃烧"&TEXT(后台计算!AE19,"0")) -> 红:极限 增压10 弹药6｜37灵光4 启迪1｜灵犀5｜J燃烧12 敌燃烧8 | U25: =IF(D25="","",后台计算!BX19)
A26: =IF(D26="","",ROW()-8) -> 18 | B26: 2 | C26: 9 | D26: 37｜补充算式 | E26: 是 | F26: 5835 | G26: 10104 | J26: =IF(D26="","",后台计算!E20) -> 37 | K26: =IF(D26="","",后台计算!AY20) -> 3005 | L26: =IF(D26="","",后台计算!AZ20) -> 0.76 | M26: =IF(D26="","",后台计算!BA20) -> 2.378 | N26: =IF(D26="","",后台计算!BG20) -> 3 | O26: =IF(D26="","",后台计算!BU20) -> 8058 | P26: =IF(D26="","",后台计算!BV20) -> 15939 | Q26: =IF(D26="","",IF(E26="是",P26,IF(E26="否",O26,""))) -> 15939 | R26: =IF(COUNT(F26:H26)=0,"",SUM(F26:H26)) -> 15939 | S26: =IF(AND(ISNUMBER(Q26),ISNUMBER(R26)),Q26-R26,"") -> 0 | T26: =IF(D26="","","红:"&IF(后台计算!U20=0,"无",IF(后台计算!U20=1,"雷鸣","极限"))&" 增压"&TEXT(后台计算!W20,"0")&" 弹药"&TEXT(后台计算!X20,"0")&"｜37灵光"&TEXT(后台计算!AB20,"0")&" 启迪"&TEXT(后台计算!AC20,"0")&"｜灵犀"&TEXT(后台计算!AV20,"0")&"｜J燃烧"&TEXT(后台计算!AD20,"0")&" 敌燃烧"&TEXT(后台计算!AE20,"0")) -> 红:极限 增压10 弹药6｜37灵光5 启迪1｜灵犀5｜J燃烧14 敌燃烧10 | U26: =IF(D26="","",后台计算!BX20)
A27: =IF(D27="","",ROW()-8) -> 19 | B27: 2 | C27: 10 | D27: J｜高温回火 | E27: 否 | F27: 2501 | G27: 0 | J27: =IF(D27="","",后台计算!E21) -> J | K27: =IF(D27="","",后台计算!AY21) -> 2410 | L27: =IF(D27="","",后台计算!AZ21) -> 0.667 | M27: =IF(D27="","",后台计算!BA21) -> 1.897 | N27: =IF(D27="","",后台计算!BG21) -> 3.7 | O27: =IF(D27="","",后台计算!BU21) -> 2501 | P27: =IF(D27="","",后台计算!BV21) -> 2751 | Q27: =IF(D27="","",IF(E27="是",P27,IF(E27="否",O27,""))) -> 2501 | R27: =IF(COUNT(F27:H27)=0,"",SUM(F27:H27)) -> 2501 | S27: =IF(AND(ISNUMBER(Q27),ISNUMBER(R27)),Q27-R27,"") -> 0 | T27: =IF(D27="","","红:"&IF(后台计算!U21=0,"无",IF(后台计算!U21=1,"雷鸣","极限"))&" 增压"&TEXT(后台计算!W21,"0")&" 弹药"&TEXT(后台计算!X21,"0")&"｜37灵光"&TEXT(后台计算!AB21,"0")&" 启迪"&TEXT(后台计算!AC21,"0")&"｜灵犀"&TEXT(后台计算!AV21,"0")&"｜J燃烧"&TEXT(后台计算!AD21,"0")&" 敌燃烧"&TEXT(后台计算!AE21,"0")) -> 红:极限 增压10 弹药6｜37灵光0 启迪0｜灵犀5｜J燃烧14 敌燃烧10 | U27: =IF(D27="","",后台计算!BX21)
A28: =IF(D28="","",ROW()-8) -> 20 | B28: 3 | C28: 1 | D28: 小瑞安侬｜悄冥冥术阵 | E28: — | J28: =IF(D28="","",后台计算!E22) -> 小瑞安侬 | K28: =IF(D28="","",后台计算!AY22) -> 2986 | L28: =IF(D28="","",后台计算!AZ22) -> 0.555 | M28: =IF(D28="","",后台计算!BA22) -> 1.73 | N28: =IF(D28="","",后台计算!BG22) -> 0 | O28: =IF(D28="","",后台计算!BU22) -> 0 | P28: =IF(D28="","",后台计算!BV22) -> 0 | Q28: =IF(D28="","",IF(E28="是",P28,IF(E28="否",O28,""))) | R28: =IF(COUNT(F28:H28)=0,"",SUM(F28:H28)) | S28: =IF(AND(ISNUMBER(Q28),ISNUMBER(R28)),Q28-R28,"") | T28: =IF(D28="","","红:"&IF(后台计算!U22=0,"无",IF(后台计算!U22=1,"雷鸣","极限"))&" 增压"&TEXT(后台计算!W22,"0")&" 弹药"&TEXT(后台计算!X22,"0")&"｜37灵光"&TEXT(后台计算!AB22,"0")&" 启迪"&TEXT(后台计算!AC22,"0")&"｜灵犀"&TEXT(后台计算!AV22,"0")&"｜J燃烧"&TEXT(后台计算!AD22,"0")&" 敌燃烧"&TEXT(后台计算!AE22,"0")) -> 红:极限 增压10 弹药6｜37灵光1 启迪0｜灵犀5｜J燃烧16 敌燃烧6 | U28: =IF(D28="","",后台计算!BX22)
A29: =IF(D29="","",ROW()-8) -> 21 | B29: 3 | C29: 2 | D29: 37｜数与几何的王国 | E29: — | J29: =IF(D29="","",后台计算!E23) -> 37 | K29: =IF(D29="","",后台计算!AY23) -> 3005 | L29: =IF(D29="","",后台计算!AZ23) -> 0.76 | M29: =IF(D29="","",后台计算!BA23) -> 2.378 | N29: =IF(D29="","",后台计算!BG23) -> 0 | O29: =IF(D29="","",后台计算!BU23) -> 0 | P29: =IF(D29="","",后台计算!BV23) -> 0 | Q29: =IF(D29="","",IF(E29="是",P29,IF(E29="否",O29,""))) | R29: =IF(COUNT(F29:H29)=0,"",SUM(F29:H29)) | S29: =IF(AND(ISNUMBER(Q29),ISNUMBER(R29)),Q29-R29,"") | T29: =IF(D29="","","红:"&IF(后台计算!U23=0,"无",IF(后台计算!U23=1,"雷鸣","极限"))&" 增压"&TEXT(后台计算!W23,"0")&" 弹药"&TEXT(后台计算!X23,"0")&"｜37灵光"&TEXT(后台计算!AB23,"0")&" 启迪"&TEXT(后台计算!AC23,"0")&"｜灵犀"&TEXT(后台计算!AV23,"0")&"｜J燃烧"&TEXT(后台计算!AD23,"0")&" 敌燃烧"&TEXT(后台计算!AE23,"0")) -> 红:极限 增压10 弹药6｜37灵光2 启迪0｜灵犀5｜J燃烧16 敌燃烧6 | U29: =IF(D29="","",后台计算!BX23)
A30: =IF(D30="","",ROW()-8) -> 22 | B30: 3 | C30: 3 | D30: 37｜补充算式 | E30: 是 | F30: 11689 | G30: 11905 | J30: =IF(D30="","",后台计算!E24) -> 37 | K30: =IF(D30="","",后台计算!AY24) -> 3505 | L30: =IF(D30="","",后台计算!AZ24) -> 0.76 | M30: =IF(D30="","",后台计算!BA24) -> 2.398 | N30: =IF(D30="","",后台计算!BG24) -> 3 | O30: =IF(D30="","",后台计算!BU24) -> 11808 | P30: =IF(D30="","",后台计算!BV24) -> 23594 | Q30: =IF(D30="","",IF(E30="是",P30,IF(E30="否",O30,""))) -> 23594 | R30: =IF(COUNT(F30:H30)=0,"",SUM(F30:H30)) -> 23594 | S30: =IF(AND(ISNUMBER(Q30),ISNUMBER(R30)),Q30-R30,"") -> 0 | T30: =IF(D30="","","红:"&IF(后台计算!U24=0,"无",IF(后台计算!U24=1,"雷鸣","极限"))&" 增压"&TEXT(后台计算!W24,"0")&" 弹药"&TEXT(后台计算!X24,"0")&"｜37灵光"&TEXT(后台计算!AB24,"0")&" 启迪"&TEXT(后台计算!AC24,"0")&"｜灵犀"&TEXT(后台计算!AV24,"0")&"｜J燃烧"&TEXT(后台计算!AD24,"0")&" 敌燃烧"&TEXT(后台计算!AE24,"0")) -> 红:极限 增压10 弹药6｜37灵光5 启迪2｜灵犀5｜J燃烧16 敌燃烧6 | U30: =IF(D30="","",后台计算!BX24)
A31: =IF(D31="","",ROW()-8) -> 23 | B31: 3 | C31: 4 | D31: J｜飞跃海特街 | E31: 是 | F31: 34123 | G31: 0 | J31: =IF(D31="","",后台计算!E25) -> J | K31: =IF(D31="","",后台计算!AY25) -> 2948 | L31: =IF(D31="","",后台计算!AZ25) -> 0.667 | M31: =IF(D31="","",后台计算!BA25) -> 1.917 | N31: =IF(D31="","",后台计算!BG25) -> 7 | O31: =IF(D31="","",后台计算!BU25) -> 22493 | P31: =IF(D31="","",后台计算!BV25) -> 34123 | Q31: =IF(D31="","",IF(E31="是",P31,IF(E31="否",O31,""))) -> 34123 | R31: =IF(COUNT(F31:H31)=0,"",SUM(F31:H31)) -> 34123 | S31: =IF(AND(ISNUMBER(Q31),ISNUMBER(R31)),Q31-R31,"") -> 0 | T31: =IF(D31="","","红:"&IF(后台计算!U25=0,"无",IF(后台计算!U25=1,"雷鸣","极限"))&" 增压"&TEXT(后台计算!W25,"0")&" 弹药"&TEXT(后台计算!X25,"0")&"｜37灵光"&TEXT(后台计算!AB25,"0")&" 启迪"&TEXT(后台计算!AC25,"0")&"｜灵犀"&TEXT(后台计算!AV25,"0")&"｜J燃烧"&TEXT(后台计算!AD25,"0")&" 敌燃烧"&TEXT(后台计算!AE25,"0")) -> 红:极限 增压10 弹药6｜37灵光0 启迪1｜灵犀5｜J燃烧16 敌燃烧6 | U31: =IF(D31="","",后台计算!BX25)
A32: =IF(D32="","",ROW()-8) -> 24 | B32: 3 | C32: 5 | D32: 小瑞安侬｜囫囵囵咒Ⅰ | E32: 是 | F32: 4467 | G32: 0 | J32: =IF(D32="","",后台计算!E26) -> 小瑞安侬 | K32: =IF(D32="","",后台计算!AY26) -> 3798 | L32: =IF(D32="","",后台计算!AZ26) -> 0.555 | M32: =IF(D32="","",后台计算!BA26) -> 1.77 | N32: =IF(D32="","",后台计算!BG26) -> 4 | O32: =IF(D32="","",后台计算!BU26) -> 3261 | P32: =IF(D32="","",后台计算!BV26) -> 4467 | Q32: =IF(D32="","",IF(E32="是",P32,IF(E32="否",O32,""))) -> 4467 | R32: =IF(COUNT(F32:H32)=0,"",SUM(F32:H32)) -> 4467 | S32: =IF(AND(ISNUMBER(Q32),ISNUMBER(R32)),Q32-R32,"") -> 0 | T32: =IF(D32="","","红:"&IF(后台计算!U26=0,"无",IF(后台计算!U26=1,"雷鸣","极限"))&" 增压"&TEXT(后台计算!W26,"0")&" 弹药"&TEXT(后台计算!X26,"0")&"｜37灵光"&TEXT(后台计算!AB26,"0")&" 启迪"&TEXT(后台计算!AC26,"0")&"｜灵犀"&TEXT(后台计算!AV26,"0")&"｜J燃烧"&TEXT(后台计算!AD26,"0")&" 敌燃烧"&TEXT(后台计算!AE26,"0")) -> 红:极限 增压10 弹药6｜37灵光1 启迪1｜灵犀5｜J燃烧16 敌燃烧22 | U32: =IF(D32="","",后台计算!BX26)
A33: =IF(D33="","",ROW()-8) -> 25 | B33: 3 | C33: 6 | D33: 小瑞安侬｜囫囵囵咒Ⅰ | E33: 否 | F33: 9934 | G33: 0 | J33: =IF(D33="","",后台计算!E27) -> 小瑞安侬 | K33: =IF(D33="","",后台计算!AY27) -> 3798 | L33: =IF(D33="","",后台计算!AZ27) -> 0.555 | M33: =IF(D33="","",后台计算!BA27) -> 1.77 | N33: =IF(D33="","",后台计算!BG27) -> 4 | O33: =IF(D33="","",后台计算!BU27) -> 9934 | P33: =IF(D33="","",后台计算!BV27) -> 16590 | Q33: =IF(D33="","",IF(E33="是",P33,IF(E33="否",O33,""))) -> 9934 | R33: =IF(COUNT(F33:H33)=0,"",SUM(F33:H33)) -> 9934 | S33: =IF(AND(ISNUMBER(Q33),ISNUMBER(R33)),Q33-R33,"") -> 0 | T33: =IF(D33="","","红:"&IF(后台计算!U27=0,"无",IF(后台计算!U27=1,"雷鸣","极限"))&" 增压"&TEXT(后台计算!W27,"0")&" 弹药"&TEXT(后台计算!X27,"0")&"｜37灵光"&TEXT(后台计算!AB27,"0")&" 启迪"&TEXT(后台计算!AC27,"0")&"｜灵犀"&TEXT(后台计算!AV27,"0")&"｜J燃烧"&TEXT(后台计算!AD27,"0")&" 敌燃烧"&TEXT(后台计算!AE27,"0")) -> 红:极限 增压10 弹药6｜37灵光2 启迪1｜灵犀5｜J燃烧16 敌燃烧22 | U33: =IF(D33="","",后台计算!BX27)
A34: =IF(D34="","",ROW()-8) -> 26 | B34: 3 | C34: 7 | D34: 红弩箭｜试试杀手锏 | E34: 是 | F34: 1199340 | G34: 0 | J34: =IF(D34="","",后台计算!E28) -> 红弩箭 | K34: =IF(D34="","",后台计算!AY28) -> 3493 | L34: =IF(D34="","",后台计算!AZ28) -> 1 | M34: =IF(D34="","",后台计算!BA28) -> 3.245 | N34: =IF(D34="","",后台计算!BG28) -> 36 | O34: =IF(D34="","",后台计算!BU28) -> 381348 | P34: =IF(D34="","",后台计算!BV28) -> 1199340 | Q34: =IF(D34="","",IF(E34="是",P34,IF(E34="否",O34,""))) -> 1199340 | R34: =IF(COUNT(F34:H34)=0,"",SUM(F34:H34)) -> 1199340 | S34: =IF(AND(ISNUMBER(Q34),ISNUMBER(R34)),Q34-R34,"") -> 0 | T34: =IF(D34="","","红:"&IF(后台计算!U28=0,"无",IF(后台计算!U28=1,"雷鸣","极限"))&" 增压"&TEXT(后台计算!W28,"0")&" 弹药"&TEXT(后台计算!X28,"0")&"｜37灵光"&TEXT(后台计算!AB28,"0")&" 启迪"&TEXT(后台计算!AC28,"0")&"｜灵犀"&TEXT(后台计算!AV28,"0")&"｜J燃烧"&TEXT(后台计算!AD28,"0")&" 敌燃烧"&TEXT(后台计算!AE28,"0")) -> 红:极限 增压10 弹药6｜37灵光3 启迪1｜灵犀5｜J燃烧16 敌燃烧22 | U34: =IF(D34="","",后台计算!BX28)
A35: =IF(D35="","",ROW()-8) -> 27 | B35: 3 | C35: 8 | D35: 红弩箭｜极限俯冲Ⅲ | E35: 是 | F35: 1990454 | G35: 0 | J35: =IF(D35="","",后台计算!E29) -> 红弩箭 | K35: =IF(D35="","",后台计算!AY29) -> 3493 | L35: =IF(D35="","",后台计算!AZ29) -> 1 | M35: =IF(D35="","",后台计算!BA29) -> 2.265 | N35: =IF(D35="","",后台计算!BG29) -> 45 | O35: =IF(D35="","",后台计算!BU29) -> 919378 | P35: =IF(D35="","",后台计算!BV29) -> 1990454 | Q35: =IF(D35="","",IF(E35="是",P35,IF(E35="否",O35,""))) -> 1990454 | R35: =IF(COUNT(F35:H35)=0,"",SUM(F35:H35)) -> 1990454 | S35: =IF(AND(ISNUMBER(Q35),ISNUMBER(R35)),Q35-R35,"") -> 0 | T35: =IF(D35="","","红:"&IF(后台计算!U29=0,"无",IF(后台计算!U29=1,"雷鸣","极限"))&" 增压"&TEXT(后台计算!W29,"0")&" 弹药"&TEXT(后台计算!X29,"0")&"｜37灵光"&TEXT(后台计算!AB29,"0")&" 启迪"&TEXT(后台计算!AC29,"0")&"｜灵犀"&TEXT(后台计算!AV29,"0")&"｜J燃烧"&TEXT(后台计算!AD29,"0")&" 敌燃烧"&TEXT(后台计算!AE29,"0")) -> 红:极限 增压10 弹药0｜37灵光4 启迪1｜灵犀5｜J燃烧16 敌燃烧22 | U35: =IF(D35="","",后台计算!BX29)
A36: =IF(D36="","",ROW()-8) -> 28 | B36: 3 | C36: 9 | D36: 37｜补充算式 | E36: 是 | F36: 4127 | G36: 7784 | J36: =IF(D36="","",后台计算!E30) -> 37 | K36: =IF(D36="","",后台计算!AY30) -> 3505 | L36: =IF(D36="","",后台计算!AZ30) -> 0.76 | M36: =IF(D36="","",后台计算!BA30) -> 2.438 | N36: =IF(D36="","",后台计算!BG30) -> 3 | O36: =IF(D36="","",后台计算!BU30) -> 5094 | P36: =IF(D36="","",后台计算!BV30) -> 11911 | Q36: =IF(D36="","",IF(E36="是",P36,IF(E36="否",O36,""))) -> 11911 | R36: =IF(COUNT(F36:H36)=0,"",SUM(F36:H36)) -> 11911 | S36: =IF(AND(ISNUMBER(Q36),ISNUMBER(R36)),Q36-R36,"") -> 0 | T36: =IF(D36="","","红:"&IF(后台计算!U30=0,"无",IF(后台计算!U30=1,"雷鸣","极限"))&" 增压"&TEXT(后台计算!W30,"0")&" 弹药"&TEXT(后台计算!X30,"0")&"｜37灵光"&TEXT(后台计算!AB30,"0")&" 启迪"&TEXT(后台计算!AC30,"0")&"｜灵犀"&TEXT(后台计算!AV30,"0")&"｜J燃烧"&TEXT(后台计算!AD30,"0")&" 敌燃烧"&TEXT(后台计算!AE30,"0")) -> 红:极限 增压10 弹药0｜37灵光5 启迪1｜灵犀5｜J燃烧16 敌燃烧22 | U36: =IF(D36="","",后台计算!BX30)
A37: =IF(D37="","",ROW()-8) -> 29 | B37: 3 | C37: 10 | D37: J｜高温回火 | E37: 否 | F37: 5798 | G37: 0 | I37: 回合末默契消耗按库存自动计算；发生于首次Boss反击前的时点由本场验证。 | J37: =IF(D37="","",后台计算!E31) -> J | K37: =IF(D37="","",后台计算!AY31) -> 2948 | L37: =IF(D37="","",后台计算!AZ31) -> 0.667 | M37: =IF(D37="","",后台计算!BA31) -> 1.957 | N37: =IF(D37="","",后台计算!BG31) -> 3.8 | O37: =IF(D37="","",后台计算!BU31) -> 5798 | P37: =IF(D37="","",后台计算!BV31) -> 6378 | Q37: =IF(D37="","",IF(E37="是",P37,IF(E37="否",O37,""))) -> 5798 | R37: =IF(COUNT(F37:H37)=0,"",SUM(F37:H37)) -> 5798 | S37: =IF(AND(ISNUMBER(Q37),ISNUMBER(R37)),Q37-R37,"") -> 0 | T37: =IF(D37="","","红:"&IF(后台计算!U31=0,"无",IF(后台计算!U31=1,"雷鸣","极限"))&" 增压"&TEXT(后台计算!W31,"0")&" 弹药"&TEXT(后台计算!X31,"0")&"｜37灵光"&TEXT(后台计算!AB31,"0")&" 启迪"&TEXT(后台计算!AC31,"0")&"｜灵犀"&TEXT(后台计算!AV31,"0")&"｜J燃烧"&TEXT(后台计算!AD31,"0")&" 敌燃烧"&TEXT(后台计算!AE31,"0")) -> 红:极限 增压10 弹药0｜37灵光0 启迪0｜灵犀5｜J燃烧16 敌燃烧22 | U37: =IF(D37="","",后台计算!BX31)
A38: =IF(D38="","",ROW()-8) -> 30 | B38: 3 | C38: 11 | D38: J｜高温回火 | E38: 是 | F38: 8031 | G38: 0 | J38: =IF(D38="","",后台计算!E32) -> J | K38: =IF(D38="","",后台计算!AY32) -> 2987 | L38: =IF(D38="","",后台计算!AZ32) -> 0.667 | M38: =IF(D38="","",后台计算!BA32) -> 1.957 | N38: =IF(D38="","",后台计算!BG32) -> 3.9 | O38: =IF(D38="","",后台计算!BU32) -> 7301 | P38: =IF(D38="","",后台计算!BV32) -> 8031 | Q38: =IF(D38="","",IF(E38="是",P38,IF(E38="否",O38,""))) -> 8031 | R38: =IF(COUNT(F38:H38)=0,"",SUM(F38:H38)) -> 8031 | S38: =IF(AND(ISNUMBER(Q38),ISNUMBER(R38)),Q38-R38,"") -> 0 | T38: =IF(D38="","","红:"&IF(后台计算!U32=0,"无",IF(后台计算!U32=1,"雷鸣","极限"))&" 增压"&TEXT(后台计算!W32,"0")&" 弹药"&TEXT(后台计算!X32,"0")&"｜37灵光"&TEXT(后台计算!AB32,"0")&" 启迪"&TEXT(后台计算!AC32,"0")&"｜灵犀"&TEXT(后台计算!AV32,"0")&"｜J燃烧"&TEXT(后台计算!AD32,"0")&" 敌燃烧"&TEXT(后台计算!AE32,"0")) -> 红:极限 增压10 弹药0｜37灵光1 启迪0｜灵犀5｜J燃烧18 敌燃烧24 | U38: =IF(D38="","",后台计算!BX32)
A39: =IF(D39="","",ROW()-8) -> 31 | B39: 3 | C39: 12 | D39: J｜高温回火 | E39: 是 | F39: 8412 | G39: 0 | J39: =IF(D39="","",后台计算!E33) -> J | K39: =IF(D39="","",后台计算!AY33) -> 3025 | L39: =IF(D39="","",后台计算!AZ33) -> 0.667 | M39: =IF(D39="","",后台计算!BA33) -> 1.957 | N39: =IF(D39="","",后台计算!BG33) -> 4 | O39: =IF(D39="","",后台计算!BU33) -> 7647 | P39: =IF(D39="","",后台计算!BV33) -> 8412 | Q39: =IF(D39="","",IF(E39="是",P39,IF(E39="否",O39,""))) -> 8412 | R39: =IF(COUNT(F39:H39)=0,"",SUM(F39:H39)) -> 8412 | S39: =IF(AND(ISNUMBER(Q39),ISNUMBER(R39)),Q39-R39,"") -> 0 | T39: =IF(D39="","","红:"&IF(后台计算!U33=0,"无",IF(后台计算!U33=1,"雷鸣","极限"))&" 增压"&TEXT(后台计算!W33,"0")&" 弹药"&TEXT(后台计算!X33,"0")&"｜37灵光"&TEXT(后台计算!AB33,"0")&" 启迪"&TEXT(后台计算!AC33,"0")&"｜灵犀"&TEXT(后台计算!AV33,"0")&"｜J燃烧"&TEXT(后台计算!AD33,"0")&" 敌燃烧"&TEXT(后台计算!AE33,"0")) -> 红:极限 增压10 弹药0｜37灵光2 启迪0｜灵犀5｜J燃烧20 敌燃烧26 | U39: =IF(D39="","",后台计算!BX33)
A40: =IF(D40="","",ROW()-8) -> 32 | B40: 3 | C40: 13 | D40: J｜高温回火 | E40: 否 | F40: 8001 | G40: 0 | J40: =IF(D40="","",后台计算!E34) -> J | K40: =IF(D40="","",后台计算!AY34) -> 3063 | L40: =IF(D40="","",后台计算!AZ34) -> 0.667 | M40: =IF(D40="","",后台计算!BA34) -> 1.957 | N40: =IF(D40="","",后台计算!BG34) -> 4.1 | O40: =IF(D40="","",后台计算!BU34) -> 8001 | P40: =IF(D40="","",后台计算!BV34) -> 8802 | Q40: =IF(D40="","",IF(E40="是",P40,IF(E40="否",O40,""))) -> 8001 | R40: =IF(COUNT(F40:H40)=0,"",SUM(F40:H40)) -> 8001 | S40: =IF(AND(ISNUMBER(Q40),ISNUMBER(R40)),Q40-R40,"") -> 0 | T40: =IF(D40="","","红:"&IF(后台计算!U34=0,"无",IF(后台计算!U34=1,"雷鸣","极限"))&" 增压"&TEXT(后台计算!W34,"0")&" 弹药"&TEXT(后台计算!X34,"0")&"｜37灵光"&TEXT(后台计算!AB34,"0")&" 启迪"&TEXT(后台计算!AC34,"0")&"｜灵犀"&TEXT(后台计算!AV34,"0")&"｜J燃烧"&TEXT(后台计算!AD34,"0")&" 敌燃烧"&TEXT(后台计算!AE34,"0")) -> 红:极限 增压10 弹药0｜37灵光3 启迪0｜灵犀5｜J燃烧22 敌燃烧28 | U40: =IF(D40="","",后台计算!BX34)
A41: =IF(D41="","",ROW()-8) -> 33 | B41: 洞知 | C41: 1 | D41: 系统｜进入弱点洞穿 | E41: — | J41: =IF(D41="","",后台计算!E35) -> 系统 | K41: =IF(D41="","",后台计算!AY35) -> 0 | L41: =IF(D41="","",后台计算!AZ35) -> 0 | M41: =IF(D41="","",后台计算!BA35) -> 0.24 | N41: =IF(D41="","",后台计算!BG35) -> 0 | O41: =IF(D41="","",后台计算!BU35) -> 0 | P41: =IF(D41="","",后台计算!BV35) -> 0 | Q41: =IF(D41="","",IF(E41="是",P41,IF(E41="否",O41,""))) | R41: =IF(COUNT(F41:H41)=0,"",SUM(F41:H41)) | S41: =IF(AND(ISNUMBER(Q41),ISNUMBER(R41)),Q41-R41,"") | T41: =IF(D41="","","红:"&IF(后台计算!U35=0,"无",IF(后台计算!U35=1,"雷鸣","极限"))&" 增压"&TEXT(后台计算!W35,"0")&" 弹药"&TEXT(后台计算!X35,"0")&"｜37灵光"&TEXT(后台计算!AB35,"0")&" 启迪"&TEXT(后台计算!AC35,"0")&"｜灵犀"&TEXT(后台计算!AV35,"0")&"｜J燃烧"&TEXT(后台计算!AD35,"0")&" 敌燃烧"&TEXT(后台计算!AE35,"0")) -> 红:极限 增压10 弹药0｜37灵光4 启迪0｜灵犀5｜J燃烧24 敌燃烧15 | U41: =IF(D41="","",后台计算!BX35)
A42: =IF(D42="","",ROW()-8) -> 34 | B42: 洞知 | C42: 2 | D42: 红弩箭｜洞知咒语 | E42: 是 | F42: 350721 | G42: 0 | J42: =IF(D42="","",后台计算!E36) -> 红弩箭 | K42: =IF(D42="","",后台计算!AY36) -> 3493 | L42: =IF(D42="","",后台计算!AZ36) -> 1 | M42: =IF(D42="","",后台计算!BA36) -> 2.865 | N42: =IF(D42="","",后台计算!BG36) -> 15 | O42: =IF(D42="","",后台计算!BU36) -> 126843 | P42: =IF(D42="","",后台计算!BV36) -> 350721 | Q42: =IF(D42="","",IF(E42="是",P42,IF(E42="否",O42,""))) -> 350721 | R42: =IF(COUNT(F42:H42)=0,"",SUM(F42:H42)) -> 350721 | S42: =IF(AND(ISNUMBER(Q42),ISNUMBER(R42)),Q42-R42,"") -> 0 | T42: =IF(D42="","","红:"&IF(后台计算!U36=0,"无",IF(后台计算!U36=1,"雷鸣","极限"))&" 增压"&TEXT(后台计算!W36,"0")&" 弹药"&TEXT(后台计算!X36,"0")&"｜37灵光"&TEXT(后台计算!AB36,"0")&" 启迪"&TEXT(后台计算!AC36,"0")&"｜灵犀"&TEXT(后台计算!AV36,"0")&"｜J燃烧"&TEXT(后台计算!AD36,"0")&" 敌燃烧"&TEXT(后台计算!AE36,"0")) -> 红:极限 增压10 弹药0｜37灵光4 启迪0｜灵犀5｜J燃烧24 敌燃烧15 | U42: =IF(D42="","",后台计算!BX36)
A43: =IF(D43="","",ROW()-8) -> 35 | B43: 洞知 | C43: 3 | D43: 红弩箭｜洞知咒语 | E43: 是 | F43: 364210 | G43: 0 | J43: =IF(D43="","",后台计算!E37) -> 红弩箭 | K43: =IF(D43="","",后台计算!AY37) -> 3493 | L43: =IF(D43="","",后台计算!AZ37) -> 1 | M43: =IF(D43="","",后台计算!BA37) -> 2.865 | N43: =IF(D43="","",后台计算!BG37) -> 15 | O43: =IF(D43="","",后台计算!BU37) -> 131721 | P43: =IF(D43="","",后台计算!BV37) -> 364210 | Q43: =IF(D43="","",IF(E43="是",P43,IF(E43="否",O43,""))) -> 364210 | R43: =IF(COUNT(F43:H43)=0,"",SUM(F43:H43)) -> 364210 | S43: =IF(AND(ISNUMBER(Q43),ISNUMBER(R43)),Q43-R43,"") -> 0 | T43: =IF(D43="","","红:"&IF(后台计算!U37=0,"无",IF(后台计算!U37=1,"雷鸣","极限"))&" 增压"&TEXT(后台计算!W37,"0")&" 弹药"&TEXT(后台计算!X37,"0")&"｜37灵光"&TEXT(后台计算!AB37,"0")&" 启迪"&TEXT(后台计算!AC37,"0")&"｜灵犀"&TEXT(后台计算!AV37,"0")&"｜J燃烧"&TEXT(后台计算!AD37,"0")&" 敌燃烧"&TEXT(后台计算!AE37,"0")) -> 红:极限 增压10 弹药1｜37灵光5 启迪0｜灵犀5｜J燃烧24 敌燃烧15 | U43: =IF(D43="","",后台计算!BX37)
A44: =IF(D44="","",ROW()-8) -> 36 | B44: 洞知 | C44: 4 | D44: 37｜洞知咒语 | E44: 否 | F44: 46002 | G44: 0 | J44: =IF(D44="","",后台计算!E38) -> 37 | K44: =IF(D44="","",后台计算!AY38) -> 3505 | L44: =IF(D44="","",后台计算!AZ38) -> 0.76 | M44: =IF(D44="","",后台计算!BA38) -> 2.438 | N44: =IF(D44="","",后台计算!BG38) -> 8 | O44: =IF(D44="","",后台计算!BU38) -> 46002 | P44: =IF(D44="","",后台计算!BV38) -> 107554 | Q44: =IF(D44="","",IF(E44="是",P44,IF(E44="否",O44,""))) -> 46002 | R44: =IF(COUNT(F44:H44)=0,"",SUM(F44:H44)) -> 46002 | S44: =IF(AND(ISNUMBER(Q44),ISNUMBER(R44)),Q44-R44,"") -> 0 | T44: =IF(D44="","","红:"&IF(后台计算!U38=0,"无",IF(后台计算!U38=1,"雷鸣","极限"))&" 增压"&TEXT(后台计算!W38,"0")&" 弹药"&TEXT(后台计算!X38,"0")&"｜37灵光"&TEXT(后台计算!AB38,"0")&" 启迪"&TEXT(后台计算!AC38,"0")&"｜灵犀"&TEXT(后台计算!AV38,"0")&"｜J燃烧"&TEXT(后台计算!AD38,"0")&" 敌燃烧"&TEXT(后台计算!AE38,"0")) -> 红:极限 增压10 弹药2｜37灵光6 启迪0｜灵犀5｜J燃烧24 敌燃烧15 | U44: =IF(D44="","",后台计算!BX38)
A45: =IF(D45="","",ROW()-8) -> 37 | B45: 洞知 | C45: 5 | D45: 红弩箭｜洞知咒语 | E45: 是 | F45: 671176 | H45: 268470 | I45: 稳态本源自动：先消耗已有两分悖论；37攻击后再获得1层。 | J45: =IF(D45="","",后台计算!E39) -> 红弩箭 | K45: =IF(D45="","",后台计算!AY39) -> 3493 | L45: =IF(D45="","",后台计算!AZ39) -> 1 | M45: =IF(D45="","",后台计算!BA39) -> 3.065 | N45: =IF(D45="","",后台计算!BG39) -> 32 | O45: =IF(D45="","",后台计算!BU39) -> 316912 | P45: =IF(D45="","",后台计算!BV39) -> 939646 | Q45: =IF(D45="","",IF(E45="是",P45,IF(E45="否",O45,""))) -> 939646 | R45: =IF(COUNT(F45:H45)=0,"",SUM(F45:H45)) -> 939646 | S45: =IF(AND(ISNUMBER(Q45),ISNUMBER(R45)),Q45-R45,"") -> 0 | T45: =IF(D45="","","红:"&IF(后台计算!U39=0,"无",IF(后台计算!U39=1,"雷鸣","极限"))&" 增压"&TEXT(后台计算!W39,"0")&" 弹药"&TEXT(后台计算!X39,"0")&"｜37灵光"&TEXT(后台计算!AB39,"0")&" 启迪"&TEXT(后台计算!AC39,"0")&"｜灵犀"&TEXT(后台计算!AV39,"0")&"｜J燃烧"&TEXT(后台计算!AD39,"0")&" 敌燃烧"&TEXT(后台计算!AE39,"0")) -> 红:极限 增压10 弹药2｜37灵光7 启迪0｜灵犀5｜J燃烧24 敌燃烧15 | U45: =IF(D45="","",后台计算!BX39)
A46: =IF(D46="","",ROW()-8) -> 38 | B46: 洞知 | C46: 6 | D46: 红弩箭｜洞知咒语 | E46: 是 | F46: 303509 | G46: 0 | J46: =IF(D46="","",后台计算!E40) -> 红弩箭 | K46: =IF(D46="","",后台计算!AY40) -> 3493 | L46: =IF(D46="","",后台计算!AZ40) -> 1 | M46: =IF(D46="","",后台计算!BA40) -> 2.865 | N46: =IF(D46="","",后台计算!BG40) -> 15 | O46: =IF(D46="","",后台计算!BU40) -> 109768 | P46: =IF(D46="","",后台计算!BV40) -> 303509 | Q46: =IF(D46="","",IF(E46="是",P46,IF(E46="否",O46,""))) -> 303509 | R46: =IF(COUNT(F46:H46)=0,"",SUM(F46:H46)) -> 303509 | S46: =IF(AND(ISNUMBER(Q46),ISNUMBER(R46)),Q46-R46,"") -> 0 | T46: =IF(D46="","","红:"&IF(后台计算!U40=0,"无",IF(后台计算!U40=1,"雷鸣","极限"))&" 增压"&TEXT(后台计算!W40,"0")&" 弹药"&TEXT(后台计算!X40,"0")&"｜37灵光"&TEXT(后台计算!AB40,"0")&" 启迪"&TEXT(后台计算!AC40,"0")&"｜灵犀"&TEXT(后台计算!AV40,"0")&"｜J燃烧"&TEXT(后台计算!AD40,"0")&" 敌燃烧"&TEXT(后台计算!AE40,"0")) -> 红:极限 增压10 弹药3｜37灵光8 启迪0｜灵犀5｜J燃烧24 敌燃烧15 | U46: =IF(D46="","",后台计算!BX40)
A47: =IF(D47="","",ROW()-8) -> 39 | B47: 洞知 | C47: 7 | D47: 红弩箭｜洞知咒语 | E47: 是 | F47: 313626 | G47: 0 | J47: =IF(D47="","",后台计算!E41) -> 红弩箭 | K47: =IF(D47="","",后台计算!AY41) -> 3493 | L47: =IF(D47="","",后台计算!AZ41) -> 1 | M47: =IF(D47="","",后台计算!BA41) -> 2.865 | N47: =IF(D47="","",后台计算!BG41) -> 15 | O47: =IF(D47="","",后台计算!BU41) -> 113427 | P47: =IF(D47="","",后台计算!BV41) -> 313626 | Q47: =IF(D47="","",IF(E47="是",P47,IF(E47="否",O47,""))) -> 313626 | R47: =IF(COUNT(F47:H47)=0,"",SUM(F47:H47)) -> 313626 | S47: =IF(AND(ISNUMBER(Q47),ISNUMBER(R47)),Q47-R47,"") -> 0 | T47: =IF(D47="","","红:"&IF(后台计算!U41=0,"无",IF(后台计算!U41=1,"雷鸣","极限"))&" 增压"&TEXT(后台计算!W41,"0")&" 弹药"&TEXT(后台计算!X41,"0")&"｜37灵光"&TEXT(后台计算!AB41,"0")&" 启迪"&TEXT(后台计算!AC41,"0")&"｜灵犀"&TEXT(后台计算!AV41,"0")&"｜J燃烧"&TEXT(后台计算!AD41,"0")&" 敌燃烧"&TEXT(后台计算!AE41,"0")) -> 红:极限 增压10 弹药4｜37灵光9 启迪0｜灵犀5｜J燃烧24 敌燃烧15 | U47: =IF(D47="","",后台计算!BX41)
A48: =IF(D48="","",ROW()-8) -> 40 | B48: 洞知 | C48: 8 | D48: 37｜洞知咒语 | E48: 是 | F48: 107554 | G48: 0 | J48: =IF(D48="","",后台计算!E42) -> 37 | K48: =IF(D48="","",后台计算!AY42) -> 3505 | L48: =IF(D48="","",后台计算!AZ42) -> 0.76 | M48: =IF(D48="","",后台计算!BA42) -> 2.438 | N48: =IF(D48="","",后台计算!BG42) -> 8 | O48: =IF(D48="","",后台计算!BU42) -> 46002 | P48: =IF(D48="","",后台计算!BV42) -> 107554 | Q48: =IF(D48="","",IF(E48="是",P48,IF(E48="否",O48,""))) -> 107554 | R48: =IF(COUNT(F48:H48)=0,"",SUM(F48:H48)) -> 107554 | S48: =IF(AND(ISNUMBER(Q48),ISNUMBER(R48)),Q48-R48,"") -> 0 | T48: =IF(D48="","","红:"&IF(后台计算!U42=0,"无",IF(后台计算!U42=1,"雷鸣","极限"))&" 增压"&TEXT(后台计算!W42,"0")&" 弹药"&TEXT(后台计算!X42,"0")&"｜37灵光"&TEXT(后台计算!AB42,"0")&" 启迪"&TEXT(后台计算!AC42,"0")&"｜灵犀"&TEXT(后台计算!AV42,"0")&"｜J燃烧"&TEXT(后台计算!AD42,"0")&" 敌燃烧"&TEXT(后台计算!AE42,"0")) -> 红:极限 增压10 弹药5｜37灵光10 启迪0｜灵犀5｜J燃烧24 敌燃烧15 | U48: =IF(D48="","",后台计算!BX42)
A49: =IF(D49="","",ROW()-8) -> 41 | B49: 洞知 | C49: 9 | D49: 红弩箭｜洞知咒语 | E49: 是 | F49: 763752 | H49: 305500 | I49: 稳态本源自动：先消耗已有两分悖论；37攻击后再获得1层。 | J49: =IF(D49="","",后台计算!E43) -> 红弩箭 | K49: =IF(D49="","",后台计算!AY43) -> 3493 | L49: =IF(D49="","",后台计算!AZ43) -> 1 | M49: =IF(D49="","",后台计算!BA43) -> 3.065 | N49: =IF(D49="","",后台计算!BG43) -> 32 | O49: =IF(D49="","",后台计算!BU43) -> 360624 | P49: =IF(D49="","",后台计算!BV43) -> 1069252 | Q49: =IF(D49="","",IF(E49="是",P49,IF(E49="否",O49,""))) -> 1069252 | R49: =IF(COUNT(F49:H49)=0,"",SUM(F49:H49)) -> 1069252 | S49: =IF(AND(ISNUMBER(Q49),ISNUMBER(R49)),Q49-R49,"") -> 0 | T49: =IF(D49="","","红:"&IF(后台计算!U43=0,"无",IF(后台计算!U43=1,"雷鸣","极限"))&" 增压"&TEXT(后台计算!W43,"0")&" 弹药"&TEXT(后台计算!X43,"0")&"｜37灵光"&TEXT(后台计算!AB43,"0")&" 启迪"&TEXT(后台计算!AC43,"0")&"｜灵犀"&TEXT(后台计算!AV43,"0")&"｜J燃烧"&TEXT(后台计算!AD43,"0")&" 敌燃烧"&TEXT(后台计算!AE43,"0")) -> 红:极限 增压10 弹药5｜37灵光10 启迪0｜灵犀5｜J燃烧24 敌燃烧15 | U49: =IF(D49="","",后台计算!BX43)
A50: =IF(D50="","",ROW()-8) -> 42 | B50: 洞知 | C50: 10 | D50: 红弩箭｜洞知咒语 | E50: 是 | F50: 343976 | G50: 0 | J50: =IF(D50="","",后台计算!E44) -> 红弩箭 | K50: =IF(D50="","",后台计算!AY44) -> 3493 | L50: =IF(D50="","",后台计算!AZ44) -> 1 | M50: =IF(D50="","",后台计算!BA44) -> 2.865 | N50: =IF(D50="","",后台计算!BG44) -> 15 | O50: =IF(D50="","",后台计算!BU44) -> 124403 | P50: =IF(D50="","",后台计算!BV44) -> 343976 | Q50: =IF(D50="","",IF(E50="是",P50,IF(E50="否",O50,""))) -> 343976 | R50: =IF(COUNT(F50:H50)=0,"",SUM(F50:H50)) -> 343976 | S50: =IF(AND(ISNUMBER(Q50),ISNUMBER(R50)),Q50-R50,"") -> 0 | T50: =IF(D50="","","红:"&IF(后台计算!U44=0,"无",IF(后台计算!U44=1,"雷鸣","极限"))&" 增压"&TEXT(后台计算!W44,"0")&" 弹药"&TEXT(后台计算!X44,"0")&"｜37灵光"&TEXT(后台计算!AB44,"0")&" 启迪"&TEXT(后台计算!AC44,"0")&"｜灵犀"&TEXT(后台计算!AV44,"0")&"｜J燃烧"&TEXT(后台计算!AD44,"0")&" 敌燃烧"&TEXT(后台计算!AE44,"0")) -> 红:极限 增压10 弹药6｜37灵光10 启迪0｜灵犀5｜J燃烧24 敌燃烧15 | U50: =IF(D50="","",后台计算!BX44)
A51: =IF(D51="","",ROW()-8) -> 43 | B51: 洞知 | C51: 11 | D51: 红弩箭｜洞知咒语 | E51: 是 | F51: 354093 | G51: 0 | J51: =IF(D51="","",后台计算!E45) -> 红弩箭 | K51: =IF(D51="","",后台计算!AY45) -> 3493 | L51: =IF(D51="","",后台计算!AZ45) -> 1 | M51: =IF(D51="","",后台计算!BA45) -> 2.865 | N51: =IF(D51="","",后台计算!BG45) -> 15 | O51: =IF(D51="","",后台计算!BU45) -> 128062 | P51: =IF(D51="","",后台计算!BV45) -> 354093 | Q51: =IF(D51="","",IF(E51="是",P51,IF(E51="否",O51,""))) -> 354093 | R51: =IF(COUNT(F51:H51)=0,"",SUM(F51:H51)) -> 354093 | S51: =IF(AND(ISNUMBER(Q51),ISNUMBER(R51)),Q51-R51,"") -> 0 | T51: =IF(D51="","","红:"&IF(后台计算!U45=0,"无",IF(后台计算!U45=1,"雷鸣","极限"))&" 增压"&TEXT(后台计算!W45,"0")&" 弹药"&TEXT(后台计算!X45,"0")&"｜37灵光"&TEXT(后台计算!AB45,"0")&" 启迪"&TEXT(后台计算!AC45,"0")&"｜灵犀"&TEXT(后台计算!AV45,"0")&"｜J燃烧"&TEXT(后台计算!AD45,"0")&" 敌燃烧"&TEXT(后台计算!AE45,"0")) -> 红:极限 增压10 弹药7｜37灵光10 启迪0｜灵犀5｜J燃烧24 敌燃烧15 | U51: =IF(D51="","",后台计算!BX45)
A52: =IF(D52="","",ROW()-8) -> 44 | B52: 洞知 | C52: 12 | D52: 37｜洞知咒语 | E52: 否 | F52: 46002 | G52: 0 | J52: =IF(D52="","",后台计算!E46) -> 37 | K52: =IF(D52="","",后台计算!AY46) -> 3505 | L52: =IF(D52="","",后台计算!AZ46) -> 0.76 | M52: =IF(D52="","",后台计算!BA46) -> 2.438 | N52: =IF(D52="","",后台计算!BG46) -> 8 | O52: =IF(D52="","",后台计算!BU46) -> 46002 | P52: =IF(D52="","",后台计算!BV46) -> 107554 | Q52: =IF(D52="","",IF(E52="是",P52,IF(E52="否",O52,""))) -> 46002 | R52: =IF(COUNT(F52:H52)=0,"",SUM(F52:H52)) -> 46002 | S52: =IF(AND(ISNUMBER(Q52),ISNUMBER(R52)),Q52-R52,"") -> 0 | T52: =IF(D52="","","红:"&IF(后台计算!U46=0,"无",IF(后台计算!U46=1,"雷鸣","极限"))&" 增压"&TEXT(后台计算!W46,"0")&" 弹药"&TEXT(后台计算!X46,"0")&"｜37灵光"&TEXT(后台计算!AB46,"0")&" 启迪"&TEXT(后台计算!AC46,"0")&"｜灵犀"&TEXT(后台计算!AV46,"0")&"｜J燃烧"&TEXT(后台计算!AD46,"0")&" 敌燃烧"&TEXT(后台计算!AE46,"0")) -> 红:极限 增压10 弹药8｜37灵光10 启迪0｜灵犀5｜J燃烧24 敌燃烧15 | U52: =IF(D52="","",后台计算!BX46)
A53: =IF(D53="","",ROW()-8) -> 45 | B53: 洞知 | C53: 13 | D53: 红弩箭｜洞知咒语 | E53: 是 | F53: 856328 | H53: 342531 | I53: 稳态本源自动：先消耗已有两分悖论；37攻击后再获得1层。 | J53: =IF(D53="","",后台计算!E47) -> 红弩箭 | K53: =IF(D53="","",后台计算!AY47) -> 3493 | L53: =IF(D53="","",后台计算!AZ47) -> 1 | M53: =IF(D53="","",后台计算!BA47) -> 3.065 | N53: =IF(D53="","",后台计算!BG47) -> 32 | O53: =IF(D53="","",后台计算!BU47) -> 404336 | P53: =IF(D53="","",后台计算!BV47) -> 1198859 | Q53: =IF(D53="","",IF(E53="是",P53,IF(E53="否",O53,""))) -> 1198859 | R53: =IF(COUNT(F53:H53)=0,"",SUM(F53:H53)) -> 1198859 | S53: =IF(AND(ISNUMBER(Q53),ISNUMBER(R53)),Q53-R53,"") -> 0 | T53: =IF(D53="","","红:"&IF(后台计算!U47=0,"无",IF(后台计算!U47=1,"雷鸣","极限"))&" 增压"&TEXT(后台计算!W47,"0")&" 弹药"&TEXT(后台计算!X47,"0")&"｜37灵光"&TEXT(后台计算!AB47,"0")&" 启迪"&TEXT(后台计算!AC47,"0")&"｜灵犀"&TEXT(后台计算!AV47,"0")&"｜J燃烧"&TEXT(后台计算!AD47,"0")&" 敌燃烧"&TEXT(后台计算!AE47,"0")) -> 红:极限 增压10 弹药8｜37灵光10 启迪0｜灵犀5｜J燃烧24 敌燃烧15 | U53: =IF(D53="","",后台计算!BX47)
A54: =IF(D54="","",ROW()-8) -> 46 | B54: 洞知 | C54: 14 | D54: 红弩箭｜洞知咒语 | E54: 是 | F54: 384444 | G54: 0 | J54: =IF(D54="","",后台计算!E48) -> 红弩箭 | K54: =IF(D54="","",后台计算!AY48) -> 3493 | L54: =IF(D54="","",后台计算!AZ48) -> 1 | M54: =IF(D54="","",后台计算!BA48) -> 2.865 | N54: =IF(D54="","",后台计算!BG48) -> 15 | O54: =IF(D54="","",后台计算!BU48) -> 139039 | P54: =IF(D54="","",后台计算!BV48) -> 384444 | Q54: =IF(D54="","",IF(E54="是",P54,IF(E54="否",O54,""))) -> 384444 | R54: =IF(COUNT(F54:H54)=0,"",SUM(F54:H54)) -> 384444 | S54: =IF(AND(ISNUMBER(Q54),ISNUMBER(R54)),Q54-R54,"") -> 0 | T54: =IF(D54="","","红:"&IF(后台计算!U48=0,"无",IF(后台计算!U48=1,"雷鸣","极限"))&" 增压"&TEXT(后台计算!W48,"0")&" 弹药"&TEXT(后台计算!X48,"0")&"｜37灵光"&TEXT(后台计算!AB48,"0")&" 启迪"&TEXT(后台计算!AC48,"0")&"｜灵犀"&TEXT(后台计算!AV48,"0")&"｜J燃烧"&TEXT(后台计算!AD48,"0")&" 敌燃烧"&TEXT(后台计算!AE48,"0")) -> 红:极限 增压10 弹药9｜37灵光10 启迪0｜灵犀5｜J燃烧24 敌燃烧15 | U54: =IF(D54="","",后台计算!BX48)
A55: =IF(D55="","",ROW()-8) -> 47 | B55: 洞知 | C55: 15 | D55: 37｜洞知咒语 | E55: 是 | F55: 107554 | G55: 0 | J55: =IF(D55="","",后台计算!E49) -> 37 | K55: =IF(D55="","",后台计算!AY49) -> 3505 | L55: =IF(D55="","",后台计算!AZ49) -> 0.76 | M55: =IF(D55="","",后台计算!BA49) -> 2.438 | N55: =IF(D55="","",后台计算!BG49) -> 8 | O55: =IF(D55="","",后台计算!BU49) -> 46002 | P55: =IF(D55="","",后台计算!BV49) -> 107554 | Q55: =IF(D55="","",IF(E55="是",P55,IF(E55="否",O55,""))) -> 107554 | R55: =IF(COUNT(F55:H55)=0,"",SUM(F55:H55)) -> 107554 | S55: =IF(AND(ISNUMBER(Q55),ISNUMBER(R55)),Q55-R55,"") -> 0 | T55: =IF(D55="","","红:"&IF(后台计算!U49=0,"无",IF(后台计算!U49=1,"雷鸣","极限"))&" 增压"&TEXT(后台计算!W49,"0")&" 弹药"&TEXT(后台计算!X49,"0")&"｜37灵光"&TEXT(后台计算!AB49,"0")&" 启迪"&TEXT(后台计算!AC49,"0")&"｜灵犀"&TEXT(后台计算!AV49,"0")&"｜J燃烧"&TEXT(后台计算!AD49,"0")&" 敌燃烧"&TEXT(后台计算!AE49,"0")) -> 红:极限 增压10 弹药10｜37灵光10 启迪0｜灵犀5｜J燃烧24 敌燃烧15 | U55: =IF(D55="","",后台计算!BX49)
A56: =IF(D56="","",ROW()-8) -> 48 | B56: 洞知 | C56: 16 | D56: 37｜洞知咒语 | E56: 否 | F56: 46002 | H56: 18400 | I56: 稳态本源自动：先消耗已有两分悖论；37攻击后再获得1层。 | J56: =IF(D56="","",后台计算!E50) -> 37 | K56: =IF(D56="","",后台计算!AY50) -> 3505 | L56: =IF(D56="","",后台计算!AZ50) -> 0.76 | M56: =IF(D56="","",后台计算!BA50) -> 2.438 | N56: =IF(D56="","",后台计算!BG50) -> 8 | O56: =IF(D56="","",后台计算!BU50) -> 64402 | P56: =IF(D56="","",后台计算!BV50) -> 150575 | Q56: =IF(D56="","",IF(E56="是",P56,IF(E56="否",O56,""))) -> 64402 | R56: =IF(COUNT(F56:H56)=0,"",SUM(F56:H56)) -> 64402 | S56: =IF(AND(ISNUMBER(Q56),ISNUMBER(R56)),Q56-R56,"") -> 0 | T56: =IF(D56="","","红:"&IF(后台计算!U50=0,"无",IF(后台计算!U50=1,"雷鸣","极限"))&" 增压"&TEXT(后台计算!W50,"0")&" 弹药"&TEXT(后台计算!X50,"0")&"｜37灵光"&TEXT(后台计算!AB50,"0")&" 启迪"&TEXT(后台计算!AC50,"0")&"｜灵犀"&TEXT(后台计算!AV50,"0")&"｜J燃烧"&TEXT(后台计算!AD50,"0")&" 敌燃烧"&TEXT(后台计算!AE50,"0")) -> 红:极限 增压10 弹药10｜37灵光10 启迪0｜灵犀5｜J燃烧24 敌燃烧15 | U56: =IF(D56="","",后台计算!BX50)
A57: =IF(D57="","",ROW()-8) -> 49 | B57: 洞知 | C57: 17 | D57: 红弩箭｜洞知终结 | E57: 是 | F57: 2769680 | H57: 1107872 | I57: 稳态本源自动：先消耗已有两分悖论；37攻击后再获得1层。 | J57: =IF(D57="","",后台计算!E51) -> 红弩箭 | K57: =IF(D57="","",后台计算!AY51) -> 3493 | L57: =IF(D57="","",后台计算!AZ51) -> 1 | M57: =IF(D57="","",后台计算!BA51) -> 3.265 | N57: =IF(D57="","",后台计算!BG51) -> 87.5 | O57: =IF(D57="","",后台计算!BU51) -> 1225134 | P57: =IF(D57="","",后台计算!BV51) -> 3877552 | Q57: =IF(D57="","",IF(E57="是",P57,IF(E57="否",O57,""))) -> 3877552 | R57: =IF(COUNT(F57:H57)=0,"",SUM(F57:H57)) -> 3877552 | S57: =IF(AND(ISNUMBER(Q57),ISNUMBER(R57)),Q57-R57,"") -> 0 | T57: =IF(D57="","","红:"&IF(后台计算!U51=0,"无",IF(后台计算!U51=1,"雷鸣","极限"))&" 增压"&TEXT(后台计算!W51,"0")&" 弹药"&TEXT(后台计算!X51,"0")&"｜37灵光"&TEXT(后台计算!AB51,"0")&" 启迪"&TEXT(后台计算!AC51,"0")&"｜灵犀"&TEXT(后台计算!AV51,"0")&"｜J燃烧"&TEXT(后台计算!AD51,"0")&" 敌燃烧"&TEXT(后台计算!AE51,"0")) -> 红:极限 增压10 弹药10｜37灵光10 启迪0｜灵犀5｜J燃烧24 敌燃烧15 | U57: =IF(D57="","",后台计算!BX51)
A58: =IF(D58="","",ROW()-8) -> 50 | B58: 小瑞安侬额外回合 | C58: 1 | D58: 小瑞安侬｜悄冥冥术阵 | E58: — | J58: =IF(D58="","",后台计算!E52) -> 小瑞安侬 | K58: =IF(D58="","",后台计算!AY52) -> 3798 | L58: =IF(D58="","",后台计算!AZ52) -> 0.555 | M58: =IF(D58="","",后台计算!BA52) -> 1.79 | N58: =IF(D58="","",后台计算!BG52) -> 0 | O58: =IF(D58="","",后台计算!BU52) -> 0 | P58: =IF(D58="","",后台计算!BV52) -> 0 | Q58: =IF(D58="","",IF(E58="是",P58,IF(E58="否",O58,""))) | R58: =IF(COUNT(F58:H58)=0,"",SUM(F58:H58)) | S58: =IF(AND(ISNUMBER(Q58),ISNUMBER(R58)),Q58-R58,"") | T58: =IF(D58="","","红:"&IF(后台计算!U52=0,"无",IF(后台计算!U52=1,"雷鸣","极限"))&" 增压"&TEXT(后台计算!W52,"0")&" 弹药"&TEXT(后台计算!X52,"0")&"｜37灵光"&TEXT(后台计算!AB52,"0")&" 启迪"&TEXT(后台计算!AC52,"0")&"｜灵犀"&TEXT(后台计算!AV52,"0")&"｜J燃烧"&TEXT(后台计算!AD52,"0")&" 敌燃烧"&TEXT(后台计算!AE52,"0")) -> 红:无 增压0 弹药11｜37灵光10 启迪0｜灵犀5｜J燃烧24 敌燃烧15 | U58: =IF(D58="","",后台计算!BX52)
A59: =IF(D59="","",ROW()-8) -> 51 | B59: 小瑞安侬额外回合 | C59: 2 | D59: 37｜补充算式 | E59: 是 | F59: 5953 | G59: 0 | J59: =IF(D59="","",后台计算!E53) -> 37 | K59: =IF(D59="","",后台计算!AY53) -> 3505 | L59: =IF(D59="","",后台计算!AZ53) -> 0.76 | M59: =IF(D59="","",后台计算!BA53) -> 2.438 | N59: =IF(D59="","",后台计算!BG53) -> 3 | O59: =IF(D59="","",后台计算!BU53) -> 2546 | P59: =IF(D59="","",后台计算!BV53) -> 5953 | Q59: =IF(D59="","",IF(E59="是",P59,IF(E59="否",O59,""))) -> 5953 | R59: =IF(COUNT(F59:H59)=0,"",SUM(F59:H59)) -> 5953 | S59: =IF(AND(ISNUMBER(Q59),ISNUMBER(R59)),Q59-R59,"") -> 0 | T59: =IF(D59="","","红:"&IF(后台计算!U53=0,"无",IF(后台计算!U53=1,"雷鸣","极限"))&" 增压"&TEXT(后台计算!W53,"0")&" 弹药"&TEXT(后台计算!X53,"0")&"｜37灵光"&TEXT(后台计算!AB53,"0")&" 启迪"&TEXT(后台计算!AC53,"0")&"｜灵犀"&TEXT(后台计算!AV53,"0")&"｜J燃烧"&TEXT(后台计算!AD53,"0")&" 敌燃烧"&TEXT(后台计算!AE53,"0")) -> 红:无 增压0 弹药11｜37灵光10 启迪0｜灵犀5｜J燃烧24 敌燃烧15 | U59: =IF(D59="","",后台计算!BX53)
A60: =IF(D60="","",ROW()-8) -> 52 | B60: 小瑞安侬额外回合 | C60: 3 | D60: 小瑞安侬｜囫囵囵咒Ⅰ | E60: 否 | F60: 1294 | G60: 0 | J60: =IF(D60="","",后台计算!E54) -> 小瑞安侬 | K60: =IF(D60="","",后台计算!AY54) -> 3798 | L60: =IF(D60="","",后台计算!AZ54) -> 0.555 | M60: =IF(D60="","",后台计算!BA54) -> 1.79 | N60: =IF(D60="","",后台计算!BG54) -> 4 | O60: =IF(D60="","",后台计算!BU54) -> 1294 | P60: =IF(D60="","",后台计算!BV54) -> 2187 | Q60: =IF(D60="","",IF(E60="是",P60,IF(E60="否",O60,""))) -> 1294 | R60: =IF(COUNT(F60:H60)=0,"",SUM(F60:H60)) -> 1294 | S60: =IF(AND(ISNUMBER(Q60),ISNUMBER(R60)),Q60-R60,"") -> 0 | T60: =IF(D60="","","红:"&IF(后台计算!U54=0,"无",IF(后台计算!U54=1,"雷鸣","极限"))&" 增压"&TEXT(后台计算!W54,"0")&" 弹药"&TEXT(后台计算!X54,"0")&"｜37灵光"&TEXT(后台计算!AB54,"0")&" 启迪"&TEXT(后台计算!AC54,"0")&"｜灵犀"&TEXT(后台计算!AV54,"0")&"｜J燃烧"&TEXT(后台计算!AD54,"0")&" 敌燃烧"&TEXT(后台计算!AE54,"0")) -> 红:无 增压0 弹药11｜37灵光5 启迪0｜灵犀5｜J燃烧24 敌燃烧15 | U60: =IF(D60="","",后台计算!BX54)
A61: =IF(D61="","",ROW()-8) -> 53 | B61: 小瑞安侬额外回合 | C61: 4 | D61: 37｜补充算式 | E61: 否 | F61: 2587 | G61: 0 | J61: =IF(D61="","",后台计算!E55) -> 37 | K61: =IF(D61="","",后台计算!AY55) -> 3505 | L61: =IF(D61="","",后台计算!AZ55) -> 0.76 | M61: =IF(D61="","",后台计算!BA55) -> 2.438 | N61: =IF(D61="","",后台计算!BG55) -> 3 | O61: =IF(D61="","",后台计算!BU55) -> 2587 | P61: =IF(D61="","",后台计算!BV55) -> 6048 | Q61: =IF(D61="","",IF(E61="是",P61,IF(E61="否",O61,""))) -> 2587 | R61: =IF(COUNT(F61:H61)=0,"",SUM(F61:H61)) -> 2587 | S61: =IF(AND(ISNUMBER(Q61),ISNUMBER(R61)),Q61-R61,"") -> 0 | T61: =IF(D61="","","红:"&IF(后台计算!U55=0,"无",IF(后台计算!U55=1,"雷鸣","极限"))&" 增压"&TEXT(后台计算!W55,"0")&" 弹药"&TEXT(后台计算!X55,"0")&"｜37灵光"&TEXT(后台计算!AB55,"0")&" 启迪"&TEXT(后台计算!AC55,"0")&"｜灵犀"&TEXT(后台计算!AV55,"0")&"｜J燃烧"&TEXT(后台计算!AD55,"0")&" 敌燃烧"&TEXT(后台计算!AE55,"0")) -> 红:无 增压0 弹药11｜37灵光6 启迪0｜灵犀5｜J燃烧24 敌燃烧15 | U61: =IF(D61="","",后台计算!BX55)
A62: =IF(D62="","",ROW()-8) -> 54 | B62: 小瑞安侬额外回合 | C62: 5 | D62: 37｜曲线映射Ⅱ | E62: 否 | F62: 2414 | G62: 0 | J62: =IF(D62="","",后台计算!E56) -> 37 | K62: =IF(D62="","",后台计算!AY56) -> 3505 | L62: =IF(D62="","",后台计算!AZ56) -> 0.76 | M62: =IF(D62="","",后台计算!BA56) -> 2.438 | N62: =IF(D62="","",后台计算!BG56) -> 2.1 | O62: =IF(D62="","",后台计算!BU56) -> 2414 | P62: =IF(D62="","",后台计算!BV56) -> 5645 | Q62: =IF(D62="","",IF(E62="是",P62,IF(E62="否",O62,""))) -> 2414 | R62: =IF(COUNT(F62:H62)=0,"",SUM(F62:H62)) -> 2414 | S62: =IF(AND(ISNUMBER(Q62),ISNUMBER(R62)),Q62-R62,"") -> 0 | T62: =IF(D62="","","红:"&IF(后台计算!U56=0,"无",IF(后台计算!U56=1,"雷鸣","极限"))&" 增压"&TEXT(后台计算!W56,"0")&" 弹药"&TEXT(后台计算!X56,"0")&"｜37灵光"&TEXT(后台计算!AB56,"0")&" 启迪"&TEXT(后台计算!AC56,"0")&"｜灵犀"&TEXT(后台计算!AV56,"0")&"｜J燃烧"&TEXT(后台计算!AD56,"0")&" 敌燃烧"&TEXT(后台计算!AE56,"0")) -> 红:无 增压0 弹药11｜37灵光1 启迪0｜灵犀5｜J燃烧24 敌燃烧15 | U62: =IF(D62="","",后台计算!BX56)
A63: =IF(D63="","",ROW()-8) -> 55 | B63: 小瑞安侬额外回合 | C63: 6 | D63: J｜硬度测试Ⅱ | E63: 否 | F63: 1362 | G63: 0 | J63: =IF(D63="","",后台计算!E57) -> J | K63: =IF(D63="","",后台计算!AY57) -> 3101 | L63: =IF(D63="","",后台计算!AZ57) -> 0.667 | M63: =IF(D63="","",后台计算!BA57) -> 1.957 | N63: =IF(D63="","",后台计算!BG57) -> 5.4 | O63: =IF(D63="","",后台计算!BU57) -> 1362 | P63: =IF(D63="","",后台计算!BV57) -> 2530 | Q63: =IF(D63="","",IF(E63="是",P63,IF(E63="否",O63,""))) -> 1362 | R63: =IF(COUNT(F63:H63)=0,"",SUM(F63:H63)) -> 1362 | S63: =IF(AND(ISNUMBER(Q63),ISNUMBER(R63)),Q63-R63,"") -> 0 | T63: =IF(D63="","","红:"&IF(后台计算!U57=0,"无",IF(后台计算!U57=1,"雷鸣","极限"))&" 增压"&TEXT(后台计算!W57,"0")&" 弹药"&TEXT(后台计算!X57,"0")&"｜37灵光"&TEXT(后台计算!AB57,"0")&" 启迪"&TEXT(后台计算!AC57,"0")&"｜灵犀"&TEXT(后台计算!AV57,"0")&"｜J燃烧"&TEXT(后台计算!AD57,"0")&" 敌燃烧"&TEXT(后台计算!AE57,"0")) -> 红:无 增压0 弹药11｜37灵光2 启迪0｜灵犀5｜J燃烧24 敌燃烧15 | U63: =IF(D63="","",后台计算!BX57)
A64: =IF(D64="","",ROW()-8) -> 56 | B64: 小瑞安侬额外回合 | C64: 7 | D64: 红弩箭｜眼镜蛇机动Ⅱ | E64: — | I64: 2阶，提供的弹药装填是1阶的2倍 | J64: =IF(D64="","",后台计算!E58) -> 红弩箭 | K64: =IF(D64="","",后台计算!AY58) -> 3493 | L64: =IF(D64="","",后台计算!AZ58) -> 1 | M64: =IF(D64="","",后台计算!BA58) -> 2.265 | N64: =IF(D64="","",后台计算!BG58) -> 0 | O64: =IF(D64="","",后台计算!BU58) -> 0 | P64: =IF(D64="","",后台计算!BV58) -> 0 | Q64: =IF(D64="","",IF(E64="是",P64,IF(E64="否",O64,""))) | R64: =IF(COUNT(F64:H64)=0,"",SUM(F64:H64)) | S64: =IF(AND(ISNUMBER(Q64),ISNUMBER(R64)),Q64-R64,"") | T64: =IF(D64="","","红:"&IF(后台计算!U58=0,"无",IF(后台计算!U58=1,"雷鸣","极限"))&" 增压"&TEXT(后台计算!W58,"0")&" 弹药"&TEXT(后台计算!X58,"0")&"｜37灵光"&TEXT(后台计算!AB58,"0")&" 启迪"&TEXT(后台计算!AC58,"0")&"｜灵犀"&TEXT(后台计算!AV58,"0")&"｜J燃烧"&TEXT(后台计算!AD58,"0")&" 敌燃烧"&TEXT(后台计算!AE58,"0")) -> 红:无 增压0 弹药11｜37灵光3 启迪0｜灵犀5｜J燃烧30 敌燃烧21 | U64: =IF(D64="","",后台计算!BX58)
A65: =IF(D65="","",ROW()-8) -> 57 | B65: 小瑞安侬额外回合 | C65: 8 | D65: J｜硬度测试Ⅰ | E65: 否 | F65: 2888 | G65: 0 | J65: =IF(D65="","",后台计算!E59) -> J | K65: =IF(D65="","",后台计算!AY59) -> 3215 | L65: =IF(D65="","",后台计算!AZ59) -> 0.667 | M65: =IF(D65="","",后台计算!BA59) -> 1.957 | N65: =IF(D65="","",后台计算!BG59) -> 3.6 | O65: =IF(D65="","",后台计算!BU59) -> 2888 | P65: =IF(D65="","",后台计算!BV59) -> 5364 | Q65: =IF(D65="","",IF(E65="是",P65,IF(E65="否",O65,""))) -> 2888 | R65: =IF(COUNT(F65:H65)=0,"",SUM(F65:H65)) -> 2888 | S65: =IF(AND(ISNUMBER(Q65),ISNUMBER(R65)),Q65-R65,"") -> 0 | T65: =IF(D65="","","红:"&IF(后台计算!U59=0,"无",IF(后台计算!U59=1,"雷鸣","极限"))&" 增压"&TEXT(后台计算!W59,"0")&" 弹药"&TEXT(后台计算!X59,"0")&"｜37灵光"&TEXT(后台计算!AB59,"0")&" 启迪"&TEXT(后台计算!AC59,"0")&"｜灵犀"&TEXT(后台计算!AV59,"0")&"｜J燃烧"&TEXT(后台计算!AD59,"0")&" 敌燃烧"&TEXT(后台计算!AE59,"0")) -> 红:雷鸣 增压0 弹药11｜37灵光4 启迪0｜灵犀5｜J燃烧30 敌燃烧21 | U65: =IF(D65="","",后台计算!BX59)
A66: =IF(D66="","",ROW()-8) -> 58 | B66: 小瑞安侬额外回合 | C66: 9 | D66: 37｜补充算式 | E66: 是 | F66: 6048 | G66: 0 | J66: =IF(D66="","",后台计算!E60) -> 37 | K66: =IF(D66="","",后台计算!AY60) -> 3505 | L66: =IF(D66="","",后台计算!AZ60) -> 0.76 | M66: =IF(D66="","",后台计算!BA60) -> 2.438 | N66: =IF(D66="","",后台计算!BG60) -> 3 | O66: =IF(D66="","",后台计算!BU60) -> 2587 | P66: =IF(D66="","",后台计算!BV60) -> 6048 | Q66: =IF(D66="","",IF(E66="是",P66,IF(E66="否",O66,""))) -> 6048 | R66: =IF(COUNT(F66:H66)=0,"",SUM(F66:H66)) -> 6048 | S66: =IF(AND(ISNUMBER(Q66),ISNUMBER(R66)),Q66-R66,"") -> 0 | T66: =IF(D66="","","红:"&IF(后台计算!U60=0,"无",IF(后台计算!U60=1,"雷鸣","极限"))&" 增压"&TEXT(后台计算!W60,"0")&" 弹药"&TEXT(后台计算!X60,"0")&"｜37灵光"&TEXT(后台计算!AB60,"0")&" 启迪"&TEXT(后台计算!AC60,"0")&"｜灵犀"&TEXT(后台计算!AV60,"0")&"｜J燃烧"&TEXT(后台计算!AD60,"0")&" 敌燃烧"&TEXT(后台计算!AE60,"0")) -> 红:雷鸣 增压0 弹药11｜37灵光5 启迪0｜灵犀5｜J燃烧35 敌燃烧27 | U66: =IF(D66="","",后台计算!BX60)
A67: =IF(D67="","",ROW()-8) -> 59 | B67: 小瑞安侬额外回合 | C67: 10 | D67: 小瑞安侬｜虫虫黑莓唤回术 | E67: 是 | F67: 12495 | G67: 0 | J67: =IF(D67="","",后台计算!E61) -> 小瑞安侬 | K67: =IF(D67="","",后台计算!AY61) -> 3798 | L67: =IF(D67="","",后台计算!AZ61) -> 0.555 | M67: =IF(D67="","",后台计算!BA61) -> 1.79 | N67: =IF(D67="","",后台计算!BG61) -> 22.5 | O67: =IF(D67="","",后台计算!BU61) -> 7394 | P67: =IF(D67="","",后台计算!BV61) -> 12495 | Q67: =IF(D67="","",IF(E67="是",P67,IF(E67="否",O67,""))) -> 12495 | R67: =IF(COUNT(F67:H67)=0,"",SUM(F67:H67)) -> 12495 | S67: =IF(AND(ISNUMBER(Q67),ISNUMBER(R67)),Q67-R67,"") -> 0 | T67: =IF(D67="","","红:"&IF(后台计算!U61=0,"无",IF(后台计算!U61=1,"雷鸣","极限"))&" 增压"&TEXT(后台计算!W61,"0")&" 弹药"&TEXT(后台计算!X61,"0")&"｜37灵光"&TEXT(后台计算!AB61,"0")&" 启迪"&TEXT(后台计算!AC61,"0")&"｜灵犀"&TEXT(后台计算!AV61,"0")&"｜J燃烧"&TEXT(后台计算!AD61,"0")&" 敌燃烧"&TEXT(后台计算!AE61,"0")) -> 红:雷鸣 增压0 弹药11｜37灵光0 启迪0｜灵犀5｜J燃烧35 敌燃烧27 | U67: =IF(D67="","",后台计算!BX61)
A68: =IF(D68="","",ROW()-8) -> 60 | B68: 小瑞安侬额外回合 | C68: 11 | D68: 系统｜回合结束 | E68: — | I68: 这个行动用来标记回合结束，本回合boss没有任何行动 | J68: =IF(D68="","",后台计算!E62) -> 系统 | K68: =IF(D68="","",后台计算!AY62) -> 0 | L68: =IF(D68="","",后台计算!AZ62) -> 0 | M68: =IF(D68="","",后台计算!BA62) -> 0.24 | N68: =IF(D68="","",后台计算!BG62) -> 0 | O68: =IF(D68="","",后台计算!BU62) -> 0 | P68: =IF(D68="","",后台计算!BV62) -> 0 | Q68: =IF(D68="","",IF(E68="是",P68,IF(E68="否",O68,""))) | R68: =IF(COUNT(F68:H68)=0,"",SUM(F68:H68)) | S68: =IF(AND(ISNUMBER(Q68),ISNUMBER(R68)),Q68-R68,"") | T68: =IF(D68="","","红:"&IF(后台计算!U62=0,"无",IF(后台计算!U62=1,"雷鸣","极限"))&" 增压"&TEXT(后台计算!W62,"0")&" 弹药"&TEXT(后台计算!X62,"0")&"｜37灵光"&TEXT(后台计算!AB62,"0")&" 启迪"&TEXT(后台计算!AC62,"0")&"｜灵犀"&TEXT(后台计算!AV62,"0")&"｜J燃烧"&TEXT(后台计算!AD62,"0")&" 敌燃烧"&TEXT(后台计算!AE62,"0")) -> 红:雷鸣 增压0 弹药11｜37灵光1 启迪0｜灵犀5｜J燃烧35 敌燃烧27 | U68: =IF(D68="","",后台计算!BX62)
A69: =IF(D69="","",ROW()-8) -> 61 | B69: 4 | C69: 1 | D69: 小瑞安侬｜唱予无忧之诗 | E69: — | J69: =IF(D69="","",后台计算!E63) -> 小瑞安侬 | K69: =IF(D69="","",后台计算!AY63) -> 3298 | L69: =IF(D69="","",后台计算!AZ63) -> 0.555 | M69: =IF(D69="","",后台计算!BA63) -> 1.79 | N69: =IF(D69="","",后台计算!BG63) -> 0 | O69: =IF(D69="","",后台计算!BU63) -> 0 | P69: =IF(D69="","",后台计算!BV63) -> 0 | Q69: =IF(D69="","",IF(E69="是",P69,IF(E69="否",O69,""))) | R69: =IF(COUNT(F69:H69)=0,"",SUM(F69:H69)) | S69: =IF(AND(ISNUMBER(Q69),ISNUMBER(R69)),Q69-R69,"") | T69: =IF(D69="","","红:"&IF(后台计算!U63=0,"无",IF(后台计算!U63=1,"雷鸣","极限"))&" 增压"&TEXT(后台计算!W63,"0")&" 弹药"&TEXT(后台计算!X63,"0")&"｜37灵光"&TEXT(后台计算!AB63,"0")&" 启迪"&TEXT(后台计算!AC63,"0")&"｜灵犀"&TEXT(后台计算!AV63,"0")&"｜J燃烧"&TEXT(后台计算!AD63,"0")&" 敌燃烧"&TEXT(后台计算!AE63,"0")) -> 红:雷鸣 增压3 弹药11｜37灵光1 启迪0｜灵犀5｜J燃烧35 敌燃烧13 | U69: =IF(D69="","",后台计算!BX63)
A70: =IF(D70="","",ROW()-8) -> 62 | B70: 4 | C70: 2 | D70: 小瑞安侬｜悄冥冥术阵 | E70: — | J70: =IF(D70="","",后台计算!E64) -> 小瑞安侬 | K70: =IF(D70="","",后台计算!AY64) -> 3298 | L70: =IF(D70="","",后台计算!AZ64) -> 0.555 | M70: =IF(D70="","",后台计算!BA64) -> 1.81 | N70: =IF(D70="","",后台计算!BG64) -> 0 | O70: =IF(D70="","",后台计算!BU64) -> 0 | P70: =IF(D70="","",后台计算!BV64) -> 0 | Q70: =IF(D70="","",IF(E70="是",P70,IF(E70="否",O70,""))) | R70: =IF(COUNT(F70:H70)=0,"",SUM(F70:H70)) | S70: =IF(AND(ISNUMBER(Q70),ISNUMBER(R70)),Q70-R70,"") | T70: =IF(D70="","","红:"&IF(后台计算!U64=0,"无",IF(后台计算!U64=1,"雷鸣","极限"))&" 增压"&TEXT(后台计算!W64,"0")&" 弹药"&TEXT(后台计算!X64,"0")&"｜37灵光"&TEXT(后台计算!AB64,"0")&" 启迪"&TEXT(后台计算!AC64,"0")&"｜灵犀"&TEXT(后台计算!AV64,"0")&"｜J燃烧"&TEXT(后台计算!AD64,"0")&" 敌燃烧"&TEXT(后台计算!AE64,"0")) -> 红:雷鸣 增压3 弹药11｜37灵光2 启迪0｜灵犀5｜J燃烧35 敌燃烧13 | U70: =IF(D70="","",后台计算!BX64)
A71: =IF(D71="","",ROW()-8) -> 63 | B71: 4 | C71: 3 | D71: 小瑞安侬｜囫囵囵咒Ⅰ | E71: 是 | F71: 5326 | G71: 0 | J71: =IF(D71="","",后台计算!E65) -> 小瑞安侬 | K71: =IF(D71="","",后台计算!AY65) -> 3298 | L71: =IF(D71="","",后台计算!AZ65) -> 0.555 | M71: =IF(D71="","",后台计算!BA65) -> 1.81 | N71: =IF(D71="","",后台计算!BG65) -> 4 | O71: =IF(D71="","",后台计算!BU65) -> 3114 | P71: =IF(D71="","",后台计算!BV65) -> 5326 | Q71: =IF(D71="","",IF(E71="是",P71,IF(E71="否",O71,""))) -> 5326 | R71: =IF(COUNT(F71:H71)=0,"",SUM(F71:H71)) -> 5326 | S71: =IF(AND(ISNUMBER(Q71),ISNUMBER(R71)),Q71-R71,"") -> 0 | T71: =IF(D71="","","红:"&IF(后台计算!U65=0,"无",IF(后台计算!U65=1,"雷鸣","极限"))&" 增压"&TEXT(后台计算!W65,"0")&" 弹药"&TEXT(后台计算!X65,"0")&"｜37灵光"&TEXT(后台计算!AB65,"0")&" 启迪"&TEXT(后台计算!AC65,"0")&"｜灵犀"&TEXT(后台计算!AV65,"0")&"｜J燃烧"&TEXT(后台计算!AD65,"0")&" 敌燃烧"&TEXT(后台计算!AE65,"0")) -> 红:雷鸣 增压3 弹药11｜37灵光3 启迪0｜灵犀5｜J燃烧35 敌燃烧13 | U71: =IF(D71="","",后台计算!BX65)
A72: =IF(D72="","",ROW()-8) -> 64 | B72: 4 | C72: 4 | D72: 小瑞安侬｜囫囵囵咒Ⅰ | E72: 是 | F72: 7101 | G72: 0 | J72: =IF(D72="","",后台计算!E66) -> 小瑞安侬 | K72: =IF(D72="","",后台计算!AY66) -> 3298 | L72: =IF(D72="","",后台计算!AZ66) -> 0.555 | M72: =IF(D72="","",后台计算!BA66) -> 1.81 | N72: =IF(D72="","",后台计算!BG66) -> 4 | O72: =IF(D72="","",后台计算!BU66) -> 4152 | P72: =IF(D72="","",后台计算!BV66) -> 7101 | Q72: =IF(D72="","",IF(E72="是",P72,IF(E72="否",O72,""))) -> 7101 | R72: =IF(COUNT(F72:H72)=0,"",SUM(F72:H72)) -> 7101 | S72: =IF(AND(ISNUMBER(Q72),ISNUMBER(R72)),Q72-R72,"") -> 0 | T72: =IF(D72="","","红:"&IF(后台计算!U66=0,"无",IF(后台计算!U66=1,"雷鸣","极限"))&" 增压"&TEXT(后台计算!W66,"0")&" 弹药"&TEXT(后台计算!X66,"0")&"｜37灵光"&TEXT(后台计算!AB66,"0")&" 启迪"&TEXT(后台计算!AC66,"0")&"｜灵犀"&TEXT(后台计算!AV66,"0")&"｜J燃烧"&TEXT(后台计算!AD66,"0")&" 敌燃烧"&TEXT(后台计算!AE66,"0")) -> 红:雷鸣 增压3 弹药11｜37灵光4 启迪0｜灵犀5｜J燃烧35 敌燃烧13 | U72: =IF(D72="","",后台计算!BX66)
A73: =IF(D73="","",ROW()-8) -> 65 | B73: 4 | C73: 5 | D73: 37｜补充算式 | E73: 是 | F73: 1573 | G73: 0 | J73: =IF(D73="","",后台计算!E67) -> 37 | K73: =IF(D73="","",后台计算!AY67) -> 3017 | L73: =IF(D73="","",后台计算!AZ67) -> 0.76 | M73: =IF(D73="","",后台计算!BA67) -> 2.458 | N73: =IF(D73="","",后台计算!BG67) -> 3 | O73: =IF(D73="","",后台计算!BU67) -> 667 | P73: =IF(D73="","",后台计算!BV67) -> 1573 | Q73: =IF(D73="","",IF(E73="是",P73,IF(E73="否",O73,""))) -> 1573 | R73: =IF(COUNT(F73:H73)=0,"",SUM(F73:H73)) -> 1573 | S73: =IF(AND(ISNUMBER(Q73),ISNUMBER(R73)),Q73-R73,"") -> 0 | T73: =IF(D73="","","红:"&IF(后台计算!U67=0,"无",IF(后台计算!U67=1,"雷鸣","极限"))&" 增压"&TEXT(后台计算!W67,"0")&" 弹药"&TEXT(后台计算!X67,"0")&"｜37灵光"&TEXT(后台计算!AB67,"0")&" 启迪"&TEXT(后台计算!AC67,"0")&"｜灵犀"&TEXT(后台计算!AV67,"0")&"｜J燃烧"&TEXT(后台计算!AD67,"0")&" 敌燃烧"&TEXT(后台计算!AE67,"0")) -> 红:雷鸣 增压3 弹药11｜37灵光5 启迪0｜灵犀5｜J燃烧35 敌燃烧13 | U73: =IF(D73="","",后台计算!BX67)
A74: =IF(D74="","",ROW()-8) -> 66 | B74: 4 | C74: 6 | D74: 红弩箭｜眼镜蛇机动 | E74: — | J74: =IF(D74="","",后台计算!E68) -> 红弩箭 | K74: =IF(D74="","",后台计算!AY68) -> 3005 | L74: =IF(D74="","",后台计算!AZ68) -> 1 | M74: =IF(D74="","",后台计算!BA68) -> 2.285 | N74: =IF(D74="","",后台计算!BG68) -> 0 | O74: =IF(D74="","",后台计算!BU68) -> 0 | P74: =IF(D74="","",后台计算!BV68) -> 0 | Q74: =IF(D74="","",IF(E74="是",P74,IF(E74="否",O74,""))) | R74: =IF(COUNT(F74:H74)=0,"",SUM(F74:H74)) | S74: =IF(AND(ISNUMBER(Q74),ISNUMBER(R74)),Q74-R74,"") | T74: =IF(D74="","","红:"&IF(后台计算!U68=0,"无",IF(后台计算!U68=1,"雷鸣","极限"))&" 增压"&TEXT(后台计算!W68,"0")&" 弹药"&TEXT(后台计算!X68,"0")&"｜37灵光"&TEXT(后台计算!AB68,"0")&" 启迪"&TEXT(后台计算!AC68,"0")&"｜灵犀"&TEXT(后台计算!AV68,"0")&"｜J燃烧"&TEXT(后台计算!AD68,"0")&" 敌燃烧"&TEXT(后台计算!AE68,"0")) -> 红:雷鸣 增压3 弹药11｜37灵光0 启迪0｜灵犀5｜J燃烧35 敌燃烧13 | U74: =IF(D74="","",后台计算!BX68)
A75: =IF(D75="","",ROW()-8) -> 67 | B75: 4 | C75: 7 | D75: J｜飞跃海特街 | E75: 否 | F75: 21612 | G75: 0 | J75: =IF(D75="","",后台计算!E69) -> J | K75: =IF(D75="","",后台计算!AY69) -> 2823 | L75: =IF(D75="","",后台计算!AZ69) -> 0.667 | M75: =IF(D75="","",后台计算!BA69) -> 1.977 | N75: =IF(D75="","",后台计算!BG69) -> 25 | O75: =IF(D75="","",后台计算!BU69) -> 21612 | P75: =IF(D75="","",后台计算!BV69) -> 40566 | Q75: =IF(D75="","",IF(E75="是",P75,IF(E75="否",O75,""))) -> 21612 | R75: =IF(COUNT(F75:H75)=0,"",SUM(F75:H75)) -> 21612 | S75: =IF(AND(ISNUMBER(Q75),ISNUMBER(R75)),Q75-R75,"") -> 0 | T75: =IF(D75="","","红:"&IF(后台计算!U69=0,"无",IF(后台计算!U69=1,"雷鸣","极限"))&" 增压"&TEXT(后台计算!W69,"0")&" 弹药"&TEXT(后台计算!X69,"0")&"｜37灵光"&TEXT(后台计算!AB69,"0")&" 启迪"&TEXT(后台计算!AC69,"0")&"｜灵犀"&TEXT(后台计算!AV69,"0")&"｜J燃烧"&TEXT(后台计算!AD69,"0")&" 敌燃烧"&TEXT(后台计算!AE69,"0")) -> 红:雷鸣 增压3 弹药12｜37灵光1 启迪0｜灵犀5｜J燃烧35 敌燃烧13 | U75: =IF(D75="","",后台计算!BX69)
A76: =IF(D76="","",ROW()-8) -> 68 | B76: 4 | C76: 8 | D76: 37｜数与几何的王国 | E76: — | J76: =IF(D76="","",后台计算!E70) -> 37 | K76: =IF(D76="","",后台计算!AY70) -> 3017 | L76: =IF(D76="","",后台计算!AZ70) -> 0.76 | M76: =IF(D76="","",后台计算!BA70) -> 2.478 | N76: =IF(D76="","",后台计算!BG70) -> 0 | O76: =IF(D76="","",后台计算!BU70) -> 0 | P76: =IF(D76="","",后台计算!BV70) -> 0 | Q76: =IF(D76="","",IF(E76="是",P76,IF(E76="否",O76,""))) | R76: =IF(COUNT(F76:H76)=0,"",SUM(F76:H76)) | S76: =IF(AND(ISNUMBER(Q76),ISNUMBER(R76)),Q76-R76,"") | T76: =IF(D76="","","红:"&IF(后台计算!U70=0,"无",IF(后台计算!U70=1,"雷鸣","极限"))&" 增压"&TEXT(后台计算!W70,"0")&" 弹药"&TEXT(后台计算!X70,"0")&"｜37灵光"&TEXT(后台计算!AB70,"0")&" 启迪"&TEXT(后台计算!AC70,"0")&"｜灵犀"&TEXT(后台计算!AV70,"0")&"｜J燃烧"&TEXT(后台计算!AD70,"0")&" 敌燃烧"&TEXT(后台计算!AE70,"0")) -> 红:雷鸣 增压3 弹药12｜37灵光2 启迪0｜灵犀5｜J燃烧35 敌燃烧30 | U76: =IF(D76="","",后台计算!BX70)
A77: =IF(D77="","",ROW()-8) -> 69 | B77: 4 | C77: 9 | D77: 37｜补充算式 | E77: 是 | F77: 5494 | G77: 4181 | J77: =IF(D77="","",后台计算!E71) -> 37 | K77: =IF(D77="","",后台计算!AY71) -> 3517 | L77: =IF(D77="","",后台计算!AZ71) -> 0.76 | M77: =IF(D77="","",后台计算!BA71) -> 2.478 | N77: =IF(D77="","",后台计算!BG71) -> 3 | O77: =IF(D77="","",后台计算!BU71) -> 4068 | P77: =IF(D77="","",后台计算!BV71) -> 9675 | Q77: =IF(D77="","",IF(E77="是",P77,IF(E77="否",O77,""))) -> 9675 | R77: =IF(COUNT(F77:H77)=0,"",SUM(F77:H77)) -> 9675 | S77: =IF(AND(ISNUMBER(Q77),ISNUMBER(R77)),Q77-R77,"") -> 0 | T77: =IF(D77="","","红:"&IF(后台计算!U71=0,"无",IF(后台计算!U71=1,"雷鸣","极限"))&" 增压"&TEXT(后台计算!W71,"0")&" 弹药"&TEXT(后台计算!X71,"0")&"｜37灵光"&TEXT(后台计算!AB71,"0")&" 启迪"&TEXT(后台计算!AC71,"0")&"｜灵犀"&TEXT(后台计算!AV71,"0")&"｜J燃烧"&TEXT(后台计算!AD71,"0")&" 敌燃烧"&TEXT(后台计算!AE71,"0")) -> 红:雷鸣 增压3 弹药12｜37灵光5 启迪2｜灵犀5｜J燃烧35 敌燃烧30 | U77: =IF(D77="","",后台计算!BX71)
A78: =IF(D78="","",ROW()-8) -> 70 | B78: 4 | C78: 10 | D78: 红弩箭｜极限俯冲Ⅱ | E78: 是 | F78: 124304 | G78: 0 | J78: =IF(D78="","",后台计算!E72) -> 红弩箭 | K78: =IF(D78="","",后台计算!AY72) -> 3505 | L78: =IF(D78="","",后台计算!AZ72) -> 1 | M78: =IF(D78="","",后台计算!BA72) -> 2.305 | N78: =IF(D78="","",后台计算!BG72) -> 18 | O78: =IF(D78="","",后台计算!BU72) -> 56373 | P78: =IF(D78="","",后台计算!BV72) -> 124304 | Q78: =IF(D78="","",IF(E78="是",P78,IF(E78="否",O78,""))) -> 124304 | R78: =IF(COUNT(F78:H78)=0,"",SUM(F78:H78)) -> 124304 | S78: =IF(AND(ISNUMBER(Q78),ISNUMBER(R78)),Q78-R78,"") -> 0 | T78: =IF(D78="","","红:"&IF(后台计算!U72=0,"无",IF(后台计算!U72=1,"雷鸣","极限"))&" 增压"&TEXT(后台计算!W72,"0")&" 弹药"&TEXT(后台计算!X72,"0")&"｜37灵光"&TEXT(后台计算!AB72,"0")&" 启迪"&TEXT(后台计算!AC72,"0")&"｜灵犀"&TEXT(后台计算!AV72,"0")&"｜J燃烧"&TEXT(后台计算!AD72,"0")&" 敌燃烧"&TEXT(后台计算!AE72,"0")) -> 红:雷鸣 增压3 弹药12｜37灵光0 启迪1｜灵犀5｜J燃烧35 敌燃烧30 | U78: =IF(D78="","",后台计算!BX72)
A79: =IF(D79="","",ROW()-8) -> 71 | B79: 4 | C79: 11 | D79: 37｜曲线映射Ⅰ | E79: 是 | F79: 2564 | G79: 3344 | J79: =IF(D79="","",后台计算!E73) -> 37 | K79: =IF(D79="","",后台计算!AY73) -> 3517 | L79: =IF(D79="","",后台计算!AZ73) -> 0.76 | M79: =IF(D79="","",后台计算!BA73) -> 2.478 | N79: =IF(D79="","",后台计算!BG73) -> 1.4 | O79: =IF(D79="","",后台计算!BU73) -> 2484 | P79: =IF(D79="","",后台计算!BV73) -> 5908 | Q79: =IF(D79="","",IF(E79="是",P79,IF(E79="否",O79,""))) -> 5908 | R79: =IF(COUNT(F79:H79)=0,"",SUM(F79:H79)) -> 5908 | S79: =IF(AND(ISNUMBER(Q79),ISNUMBER(R79)),Q79-R79,"") -> 0 | T79: =IF(D79="","","红:"&IF(后台计算!U73=0,"无",IF(后台计算!U73=1,"雷鸣","极限"))&" 增压"&TEXT(后台计算!W73,"0")&" 弹药"&TEXT(后台计算!X73,"0")&"｜37灵光"&TEXT(后台计算!AB73,"0")&" 启迪"&TEXT(后台计算!AC73,"0")&"｜灵犀"&TEXT(后台计算!AV73,"0")&"｜J燃烧"&TEXT(后台计算!AD73,"0")&" 敌燃烧"&TEXT(后台计算!AE73,"0")) -> 红:雷鸣 增压5 弹药12｜37灵光1 启迪1｜灵犀5｜J燃烧35 敌燃烧30 | U79: =IF(D79="","",后台计算!BX73)
A80: =IF(D80="","",ROW()-8) -> 72 | B80: 4 | C80: 12 | D80: J｜高温回火 | E80: 是 | F80: 4392 | G80: 0 | J80: =IF(D80="","",后台计算!E74) -> J | K80: =IF(D80="","",后台计算!AY74) -> 3323 | L80: =IF(D80="","",后台计算!AZ74) -> 0.667 | M80: =IF(D80="","",后台计算!BA74) -> 1.997 | N80: =IF(D80="","",后台计算!BG74) -> 4.75 | O80: =IF(D80="","",后台计算!BU74) -> 3993 | P80: =IF(D80="","",后台计算!BV74) -> 4392 | Q80: =IF(D80="","",IF(E80="是",P80,IF(E80="否",O80,""))) -> 4392 | R80: =IF(COUNT(F80:H80)=0,"",SUM(F80:H80)) -> 4392 | S80: =IF(AND(ISNUMBER(Q80),ISNUMBER(R80)),Q80-R80,"") -> 0 | T80: =IF(D80="","","红:"&IF(后台计算!U74=0,"无",IF(后台计算!U74=1,"雷鸣","极限"))&" 增压"&TEXT(后台计算!W74,"0")&" 弹药"&TEXT(后台计算!X74,"0")&"｜37灵光"&TEXT(后台计算!AB74,"0")&" 启迪"&TEXT(后台计算!AC74,"0")&"｜灵犀"&TEXT(后台计算!AV74,"0")&"｜J燃烧"&TEXT(后台计算!AD74,"0")&" 敌燃烧"&TEXT(后台计算!AE74,"0")) -> 红:雷鸣 增压5 弹药12｜37灵光2 启迪0｜灵犀5｜J燃烧35 敌燃烧30 | U80: =IF(D80="","",后台计算!BX74)
A81: =IF(D81="","",ROW()-8) -> 73 | B81: 4 | C81: 13 | D81: J｜高温回火 | E81: 否 | F81: 5324 | G81: 0 | J81: =IF(D81="","",后台计算!E75) -> J | K81: =IF(D81="","",后台计算!AY75) -> 3323 | L81: =IF(D81="","",后台计算!AZ75) -> 0.667 | M81: =IF(D81="","",后台计算!BA75) -> 1.997 | N81: =IF(D81="","",后台计算!BG75) -> 4.75 | O81: =IF(D81="","",后台计算!BU75) -> 5324 | P81: =IF(D81="","",后台计算!BV75) -> 5856 | Q81: =IF(D81="","",IF(E81="是",P81,IF(E81="否",O81,""))) -> 5324 | R81: =IF(COUNT(F81:H81)=0,"",SUM(F81:H81)) -> 5324 | S81: =IF(AND(ISNUMBER(Q81),ISNUMBER(R81)),Q81-R81,"") -> 0 | T81: =IF(D81="","","红:"&IF(后台计算!U75=0,"无",IF(后台计算!U75=1,"雷鸣","极限"))&" 增压"&TEXT(后台计算!W75,"0")&" 弹药"&TEXT(后台计算!X75,"0")&"｜37灵光"&TEXT(后台计算!AB75,"0")&" 启迪"&TEXT(后台计算!AC75,"0")&"｜灵犀"&TEXT(后台计算!AV75,"0")&"｜J燃烧"&TEXT(后台计算!AD75,"0")&" 敌燃烧"&TEXT(后台计算!AE75,"0")) -> 红:雷鸣 增压8 弹药12｜37灵光3 启迪0｜灵犀5｜J燃烧35 敌燃烧30 | U81: =IF(D81="","",后台计算!BX75)
A82: =IF(D82="","",ROW()-8) -> 74 | B82: 4 | C82: 14 | D82: J｜高温回火 | E82: 否 | F82: 6655 | G82: 0 | J82: =IF(D82="","",后台计算!E76) -> J | K82: =IF(D82="","",后台计算!AY76) -> 3323 | L82: =IF(D82="","",后台计算!AZ76) -> 0.667 | M82: =IF(D82="","",后台计算!BA76) -> 1.997 | N82: =IF(D82="","",后台计算!BG76) -> 4.75 | O82: =IF(D82="","",后台计算!BU76) -> 6655 | P82: =IF(D82="","",后台计算!BV76) -> 7321 | Q82: =IF(D82="","",IF(E82="是",P82,IF(E82="否",O82,""))) -> 6655 | R82: =IF(COUNT(F82:H82)=0,"",SUM(F82:H82)) -> 6655 | S82: =IF(AND(ISNUMBER(Q82),ISNUMBER(R82)),Q82-R82,"") -> 0 | T82: =IF(D82="","","红:"&IF(后台计算!U76=0,"无",IF(后台计算!U76=1,"雷鸣","极限"))&" 增压"&TEXT(后台计算!W76,"0")&" 弹药"&TEXT(后台计算!X76,"0")&"｜37灵光"&TEXT(后台计算!AB76,"0")&" 启迪"&TEXT(后台计算!AC76,"0")&"｜灵犀"&TEXT(后台计算!AV76,"0")&"｜J燃烧"&TEXT(后台计算!AD76,"0")&" 敌燃烧"&TEXT(后台计算!AE76,"0")) -> 红:雷鸣 增压8 弹药12｜37灵光4 启迪0｜灵犀5｜J燃烧35 敌燃烧30 | U82: =IF(D82="","",后台计算!BX76)
A83: =IF(D83="","",ROW()-8) -> 75 | B83: 4 | C83: 15 | D83: 37｜补充算式 | E83: 否 | F83: 1121 | G83: 0 | J83: =IF(D83="","",后台计算!E77) -> 37 | K83: =IF(D83="","",后台计算!AY77) -> 3517 | L83: =IF(D83="","",后台计算!AZ77) -> 0.76 | M83: =IF(D83="","",后台计算!BA77) -> 2.478 | N83: =IF(D83="","",后台计算!BG77) -> 3 | O83: =IF(D83="","",后台计算!BU77) -> 1121 | P83: =IF(D83="","",后台计算!BV77) -> 2666 | Q83: =IF(D83="","",IF(E83="是",P83,IF(E83="否",O83,""))) -> 1121 | R83: =IF(COUNT(F83:H83)=0,"",SUM(F83:H83)) -> 1121 | S83: =IF(AND(ISNUMBER(Q83),ISNUMBER(R83)),Q83-R83,"") -> 0 | T83: =IF(D83="","","红:"&IF(后台计算!U77=0,"无",IF(后台计算!U77=1,"雷鸣","极限"))&" 增压"&TEXT(后台计算!W77,"0")&" 弹药"&TEXT(后台计算!X77,"0")&"｜37灵光"&TEXT(后台计算!AB77,"0")&" 启迪"&TEXT(后台计算!AC77,"0")&"｜灵犀"&TEXT(后台计算!AV77,"0")&"｜J燃烧"&TEXT(后台计算!AD77,"0")&" 敌燃烧"&TEXT(后台计算!AE77,"0")) -> 红:雷鸣 增压8 弹药12｜37灵光5 启迪0｜灵犀5｜J燃烧35 敌燃烧30 | U83: =IF(D83="","",后台计算!BX77)
A84: =IF(D84="","",ROW()-8) -> 76 | B84: 4 | C84: 16 | D84: J｜高温回火 | E84: 是 | F84: 7321 | G84: 0 | J84: =IF(D84="","",后台计算!E78) -> J | K84: =IF(D84="","",后台计算!AY78) -> 3323 | L84: =IF(D84="","",后台计算!AZ78) -> 0.667 | M84: =IF(D84="","",后台计算!BA78) -> 1.997 | N84: =IF(D84="","",后台计算!BG78) -> 4.75 | O84: =IF(D84="","",后台计算!BU78) -> 6655 | P84: =IF(D84="","",后台计算!BV78) -> 7321 | Q84: =IF(D84="","",IF(E84="是",P84,IF(E84="否",O84,""))) -> 7321 | R84: =IF(COUNT(F84:H84)=0,"",SUM(F84:H84)) -> 7321 | S84: =IF(AND(ISNUMBER(Q84),ISNUMBER(R84)),Q84-R84,"") -> 0 | T84: =IF(D84="","","红:"&IF(后台计算!U78=0,"无",IF(后台计算!U78=1,"雷鸣","极限"))&" 增压"&TEXT(后台计算!W78,"0")&" 弹药"&TEXT(后台计算!X78,"0")&"｜37灵光"&TEXT(后台计算!AB78,"0")&" 启迪"&TEXT(后台计算!AC78,"0")&"｜灵犀"&TEXT(后台计算!AV78,"0")&"｜J燃烧"&TEXT(后台计算!AD78,"0")&" 敌燃烧"&TEXT(后台计算!AE78,"0")) -> 红:雷鸣 增压8 弹药12｜37灵光0 启迪0｜灵犀5｜J燃烧35 敌燃烧30 | U84: =IF(D84="","",后台计算!BX78)
A85: =IF(D85="","",ROW()-8) -> 77 | B85: 5 | C85: 1 | D85: 小瑞安侬｜悄冥冥术阵 | E85: — | J85: =IF(D85="","",后台计算!E79) -> 小瑞安侬 | K85: =IF(D85="","",后台计算!AY79) -> 3798 | L85: =IF(D85="","",后台计算!AZ79) -> 0.555 | M85: =IF(D85="","",后台计算!BA79) -> 1.83 | N85: =IF(D85="","",后台计算!BG79) -> 0 | O85: =IF(D85="","",后台计算!BU79) -> 0 | P85: =IF(D85="","",后台计算!BV79) -> 0 | Q85: =IF(D85="","",IF(E85="是",P85,IF(E85="否",O85,""))) | R85: =IF(COUNT(F85:H85)=0,"",SUM(F85:H85)) | S85: =IF(AND(ISNUMBER(Q85),ISNUMBER(R85)),Q85-R85,"") | T85: =IF(D85="","","红:"&IF(后台计算!U79=0,"无",IF(后台计算!U79=1,"雷鸣","极限"))&" 增压"&TEXT(后台计算!W79,"0")&" 弹药"&TEXT(后台计算!X79,"0")&"｜37灵光"&TEXT(后台计算!AB79,"0")&" 启迪"&TEXT(后台计算!AC79,"0")&"｜灵犀"&TEXT(后台计算!AV79,"0")&"｜J燃烧"&TEXT(后台计算!AD79,"0")&" 敌燃烧"&TEXT(后台计算!AE79,"0")) -> 红:雷鸣 增压8 弹药12｜37灵光1 启迪0｜灵犀5｜J燃烧35 敌燃烧15 | U85: =IF(D85="","",后台计算!BX79)
A86: =IF(D86="","",ROW()-8) -> 78 | B86: 5 | C86: 2 | D86: 红弩箭｜试试杀手锏 | E86: 是 | F86: 646996 | G86: 0 | J86: =IF(D86="","",后台计算!E80) -> 红弩箭 | K86: =IF(D86="","",后台计算!AY80) -> 3505 | L86: =IF(D86="","",后台计算!AZ80) -> 1 | M86: =IF(D86="","",后台计算!BA80) -> 3.305 | N86: =IF(D86="","",后台计算!BG80) -> 36 | O86: =IF(D86="","",后台计算!BU80) -> 201870 | P86: =IF(D86="","",后台计算!BV80) -> 646996 | Q86: =IF(D86="","",IF(E86="是",P86,IF(E86="否",O86,""))) -> 646996 | R86: =IF(COUNT(F86:H86)=0,"",SUM(F86:H86)) -> 646996 | S86: =IF(AND(ISNUMBER(Q86),ISNUMBER(R86)),Q86-R86,"") -> 0 | T86: =IF(D86="","","红:"&IF(后台计算!U80=0,"无",IF(后台计算!U80=1,"雷鸣","极限"))&" 增压"&TEXT(后台计算!W80,"0")&" 弹药"&TEXT(后台计算!X80,"0")&"｜37灵光"&TEXT(后台计算!AB80,"0")&" 启迪"&TEXT(后台计算!AC80,"0")&"｜灵犀"&TEXT(后台计算!AV80,"0")&"｜J燃烧"&TEXT(后台计算!AD80,"0")&" 敌燃烧"&TEXT(后台计算!AE80,"0")) -> 红:雷鸣 增压8 弹药12｜37灵光2 启迪0｜灵犀5｜J燃烧35 敌燃烧15 | U86: =IF(D86="","",后台计算!BX80)
A87: =IF(D87="","",ROW()-8) -> 79 | B87: 5 | C87: 3 | D87: 37｜曲线映射Ⅰ | E87: 是 | F87: 1244 | G87: 0 | J87: =IF(D87="","",后台计算!E81) -> 37 | K87: =IF(D87="","",后台计算!AY81) -> 3517 | L87: =IF(D87="","",后台计算!AZ81) -> 0.76 | M87: =IF(D87="","",后台计算!BA81) -> 2.478 | N87: =IF(D87="","",后台计算!BG81) -> 1.4 | O87: =IF(D87="","",后台计算!BU81) -> 523 | P87: =IF(D87="","",后台计算!BV81) -> 1244 | Q87: =IF(D87="","",IF(E87="是",P87,IF(E87="否",O87,""))) -> 1244 | R87: =IF(COUNT(F87:H87)=0,"",SUM(F87:H87)) -> 1244 | S87: =IF(AND(ISNUMBER(Q87),ISNUMBER(R87)),Q87-R87,"") -> 0 | T87: =IF(D87="","","红:"&IF(后台计算!U81=0,"无",IF(后台计算!U81=1,"雷鸣","极限"))&" 增压"&TEXT(后台计算!W81,"0")&" 弹药"&TEXT(后台计算!X81,"0")&"｜37灵光"&TEXT(后台计算!AB81,"0")&" 启迪"&TEXT(后台计算!AC81,"0")&"｜灵犀"&TEXT(后台计算!AV81,"0")&"｜J燃烧"&TEXT(后台计算!AD81,"0")&" 敌燃烧"&TEXT(后台计算!AE81,"0")) -> 红:雷鸣 增压8 弹药6｜37灵光3 启迪0｜灵犀5｜J燃烧35 敌燃烧15 | U87: =IF(D87="","",后台计算!BX81)
A88: =IF(D88="","",ROW()-8) -> 80 | B88: 5 | C88: 4 | D88: 37｜三角正论Ⅰ | E88: 是 | F88: 7466 | G88: 0 | J88: =IF(D88="","",后台计算!E82) -> 37 | K88: =IF(D88="","",后台计算!AY82) -> 3517 | L88: =IF(D88="","",后台计算!AZ82) -> 0.76 | M88: =IF(D88="","",后台计算!BA82) -> 2.478 | N88: =IF(D88="","",后台计算!BG82) -> 2.8 | O88: =IF(D88="","",后台计算!BU82) -> 3139 | P88: =IF(D88="","",后台计算!BV82) -> 7466 | Q88: =IF(D88="","",IF(E88="是",P88,IF(E88="否",O88,""))) -> 7466 | R88: =IF(COUNT(F88:H88)=0,"",SUM(F88:H88)) -> 7466 | S88: =IF(AND(ISNUMBER(Q88),ISNUMBER(R88)),Q88-R88,"") -> 0 | T88: =IF(D88="","","红:"&IF(后台计算!U82=0,"无",IF(后台计算!U82=1,"雷鸣","极限"))&" 增压"&TEXT(后台计算!W82,"0")&" 弹药"&TEXT(后台计算!X82,"0")&"｜37灵光"&TEXT(后台计算!AB82,"0")&" 启迪"&TEXT(后台计算!AC82,"0")&"｜灵犀"&TEXT(后台计算!AV82,"0")&"｜J燃烧"&TEXT(后台计算!AD82,"0")&" 敌燃烧"&TEXT(后台计算!AE82,"0")) -> 红:雷鸣 增压8 弹药6｜37灵光4 启迪0｜灵犀5｜J燃烧35 敌燃烧15 | U88: =IF(D88="","",后台计算!BX82)
A89: =IF(D89="","",ROW()-8) -> 81 | B89: 5 | C89: 5 | D89: 37｜补充算式 | E89: 是 | F89: 10666 | G89: 6690 | J89: =IF(D89="","",后台计算!E83) -> 37 | K89: =IF(D89="","",后台计算!AY83) -> 3517 | L89: =IF(D89="","",后台计算!AZ83) -> 0.76 | M89: =IF(D89="","",后台计算!BA83) -> 2.478 | N89: =IF(D89="","",后台计算!BG83) -> 3 | O89: =IF(D89="","",后台计算!BU83) -> 7298 | P89: =IF(D89="","",后台计算!BV83) -> 17356 | Q89: =IF(D89="","",IF(E89="是",P89,IF(E89="否",O89,""))) -> 17356 | R89: =IF(COUNT(F89:H89)=0,"",SUM(F89:H89)) -> 17356 | S89: =IF(AND(ISNUMBER(Q89),ISNUMBER(R89)),Q89-R89,"") -> 0 | T89: =IF(D89="","","红:"&IF(后台计算!U83=0,"无",IF(后台计算!U83=1,"雷鸣","极限"))&" 增压"&TEXT(后台计算!W83,"0")&" 弹药"&TEXT(后台计算!X83,"0")&"｜37灵光"&TEXT(后台计算!AB83,"0")&" 启迪"&TEXT(后台计算!AC83,"0")&"｜灵犀"&TEXT(后台计算!AV83,"0")&"｜J燃烧"&TEXT(后台计算!AD83,"0")&" 敌燃烧"&TEXT(后台计算!AE83,"0")) -> 红:雷鸣 增压8 弹药6｜37灵光5 启迪1｜灵犀5｜J燃烧35 敌燃烧15 | U89: =IF(D89="","",后台计算!BX83)
A90: =IF(D90="","",ROW()-8) -> 82 | B90: 5 | C90: 6 | D90: 红弩箭｜眼镜蛇机动Ⅱ | E90: — | I90: 2阶，提供的弹药装填是1阶的2倍 | J90: =IF(D90="","",后台计算!E84) -> 红弩箭 | K90: =IF(D90="","",后台计算!AY84) -> 3505 | L90: =IF(D90="","",后台计算!AZ84) -> 1 | M90: =IF(D90="","",后台计算!BA84) -> 2.305 | N90: =IF(D90="","",后台计算!BG84) -> 0 | O90: =IF(D90="","",后台计算!BU84) -> 0 | P90: =IF(D90="","",后台计算!BV84) -> 0 | Q90: =IF(D90="","",IF(E90="是",P90,IF(E90="否",O90,""))) | R90: =IF(COUNT(F90:H90)=0,"",SUM(F90:H90)) | S90: =IF(AND(ISNUMBER(Q90),ISNUMBER(R90)),Q90-R90,"") | T90: =IF(D90="","","红:"&IF(后台计算!U84=0,"无",IF(后台计算!U84=1,"雷鸣","极限"))&" 增压"&TEXT(后台计算!W84,"0")&" 弹药"&TEXT(后台计算!X84,"0")&"｜37灵光"&TEXT(后台计算!AB84,"0")&" 启迪"&TEXT(后台计算!AC84,"0")&"｜灵犀"&TEXT(后台计算!AV84,"0")&"｜J燃烧"&TEXT(后台计算!AD84,"0")&" 敌燃烧"&TEXT(后台计算!AE84,"0")) -> 红:雷鸣 增压8 弹药6｜37灵光0 启迪0｜灵犀5｜J燃烧35 敌燃烧15 | U90: =IF(D90="","",后台计算!BX84)
A91: =IF(D91="","",ROW()-8) -> 83 | B91: 5 | C91: 7 | D91: 红弩箭｜极限俯冲Ⅰ | E91: 是 | F91: 77137 | G91: 0 | J91: =IF(D91="","",后台计算!E85) -> 红弩箭 | K91: =IF(D91="","",后台计算!AY85) -> 3505 | L91: =IF(D91="","",后台计算!AZ85) -> 1 | M91: =IF(D91="","",后台计算!BA85) -> 2.305 | N91: =IF(D91="","",后台计算!BG85) -> 9 | O91: =IF(D91="","",后台计算!BU85) -> 34982 | P91: =IF(D91="","",后台计算!BV85) -> 77137 | Q91: =IF(D91="","",IF(E91="是",P91,IF(E91="否",O91,""))) -> 77137 | R91: =IF(COUNT(F91:H91)=0,"",SUM(F91:H91)) -> 77137 | S91: =IF(AND(ISNUMBER(Q91),ISNUMBER(R91)),Q91-R91,"") -> 0 | T91: =IF(D91="","","红:"&IF(后台计算!U85=0,"无",IF(后台计算!U85=1,"雷鸣","极限"))&" 增压"&TEXT(后台计算!W85,"0")&" 弹药"&TEXT(后台计算!X85,"0")&"｜37灵光"&TEXT(后台计算!AB85,"0")&" 启迪"&TEXT(后台计算!AC85,"0")&"｜灵犀"&TEXT(后台计算!AV85,"0")&"｜J燃烧"&TEXT(后台计算!AD85,"0")&" 敌燃烧"&TEXT(后台计算!AE85,"0")) -> 红:雷鸣 增压8 弹药8｜37灵光1 启迪0｜灵犀5｜J燃烧35 敌燃烧15 | U91: =IF(D91="","",后台计算!BX85)
A92: =IF(D92="","",ROW()-8) -> 84 | B92: 5 | C92: 8 | D92: 系统｜Boss仪式·保守主义 | E92: — | I92: 对我方全体施加“保守主义”：额外行动时，暴击降低50%，暴击创伤降低70%，持续2回合 | J92: =IF(D92="","",后台计算!E86) -> 系统 | K92: =IF(D92="","",后台计算!AY86) -> 0 | L92: =IF(D92="","",后台计算!AZ86) -> 0 | M92: =IF(D92="","",后台计算!BA86) -> 0.28 | N92: =IF(D92="","",后台计算!BG86) -> 0 | O92: =IF(D92="","",后台计算!BU86) -> 0 | P92: =IF(D92="","",后台计算!BV86) -> 0 | Q92: =IF(D92="","",IF(E92="是",P92,IF(E92="否",O92,""))) | R92: =IF(COUNT(F92:H92)=0,"",SUM(F92:H92)) | S92: =IF(AND(ISNUMBER(Q92),ISNUMBER(R92)),Q92-R92,"") | T92: =IF(D92="","","红:"&IF(后台计算!U86=0,"无",IF(后台计算!U86=1,"雷鸣","极限"))&" 增压"&TEXT(后台计算!W86,"0")&" 弹药"&TEXT(后台计算!X86,"0")&"｜37灵光"&TEXT(后台计算!AB86,"0")&" 启迪"&TEXT(后台计算!AC86,"0")&"｜灵犀"&TEXT(后台计算!AV86,"0")&"｜J燃烧"&TEXT(后台计算!AD86,"0")&" 敌燃烧"&TEXT(后台计算!AE86,"0")) -> 红:雷鸣 增压10 弹药8｜37灵光2 启迪0｜灵犀5｜J燃烧35 敌燃烧15 | U92: =IF(D92="","",后台计算!BX86)
A93: =IF(D93="","",ROW()-8) -> 85 | B93: 5 | C93: 9 | D93: J｜高温回火 | E93: 否 | F93: 3902 | G93: 0 | J93: =IF(D93="","",后台计算!E87) -> J | K93: =IF(D93="","",后台计算!AY87) -> 3323 | L93: =IF(D93="","",后台计算!AZ87) -> 0.167 | M93: =IF(D93="","",后台计算!BA87) -> 1.297 | N93: =IF(D93="","",后台计算!BG87) -> 4.75 | O93: =IF(D93="","",后台计算!BU87) -> 3902 | P93: =IF(D93="","",后台计算!BV87) -> 4292 | Q93: =IF(D93="","",IF(E93="是",P93,IF(E93="否",O93,""))) -> 3902 | R93: =IF(COUNT(F93:H93)=0,"",SUM(F93:H93)) -> 3902 | S93: =IF(AND(ISNUMBER(Q93),ISNUMBER(R93)),Q93-R93,"") -> 0 | T93: =IF(D93="","","红:"&IF(后台计算!U87=0,"无",IF(后台计算!U87=1,"雷鸣","极限"))&" 增压"&TEXT(后台计算!W87,"0")&" 弹药"&TEXT(后台计算!X87,"0")&"｜37灵光"&TEXT(后台计算!AB87,"0")&" 启迪"&TEXT(后台计算!AC87,"0")&"｜灵犀"&TEXT(后台计算!AV87,"0")&"｜J燃烧"&TEXT(后台计算!AD87,"0")&" 敌燃烧"&TEXT(后台计算!AE87,"0")) -> 红:雷鸣 增压10 弹药8｜37灵光2 启迪0｜灵犀5｜J燃烧35 敌燃烧15 | U93: =IF(D93="","",后台计算!BX87)
A94: =IF(D94="","",ROW()-8) -> 86 | B94: 5 | C94: 10 | D94: J｜高温回火 | E94: 否 | F94: 5203 | G94: 0 | J94: =IF(D94="","",后台计算!E88) -> J | K94: =IF(D94="","",后台计算!AY88) -> 3323 | L94: =IF(D94="","",后台计算!AZ88) -> 0.167 | M94: =IF(D94="","",后台计算!BA88) -> 1.297 | N94: =IF(D94="","",后台计算!BG88) -> 4.75 | O94: =IF(D94="","",后台计算!BU88) -> 5203 | P94: =IF(D94="","",后台计算!BV88) -> 5723 | Q94: =IF(D94="","",IF(E94="是",P94,IF(E94="否",O94,""))) -> 5203 | R94: =IF(COUNT(F94:H94)=0,"",SUM(F94:H94)) -> 5203 | S94: =IF(AND(ISNUMBER(Q94),ISNUMBER(R94)),Q94-R94,"") -> 0 | T94: =IF(D94="","","红:"&IF(后台计算!U88=0,"无",IF(后台计算!U88=1,"雷鸣","极限"))&" 增压"&TEXT(后台计算!W88,"0")&" 弹药"&TEXT(后台计算!X88,"0")&"｜37灵光"&TEXT(后台计算!AB88,"0")&" 启迪"&TEXT(后台计算!AC88,"0")&"｜灵犀"&TEXT(后台计算!AV88,"0")&"｜J燃烧"&TEXT(后台计算!AD88,"0")&" 敌燃烧"&TEXT(后台计算!AE88,"0")) -> 红:雷鸣 增压10 弹药8｜37灵光3 启迪0｜灵犀5｜J燃烧35 敌燃烧17 | U94: =IF(D94="","",后台计算!BX88)
A95: =IF(D95="","",ROW()-8) -> 87 | B95: 5 | C95: 11 | D95: J｜高温回火 | E95: 否 | F95: 6504 | G95: 0 | J95: =IF(D95="","",后台计算!E89) -> J | K95: =IF(D95="","",后台计算!AY89) -> 3323 | L95: =IF(D95="","",后台计算!AZ89) -> 0.167 | M95: =IF(D95="","",后台计算!BA89) -> 1.297 | N95: =IF(D95="","",后台计算!BG89) -> 4.75 | O95: =IF(D95="","",后台计算!BU89) -> 6504 | P95: =IF(D95="","",后台计算!BV89) -> 7154 | Q95: =IF(D95="","",IF(E95="是",P95,IF(E95="否",O95,""))) -> 6504 | R95: =IF(COUNT(F95:H95)=0,"",SUM(F95:H95)) -> 6504 | S95: =IF(AND(ISNUMBER(Q95),ISNUMBER(R95)),Q95-R95,"") -> 0 | T95: =IF(D95="","","红:"&IF(后台计算!U89=0,"无",IF(后台计算!U89=1,"雷鸣","极限"))&" 增压"&TEXT(后台计算!W89,"0")&" 弹药"&TEXT(后台计算!X89,"0")&"｜37灵光"&TEXT(后台计算!AB89,"0")&" 启迪"&TEXT(后台计算!AC89,"0")&"｜灵犀"&TEXT(后台计算!AV89,"0")&"｜J燃烧"&TEXT(后台计算!AD89,"0")&" 敌燃烧"&TEXT(后台计算!AE89,"0")) -> 红:雷鸣 增压10 弹药8｜37灵光4 启迪0｜灵犀5｜J燃烧35 敌燃烧19 | U95: =IF(D95="","",后台计算!BX89)
A96: =IF(D96="","",ROW()-8) -> 88 | B96: 5 | C96: 12 | D96: 37｜补充算式 | E96: 否 | F96: 1087 | G96: 0 | J96: =IF(D96="","",后台计算!E90) -> 37 | K96: =IF(D96="","",后台计算!AY90) -> 3517 | L96: =IF(D96="","",后台计算!AZ90) -> 0.26 | M96: =IF(D96="","",后台计算!BA90) -> 1.778 | N96: =IF(D96="","",后台计算!BG90) -> 3 | O96: =IF(D96="","",后台计算!BU90) -> 1087 | P96: =IF(D96="","",后台计算!BV90) -> 1824 | Q96: =IF(D96="","",IF(E96="是",P96,IF(E96="否",O96,""))) -> 1087 | R96: =IF(COUNT(F96:H96)=0,"",SUM(F96:H96)) -> 1087 | S96: =IF(AND(ISNUMBER(Q96),ISNUMBER(R96)),Q96-R96,"") -> 0 | T96: =IF(D96="","","红:"&IF(后台计算!U90=0,"无",IF(后台计算!U90=1,"雷鸣","极限"))&" 增压"&TEXT(后台计算!W90,"0")&" 弹药"&TEXT(后台计算!X90,"0")&"｜37灵光"&TEXT(后台计算!AB90,"0")&" 启迪"&TEXT(后台计算!AC90,"0")&"｜灵犀"&TEXT(后台计算!AV90,"0")&"｜J燃烧"&TEXT(后台计算!AD90,"0")&" 敌燃烧"&TEXT(后台计算!AE90,"0")) -> 红:雷鸣 增压10 弹药8｜37灵光5 启迪0｜灵犀5｜J燃烧35 敌燃烧21 | U96: =IF(D96="","",后台计算!BX90)
A97: =IF(D97="","",ROW()-8) -> 89 | B97: 5 | C97: 13 | D97: J｜高温回火 | E97: 否 | F97: 6504 | G97: 0 | J97: =IF(D97="","",后台计算!E91) -> J | K97: =IF(D97="","",后台计算!AY91) -> 3323 | L97: =IF(D97="","",后台计算!AZ91) -> 0.167 | M97: =IF(D97="","",后台计算!BA91) -> 1.297 | N97: =IF(D97="","",后台计算!BG91) -> 4.75 | O97: =IF(D97="","",后台计算!BU91) -> 6504 | P97: =IF(D97="","",后台计算!BV91) -> 7154 | Q97: =IF(D97="","",IF(E97="是",P97,IF(E97="否",O97,""))) -> 6504 | R97: =IF(COUNT(F97:H97)=0,"",SUM(F97:H97)) -> 6504 | S97: =IF(AND(ISNUMBER(Q97),ISNUMBER(R97)),Q97-R97,"") -> 0 | T97: =IF(D97="","","红:"&IF(后台计算!U91=0,"无",IF(后台计算!U91=1,"雷鸣","极限"))&" 增压"&TEXT(后台计算!W91,"0")&" 弹药"&TEXT(后台计算!X91,"0")&"｜37灵光"&TEXT(后台计算!AB91,"0")&" 启迪"&TEXT(后台计算!AC91,"0")&"｜灵犀"&TEXT(后台计算!AV91,"0")&"｜J燃烧"&TEXT(后台计算!AD91,"0")&" 敌燃烧"&TEXT(后台计算!AE91,"0")) -> 红:雷鸣 增压10 弹药8｜37灵光0 启迪0｜灵犀5｜J燃烧35 敌燃烧21 | U97: =IF(D97="","",后台计算!BX91)
A98: =IF(D98="","",ROW()-8) -> 90 | B98: 6 | C98: 1 | D98: 小瑞安侬｜唱予无忧之诗 | E98: — | J98: =IF(D98="","",后台计算!E92) -> 小瑞安侬 | K98: =IF(D98="","",后台计算!AY92) -> 3298 | L98: =IF(D98="","",后台计算!AZ92) -> 0.555 | M98: =IF(D98="","",后台计算!BA92) -> 1.83 | N98: =IF(D98="","",后台计算!BG92) -> 0 | O98: =IF(D98="","",后台计算!BU92) -> 0 | P98: =IF(D98="","",后台计算!BV92) -> 0 | Q98: =IF(D98="","",IF(E98="是",P98,IF(E98="否",O98,""))) | R98: =IF(COUNT(F98:H98)=0,"",SUM(F98:H98)) | S98: =IF(AND(ISNUMBER(Q98),ISNUMBER(R98)),Q98-R98,"") | T98: =IF(D98="","","红:"&IF(后台计算!U92=0,"无",IF(后台计算!U92=1,"雷鸣","极限"))&" 增压"&TEXT(后台计算!W92,"0")&" 弹药"&TEXT(后台计算!X92,"0")&"｜37灵光"&TEXT(后台计算!AB92,"0")&" 启迪"&TEXT(后台计算!AC92,"0")&"｜灵犀"&TEXT(后台计算!AV92,"0")&"｜J燃烧"&TEXT(后台计算!AD92,"0")&" 敌燃烧"&TEXT(后台计算!AE92,"0")) -> 红:极限 增压10 弹药8｜37灵光1 启迪0｜灵犀5｜J燃烧35 敌燃烧11 | U98: =IF(D98="","",后台计算!BX92)
A99: =IF(D99="","",ROW()-8) -> 91 | B99: 6 | C99: 2 | D99: 小瑞安侬｜悄冥冥术阵 | E99: — | J99: =IF(D99="","",后台计算!E93) -> 小瑞安侬 | K99: =IF(D99="","",后台计算!AY93) -> 3298 | L99: =IF(D99="","",后台计算!AZ93) -> 0.555 | M99: =IF(D99="","",后台计算!BA93) -> 1.83 | N99: =IF(D99="","",后台计算!BG93) -> 0 | O99: =IF(D99="","",后台计算!BU93) -> 0 | P99: =IF(D99="","",后台计算!BV93) -> 0 | Q99: =IF(D99="","",IF(E99="是",P99,IF(E99="否",O99,""))) | R99: =IF(COUNT(F99:H99)=0,"",SUM(F99:H99)) | S99: =IF(AND(ISNUMBER(Q99),ISNUMBER(R99)),Q99-R99,"") | T99: =IF(D99="","","红:"&IF(后台计算!U93=0,"无",IF(后台计算!U93=1,"雷鸣","极限"))&" 增压"&TEXT(后台计算!W93,"0")&" 弹药"&TEXT(后台计算!X93,"0")&"｜37灵光"&TEXT(后台计算!AB93,"0")&" 启迪"&TEXT(后台计算!AC93,"0")&"｜灵犀"&TEXT(后台计算!AV93,"0")&"｜J燃烧"&TEXT(后台计算!AD93,"0")&" 敌燃烧"&TEXT(后台计算!AE93,"0")) -> 红:极限 增压10 弹药8｜37灵光2 启迪0｜灵犀5｜J燃烧35 敌燃烧11 | U99: =IF(D99="","",后台计算!BX93)
A100: =IF(D100="","",ROW()-8) -> 92 | B100: 6 | C100: 3 | D100: J｜飞跃海特街 | E100: 否 | F100: 54067 | G100: 0 | J100: =IF(D100="","",后台计算!E94) -> J | K100: =IF(D100="","",后台计算!AY94) -> 2823 | L100: =IF(D100="","",后台计算!AZ94) -> 0.667 | M100: =IF(D100="","",后台计算!BA94) -> 1.997 | N100: =IF(D100="","",后台计算!BG94) -> 23 | O100: =IF(D100="","",后台计算!BU94) -> 54067 | P100: =IF(D100="","",后台计算!BV94) -> 102565 | Q100: =IF(D100="","",IF(E100="是",P100,IF(E100="否",O100,""))) -> 54067 | R100: =IF(COUNT(F100:H100)=0,"",SUM(F100:H100)) -> 54067 | S100: =IF(AND(ISNUMBER(Q100),ISNUMBER(R100)),Q100-R100,"") -> 0 | T100: =IF(D100="","","红:"&IF(后台计算!U94=0,"无",IF(后台计算!U94=1,"雷鸣","极限"))&" 增压"&TEXT(后台计算!W94,"0")&" 弹药"&TEXT(后台计算!X94,"0")&"｜37灵光"&TEXT(后台计算!AB94,"0")&" 启迪"&TEXT(后台计算!AC94,"0")&"｜灵犀"&TEXT(后台计算!AV94,"0")&"｜J燃烧"&TEXT(后台计算!AD94,"0")&" 敌燃烧"&TEXT(后台计算!AE94,"0")) -> 红:极限 增压10 弹药8｜37灵光3 启迪0｜灵犀5｜J燃烧35 敌燃烧11 | U100: =IF(D100="","",后台计算!BX94)
A101: =IF(D101="","",ROW()-8) -> 93 | B101: 6 | C101: 4 | D101: J｜热处理 | E101: — | J101: =IF(D101="","",后台计算!E95) -> J | K101: =IF(D101="","",后台计算!AY95) -> 2823 | L101: =IF(D101="","",后台计算!AZ95) -> 0.667 | M101: =IF(D101="","",后台计算!BA95) -> 1.997 | N101: =IF(D101="","",后台计算!BG95) -> 0 | O101: =IF(D101="","",后台计算!BU95) -> 0 | P101: =IF(D101="","",后台计算!BV95) -> 0 | Q101: =IF(D101="","",IF(E101="是",P101,IF(E101="否",O101,""))) | R101: =IF(COUNT(F101:H101)=0,"",SUM(F101:H101)) | S101: =IF(AND(ISNUMBER(Q101),ISNUMBER(R101)),Q101-R101,"") | T101: =IF(D101="","","红:"&IF(后台计算!U95=0,"无",IF(后台计算!U95=1,"雷鸣","极限"))&" 增压"&TEXT(后台计算!W95,"0")&" 弹药"&TEXT(后台计算!X95,"0")&"｜37灵光"&TEXT(后台计算!AB95,"0")&" 启迪"&TEXT(后台计算!AC95,"0")&"｜灵犀"&TEXT(后台计算!AV95,"0")&"｜J燃烧"&TEXT(后台计算!AD95,"0")&" 敌燃烧"&TEXT(后台计算!AE95,"0")) -> 红:极限 增压10 弹药8｜37灵光4 启迪0｜灵犀5｜J燃烧35 敌燃烧30 | U101: =IF(D101="","",后台计算!BX95)
A102: =IF(D102="","",ROW()-8) -> 94 | B102: 6 | C102: 5 | D102: 37｜补充算式 | E102: 否 | F102: 1742 | G102: 0 | J102: =IF(D102="","",后台计算!E96) -> 37 | K102: =IF(D102="","",后台计算!AY96) -> 3017 | L102: =IF(D102="","",后台计算!AZ96) -> 0.26 | M102: =IF(D102="","",后台计算!BA96) -> 1.778 | N102: =IF(D102="","",后台计算!BG96) -> 3 | O102: =IF(D102="","",后台计算!BU96) -> 1742 | P102: =IF(D102="","",后台计算!BV96) -> 2924 | Q102: =IF(D102="","",IF(E102="是",P102,IF(E102="否",O102,""))) -> 1742 | R102: =IF(COUNT(F102:H102)=0,"",SUM(F102:H102)) -> 1742 | S102: =IF(AND(ISNUMBER(Q102),ISNUMBER(R102)),Q102-R102,"") -> 0 | T102: =IF(D102="","","红:"&IF(后台计算!U96=0,"无",IF(后台计算!U96=1,"雷鸣","极限"))&" 增压"&TEXT(后台计算!W96,"0")&" 弹药"&TEXT(后台计算!X96,"0")&"｜37灵光"&TEXT(后台计算!AB96,"0")&" 启迪"&TEXT(后台计算!AC96,"0")&"｜灵犀"&TEXT(后台计算!AV96,"0")&"｜J燃烧"&TEXT(后台计算!AD96,"0")&" 敌燃烧"&TEXT(后台计算!AE96,"0")) -> 红:极限 增压10 弹药8｜37灵光5 启迪0｜灵犀5｜J燃烧35 敌燃烧30 | U102: =IF(D102="","",后台计算!BX96)
A103: =IF(D103="","",ROW()-8) -> 95 | B103: 6 | C103: 6 | D103: 37｜三角正论Ⅱ | E103: 是 | F103: 8702 | G103: 0 | J103: =IF(D103="","",后台计算!E97) -> 37 | K103: =IF(D103="","",后台计算!AY97) -> 3017 | L103: =IF(D103="","",后台计算!AZ97) -> 0.76 | M103: =IF(D103="","",后台计算!BA97) -> 2.478 | N103: =IF(D103="","",后台计算!BG97) -> 4.2 | O103: =IF(D103="","",后台计算!BU97) -> 3659 | P103: =IF(D103="","",后台计算!BV97) -> 8702 | Q103: =IF(D103="","",IF(E103="是",P103,IF(E103="否",O103,""))) -> 8702 | R103: =IF(COUNT(F103:H103)=0,"",SUM(F103:H103)) -> 8702 | S103: =IF(AND(ISNUMBER(Q103),ISNUMBER(R103)),Q103-R103,"") -> 0 | T103: =IF(D103="","","红:"&IF(后台计算!U97=0,"无",IF(后台计算!U97=1,"雷鸣","极限"))&" 增压"&TEXT(后台计算!W97,"0")&" 弹药"&TEXT(后台计算!X97,"0")&"｜37灵光"&TEXT(后台计算!AB97,"0")&" 启迪"&TEXT(后台计算!AC97,"0")&"｜灵犀"&TEXT(后台计算!AV97,"0")&"｜J燃烧"&TEXT(后台计算!AD97,"0")&" 敌燃烧"&TEXT(后台计算!AE97,"0")) -> 红:极限 增压10 弹药8｜37灵光0 启迪0｜灵犀5｜J燃烧35 敌燃烧30 | U103: =IF(D103="","",后台计算!BX97)
A104: =IF(D104="","",ROW()-8) -> 96 | B104: 6 | C104: 7 | D104: 红弩箭｜极限俯冲Ⅲ | E104: 是 | F104: 615024 | G104: 0 | J104: =IF(D104="","",后台计算!E98) -> 红弩箭 | K104: =IF(D104="","",后台计算!AY98) -> 3005 | L104: =IF(D104="","",后台计算!AZ98) -> 1 | M104: =IF(D104="","",后台计算!BA98) -> 2.305 | N104: =IF(D104="","",后台计算!BG98) -> 45 | O104: =IF(D104="","",后台计算!BU98) -> 278922 | P104: =IF(D104="","",后台计算!BV98) -> 615024 | Q104: =IF(D104="","",IF(E104="是",P104,IF(E104="否",O104,""))) -> 615024 | R104: =IF(COUNT(F104:H104)=0,"",SUM(F104:H104)) -> 615024 | S104: =IF(AND(ISNUMBER(Q104),ISNUMBER(R104)),Q104-R104,"") -> 0 | T104: =IF(D104="","","红:"&IF(后台计算!U98=0,"无",IF(后台计算!U98=1,"雷鸣","极限"))&" 增压"&TEXT(后台计算!W98,"0")&" 弹药"&TEXT(后台计算!X98,"0")&"｜37灵光"&TEXT(后台计算!AB98,"0")&" 启迪"&TEXT(后台计算!AC98,"0")&"｜灵犀"&TEXT(后台计算!AV98,"0")&"｜J燃烧"&TEXT(后台计算!AD98,"0")&" 敌燃烧"&TEXT(后台计算!AE98,"0")) -> 红:极限 增压10 弹药8｜37灵光1 启迪1｜灵犀5｜J燃烧35 敌燃烧30 | U104: =IF(D104="","",后台计算!BX98)
A105: =IF(D105="","",ROW()-8) -> 97 | B105: 6 | C105: 8 | D105: J｜硬度测试Ⅱ | E105: 否 | F105: 5087 | G105: 0 | J105: =IF(D105="","",后台计算!E99) -> J | K105: =IF(D105="","",后台计算!AY99) -> 2823 | L105: =IF(D105="","",后台计算!AZ99) -> 0.667 | M105: =IF(D105="","",后台计算!BA99) -> 1.997 | N105: =IF(D105="","",后台计算!BG99) -> 5.4 | O105: =IF(D105="","",后台计算!BU99) -> 5087 | P105: =IF(D105="","",后台计算!BV99) -> 9651 | Q105: =IF(D105="","",IF(E105="是",P105,IF(E105="否",O105,""))) -> 5087 | R105: =IF(COUNT(F105:H105)=0,"",SUM(F105:H105)) -> 5087 | S105: =IF(AND(ISNUMBER(Q105),ISNUMBER(R105)),Q105-R105,"") -> 0 | T105: =IF(D105="","","红:"&IF(后台计算!U99=0,"无",IF(后台计算!U99=1,"雷鸣","极限"))&" 增压"&TEXT(后台计算!W99,"0")&" 弹药"&TEXT(后台计算!X99,"0")&"｜37灵光"&TEXT(后台计算!AB99,"0")&" 启迪"&TEXT(后台计算!AC99,"0")&"｜灵犀"&TEXT(后台计算!AV99,"0")&"｜J燃烧"&TEXT(后台计算!AD99,"0")&" 敌燃烧"&TEXT(后台计算!AE99,"0")) -> 红:极限 增压10 弹药8｜37灵光2 启迪1｜灵犀5｜J燃烧35 敌燃烧30 | U105: =IF(D105="","",后台计算!BX99)
...

Sheet 验证表
A1: 实测验证｜49个事件逐项比较
A3: 指标 | B3: 数值 | C3: 说明
A4: 已有实测数据行动数 | B4: =COUNT(H9:H88) -> 64 | C4: 填写实测伤害后自动统计
A5: 总绝对误差率 | B5: =IF(SUM(H9:H88)=0,"",SUM(K9:K88)/SUM(H9:H88)) -> 0 | C5: SUM(|实测-预测|)/SUM(实测)
A6: 按每个实测暴击判定比较预测，分列主伤害与本源/附加。Boss基础参数已确认；未解释的技能和行动类别差异见“核对说明”。
A8: 事件 | B8: 回合 | C8: 位 | D8: 技能 | E8: 预测不暴击 | F8: 预测暴击 | G8: 是否暴击 | H8: 实测伤害 | I8: 对应预测 | J8: 误差 | K8: 绝对误差 | L8: 误差率 | M8: 备注 | N8: 实测主伤害 | O8: 实测本源/附加 | P8: 预测主伤害 | Q8: 预测本源/附加 | R8: 主伤害差 | S8: 本源/附加差 | T8: 附加关系 | U8: Boss攻击前损失段 | V8: 本源减伤 | W8: 最终免伤 | X8: 生命状态来源 | Y8: 实测超合计上限
A9: =行动模拟!A9 -> 1 | B9: =行动模拟!B9 -> 1 | C9: =行动模拟!C9 -> 1 | D9: =行动模拟!D9 -> 小瑞安侬｜悄冥冥术阵 | E9: =行动模拟!O9 -> 0 | F9: =行动模拟!P9 -> 0 | G9: =IF(行动模拟!D9="","",行动模拟!E9) -> — | H9: =IF(COUNT(行动模拟!F9:H9)=0,"",SUM(行动模拟!F9:H9)) | I9: =IF(H9="","",IF(G9="是",F9,IF(G9="否",E9,""))) | J9: =IF(OR(H9="",I9=""),"",H9-I9) | K9: =IF(J9="","",ABS(J9)) | L9: =IF(OR(H9="",I9=""),"",IF(H9=0,IF(I9=0,0,"实测为0"),ABS(J9)/H9)) | M9: =IF(H9="","",IF(AND(G9<>"是",G9<>"否"),"缺少暴击判定",IF(L9>0.03,"存在差异：请看核对说明并核对行动状态","数值差异≤3%；机制仍需核实"))) | N9: =IF(ISNUMBER(行动模拟!F9),行动模拟!F9,"") | O9: =IF(COUNT(行动模拟!G9:H9)=0,"",SUM(行动模拟!G9:H9)) | P9: =IF(H9="","",IF(G9="是",后台计算!DX3,IF(G9="否",后台计算!DW3,""))) | Q9: =IF(H9="","",IF(G9="是",后台计算!BV3-后台计算!DX3,IF(G9="否",后台计算!BU3-后台计算!DW3,""))) | R9: =IF(OR(N9="",P9=""),"",N9-P9) | S9: =IF(OR(O9="",Q9=""),"",O9-Q9) | T9: =IF(AND(后台计算!DH3="洞穿",O9>0),IF(O9=ROUNDDOWN(N9*0.4,0),"实测附加=floor(主伤害×40%)；稳态来源待确认","实测附加关系需核对"),"") | U9: =IF(D9="","",后台计算!EQ3) -> 0 | V9: =IF(D9="","",后台计算!ER3) -> 0 | W9: =IF(D9="","",后台计算!ES3) -> 0 | X9: =IF(D9="","",IF(Boss参数!$B$60=1,"此前实测；缺失用预测","此前预测")) -> 此前实测；缺失用预测 | Y9: =IF(H9="","",IF(H9>Boss参数!$B$63*Boss参数!$B$62,"超过暂定合计上限",""))
A10: =行动模拟!A10 -> 2 | B10: =行动模拟!B10 -> 1 | C10: =行动模拟!C10 -> 2 | D10: =行动模拟!D10 -> J｜热处理 | E10: =行动模拟!O10 -> 0 | F10: =行动模拟!P10 -> 0 | G10: =IF(行动模拟!D10="","",行动模拟!E10) -> — | H10: =IF(COUNT(行动模拟!F10:H10)=0,"",SUM(行动模拟!F10:H10)) | I10: =IF(H10="","",IF(G10="是",F10,IF(G10="否",E10,""))) | J10: =IF(OR(H10="",I10=""),"",H10-I10) | K10: =IF(J10="","",ABS(J10)) | L10: =IF(OR(H10="",I10=""),"",IF(H10=0,IF(I10=0,0,"实测为0"),ABS(J10)/H10)) | M10: =IF(H10="","",IF(AND(G10<>"是",G10<>"否"),"缺少暴击判定",IF(L10>0.03,"存在差异：请看核对说明并核对行动状态","数值差异≤3%；机制仍需核实"))) | N10: =IF(ISNUMBER(行动模拟!F10),行动模拟!F10,"") | O10: =IF(COUNT(行动模拟!G10:H10)=0,"",SUM(行动模拟!G10:H10)) | P10: =IF(H10="","",IF(G10="是",后台计算!DX4,IF(G10="否",后台计算!DW4,""))) | Q10: =IF(H10="","",IF(G10="是",后台计算!BV4-后台计算!DX4,IF(G10="否",后台计算!BU4-后台计算!DW4,""))) | R10: =IF(OR(N10="",P10=""),"",N10-P10) | S10: =IF(OR(O10="",Q10=""),"",O10-Q10) | T10: =IF(AND(后台计算!DH4="洞穿",O10>0),IF(O10=ROUNDDOWN(N10*0.4,0),"实测附加=floor(主伤害×40%)；稳态来源待确认","实测附加关系需核对"),"") | U10: =IF(D10="","",后台计算!EQ4) -> 0 | V10: =IF(D10="","",后台计算!ER4) -> 0 | W10: =IF(D10="","",后台计算!ES4) -> 0 | X10: =IF(D10="","",IF(Boss参数!$B$60=1,"此前实测；缺失用预测","此前预测")) -> 此前实测；缺失用预测 | Y10: =IF(H10="","",IF(H10>Boss参数!$B$63*Boss参数!$B$62,"超过暂定合计上限",""))
A11: =行动模拟!A11 -> 3 | B11: =行动模拟!B11 -> 1 | C11: =行动模拟!C11 -> 3 | D11: =行动模拟!D11 -> 红弩箭｜眼镜蛇机动 | E11: =行动模拟!O11 -> 0 | F11: =行动模拟!P11 -> 0 | G11: =IF(行动模拟!D11="","",行动模拟!E11) -> — | H11: =IF(COUNT(行动模拟!F11:H11)=0,"",SUM(行动模拟!F11:H11)) | I11: =IF(H11="","",IF(G11="是",F11,IF(G11="否",E11,""))) | J11: =IF(OR(H11="",I11=""),"",H11-I11) | K11: =IF(J11="","",ABS(J11)) | L11: =IF(OR(H11="",I11=""),"",IF(H11=0,IF(I11=0,0,"实测为0"),ABS(J11)/H11)) | M11: =IF(H11="","",IF(AND(G11<>"是",G11<>"否"),"缺少暴击判定",IF(L11>0.03,"存在差异：请看核对说明并核对行动状态","数值差异≤3%；机制仍需核实"))) | N11: =IF(ISNUMBER(行动模拟!F11),行动模拟!F11,"") | O11: =IF(COUNT(行动模拟!G11:H11)=0,"",SUM(行动模拟!G11:H11)) | P11: =IF(H11="","",IF(G11="是",后台计算!DX5,IF(G11="否",后台计算!DW5,""))) | Q11: =IF(H11="","",IF(G11="是",后台计算!BV5-后台计算!DX5,IF(G11="否",后台计算!BU5-后台计算!DW5,""))) | R11: =IF(OR(N11="",P11=""),"",N11-P11) | S11: =IF(OR(O11="",Q11=""),"",O11-Q11) | T11: =IF(AND(后台计算!DH5="洞穿",O11>0),IF(O11=ROUNDDOWN(N11*0.4,0),"实测附加=floor(主伤害×40%)；稳态来源待确认","实测附加关系需核对"),"") | U11: =IF(D11="","",后台计算!EQ5) -> 0 | V11: =IF(D11="","",后台计算!ER5) -> 0 | W11: =IF(D11="","",后台计算!ES5) -> 0 | X11: =IF(D11="","",IF(Boss参数!$B$60=1,"此前实测；缺失用预测","此前预测")) -> 此前实测；缺失用预测 | Y11: =IF(H11="","",IF(H11>Boss参数!$B$63*Boss参数!$B$62,"超过暂定合计上限",""))
A12: =行动模拟!A12 -> 4 | B12: =行动模拟!B12 -> 1 | C12: =行动模拟!C12 -> 4 | D12: =行动模拟!D12 -> 红弩箭｜极限俯冲Ⅰ | E12: =行动模拟!O12 -> 45071 | F12: =行动模拟!P12 -> 73241 | G12: =IF(行动模拟!D12="","",行动模拟!E12) -> 是 | H12: =IF(COUNT(行动模拟!F12:H12)=0,"",SUM(行动模拟!F12:H12)) -> 73241 | I12: =IF(H12="","",IF(G12="是",F12,IF(G12="否",E12,""))) -> 73241 | J12: =IF(OR(H12="",I12=""),"",H12-I12) -> 0 | K12: =IF(J12="","",ABS(J12)) -> 0 | L12: =IF(OR(H12="",I12=""),"",IF(H12=0,IF(I12=0,0,"实测为0"),ABS(J12)/H12)) -> 0 | M12: =IF(H12="","",IF(AND(G12<>"是",G12<>"否"),"缺少暴击判定",IF(L12>0.03,"存在差异：请看核对说明并核对行动状态","数值差异≤3%；机制仍需核实"))) -> 数值差异≤3%；机制仍需核实 | N12: =IF(ISNUMBER(行动模拟!F12),行动模拟!F12,"") -> 73241 | O12: =IF(COUNT(行动模拟!G12:H12)=0,"",SUM(行动模拟!G12:H12)) -> 0 | P12: =IF(H12="","",IF(G12="是",后台计算!DX6,IF(G12="否",后台计算!DW6,""))) -> 73241 | Q12: =IF(H12="","",IF(G12="是",后台计算!BV6-后台计算!DX6,IF(G12="否",后台计算!BU6-后台计算!DW6,""))) -> 0 | R12: =IF(OR(N12="",P12=""),"",N12-P12) -> 0 | S12: =IF(OR(O12="",Q12=""),"",O12-Q12) -> 0 | T12: =IF(AND(后台计算!DH6="洞穿",O12>0),IF(O12=ROUNDDOWN(N12*0.4,0),"实测附加=floor(主伤害×40%)；稳态来源待确认","实测附加关系需核对"),"") | U12: =IF(D12="","",后台计算!EQ6) -> 0 | V12: =IF(D12="","",后台计算!ER6) -> 0 | W12: =IF(D12="","",后台计算!ES6) -> 0 | X12: =IF(D12="","",IF(Boss参数!$B$60=1,"此前实测；缺失用预测","此前预测")) -> 此前实测；缺失用预测 | Y12: =IF(H12="","",IF(H12>Boss参数!$B$63*Boss参数!$B$62,"超过暂定合计上限",""))
A13: =行动模拟!A13 -> 5 | B13: =行动模拟!B13 -> 1 | C13: =行动模拟!C13 -> 5 | D13: =行动模拟!D13 -> J｜高温回火 | E13: =行动模拟!O13 -> 1231 | F13: =行动模拟!P13 -> 1354 | G13: =IF(行动模拟!D13="","",行动模拟!E13) -> 否 | H13: =IF(COUNT(行动模拟!F13:H13)=0,"",SUM(行动模拟!F13:H13)) -> 1231 | I13: =IF(H13="","",IF(G13="是",F13,IF(G13="否",E13,""))) -> 1231 | J13: =IF(OR(H13="",I13=""),"",H13-I13) -> 0 | K13: =IF(J13="","",ABS(J13)) -> 0 | L13: =IF(OR(H13="",I13=""),"",IF(H13=0,IF(I13=0,0,"实测为0"),ABS(J13)/H13)) -> 0 | M13: =IF(H13="","",IF(AND(G13<>"是",G13<>"否"),"缺少暴击判定",IF(L13>0.03,"存在差异：请看核对说明并核对行动状态","数值差异≤3%；机制仍需核实"))) -> 数值差异≤3%；机制仍需核实 | N13: =IF(ISNUMBER(行动模拟!F13),行动模拟!F13,"") -> 1231 | O13: =IF(COUNT(行动模拟!G13:H13)=0,"",SUM(行动模拟!G13:H13)) -> 0 | P13: =IF(H13="","",IF(G13="是",后台计算!DX7,IF(G13="否",后台计算!DW7,""))) -> 1231 | Q13: =IF(H13="","",IF(G13="是",后台计算!BV7-后台计算!DX7,IF(G13="否",后台计算!BU7-后台计算!DW7,""))) -> 0 | R13: =IF(OR(N13="",P13=""),"",N13-P13) -> 0 | S13: =IF(OR(O13="",Q13=""),"",O13-Q13) -> 0 | T13: =IF(AND(后台计算!DH7="洞穿",O13>0),IF(O13=ROUNDDOWN(N13*0.4,0),"实测附加=floor(主伤害×40%)；稳态来源待确认","实测附加关系需核对"),"") | U13: =IF(D13="","",后台计算!EQ7) -> 0 | V13: =IF(D13="","",后台计算!ER7) -> 0 | W13: =IF(D13="","",后台计算!ES7) -> 0 | X13: =IF(D13="","",IF(Boss参数!$B$60=1,"此前实测；缺失用预测","此前预测")) -> 此前实测；缺失用预测 | Y13: =IF(H13="","",IF(H13>Boss参数!$B$63*Boss参数!$B$62,"超过暂定合计上限",""))
A14: =行动模拟!A14 -> 6 | B14: =行动模拟!B14 -> 1 | C14: =行动模拟!C14 -> 6 | D14: =行动模拟!D14 -> 37｜补充算式 | E14: =行动模拟!O14 -> 4679 | F14: =行动模拟!P14 -> 8414 | G14: =IF(行动模拟!D14="","",行动模拟!E14) -> 是 | H14: =IF(COUNT(行动模拟!F14:H14)=0,"",SUM(行动模拟!F14:H14)) -> 8414 | I14: =IF(H14="","",IF(G14="是",F14,IF(G14="否",E14,""))) -> 8414 | J14: =IF(OR(H14="",I14=""),"",H14-I14) -> 0 | K14: =IF(J14="","",ABS(J14)) -> 0 | L14: =IF(OR(H14="",I14=""),"",IF(H14=0,IF(I14=0,0,"实测为0"),ABS(J14)/H14)) -> 0 | M14: =IF(H14="","",IF(AND(G14<>"是",G14<>"否"),"缺少暴击判定",IF(L14>0.03,"存在差异：请看核对说明并核对行动状态","数值差异≤3%；机制仍需核实"))) -> 数值差异≤3%；机制仍需核实 | N14: =IF(ISNUMBER(行动模拟!F14),行动模拟!F14,"") -> 4932 | O14: =IF(COUNT(行动模拟!G14:H14)=0,"",SUM(行动模拟!G14:H14)) -> 3482 | P14: =IF(H14="","",IF(G14="是",后台计算!DX8,IF(G14="否",后台计算!DW8,""))) -> 4932 | Q14: =IF(H14="","",IF(G14="是",后台计算!BV8-后台计算!DX8,IF(G14="否",后台计算!BU8-后台计算!DW8,""))) -> 3482 | R14: =IF(OR(N14="",P14=""),"",N14-P14) -> 0 | S14: =IF(OR(O14="",Q14=""),"",O14-Q14) -> 0 | T14: =IF(AND(后台计算!DH8="洞穿",O14>0),IF(O14=ROUNDDOWN(N14*0.4,0),"实测附加=floor(主伤害×40%)；稳态来源待确认","实测附加关系需核对"),"") | U14: =IF(D14="","",后台计算!EQ8) -> 0 | V14: =IF(D14="","",后台计算!ER8) -> 0 | W14: =IF(D14="","",后台计算!ES8) -> 0 | X14: =IF(D14="","",IF(Boss参数!$B$60=1,"此前实测；缺失用预测","此前预测")) -> 此前实测；缺失用预测 | Y14: =IF(H14="","",IF(H14>Boss参数!$B$63*Boss参数!$B$62,"超过暂定合计上限",""))
A15: =行动模拟!A15 -> 7 | B15: =行动模拟!B15 -> 1 | C15: =行动模拟!C15 -> 7 | D15: =行动模拟!D15 -> J｜高温回火 | E15: =行动模拟!O15 -> 1340 | F15: =行动模拟!P15 -> 1474 | G15: =IF(行动模拟!D15="","",行动模拟!E15) -> 是 | H15: =IF(COUNT(行动模拟!F15:H15)=0,"",SUM(行动模拟!F15:H15)) -> 1474 | I15: =IF(H15="","",IF(G15="是",F15,IF(G15="否",E15,""))) -> 1474 | J15: =IF(OR(H15="",I15=""),"",H15-I15) -> 0 | K15: =IF(J15="","",ABS(J15)) -> 0 | L15: =IF(OR(H15="",I15=""),"",IF(H15=0,IF(I15=0,0,"实测为0"),ABS(J15)/H15)) -> 0 | M15: =IF(H15="","",IF(AND(G15<>"是",G15<>"否"),"缺少暴击判定",IF(L15>0.03,"存在差异：请看核对说明并核对行动状态","数值差异≤3%；机制仍需核实"))) -> 数值差异≤3%；机制仍需核实 | N15: =IF(ISNUMBER(行动模拟!F15),行动模拟!F15,"") -> 1474 | O15: =IF(COUNT(行动模拟!G15:H15)=0,"",SUM(行动模拟!G15:H15)) -> 0 | P15: =IF(H15="","",IF(G15="是",后台计算!DX9,IF(G15="否",后台计算!DW9,""))) -> 1474 | Q15: =IF(H15="","",IF(G15="是",后台计算!BV9-后台计算!DX9,IF(G15="否",后台计算!BU9-后台计算!DW9,""))) -> 0 | R15: =IF(OR(N15="",P15=""),"",N15-P15) -> 0 | S15: =IF(OR(O15="",Q15=""),"",O15-Q15) -> 0 | T15: =IF(AND(后台计算!DH9="洞穿",O15>0),IF(O15=ROUNDDOWN(N15*0.4,0),"实测附加=floor(主伤害×40%)；稳态来源待确认","实测附加关系需核对"),"") | U15: =IF(D15="","",后台计算!EQ9) -> 0 | V15: =IF(D15="","",后台计算!ER9) -> 0 | W15: =IF(D15="","",后台计算!ES9) -> 0 | X15: =IF(D15="","",IF(Boss参数!$B$60=1,"此前实测；缺失用预测","此前预测")) -> 此前实测；缺失用预测 | Y15: =IF(H15="","",IF(H15>Boss参数!$B$63*Boss参数!$B$62,"超过暂定合计上限",""))
A16: =行动模拟!A16 -> 8 | B16: =行动模拟!B16 -> 1 | C16: =行动模拟!C16 -> 8 | D16: =行动模拟!D16 -> J｜高温回火 | E16: =行动模拟!O16 -> 1745 | F16: =行动模拟!P16 -> 1919 | G16: =IF(行动模拟!D16="","",行动模拟!E16) -> 否 | H16: =IF(COUNT(行动模拟!F16:H16)=0,"",SUM(行动模拟!F16:H16)) -> 1745 | I16: =IF(H16="","",IF(G16="是",F16,IF(G16="否",E16,""))) -> 1745 | J16: =IF(OR(H16="",I16=""),"",H16-I16) -> 0 | K16: =IF(J16="","",ABS(J16)) -> 0 | L16: =IF(OR(H16="",I16=""),"",IF(H16=0,IF(I16=0,0,"实测为0"),ABS(J16)/H16)) -> 0 | M16: =IF(H16="","",IF(AND(G16<>"是",G16<>"否"),"缺少暴击判定",IF(L16>0.03,"存在差异：请看核对说明并核对行动状态","数值差异≤3%；机制仍需核实"))) -> 数值差异≤3%；机制仍需核实 | N16: =IF(ISNUMBER(行动模拟!F16),行动模拟!F16,"") -> 1745 | O16: =IF(COUNT(行动模拟!G16:H16)=0,"",SUM(行动模拟!G16:H16)) -> 0 | P16: =IF(H16="","",IF(G16="是",后台计算!DX10,IF(G16="否",后台计算!DW10,""))) -> 1745 | Q16: =IF(H16="","",IF(G16="是",后台计算!BV10-后台计算!DX10,IF(G16="否",后台计算!BU10-后台计算!DW10,""))) -> 0 | R16: =IF(OR(N16="",P16=""),"",N16-P16) -> 0 | S16: =IF(OR(O16="",Q16=""),"",O16-Q16) -> 0 | T16: =IF(AND(后台计算!DH10="洞穿",O16>0),IF(O16=ROUNDDOWN(N16*0.4,0),"实测附加=floor(主伤害×40%)；稳态来源待确认","实测附加关系需核对"),"") | U16: =IF(D16="","",后台计算!EQ10) -> 0 | V16: =IF(D16="","",后台计算!ER10) -> 0 | W16: =IF(D16="","",后台计算!ES10) -> 0 | X16: =IF(D16="","",IF(Boss参数!$B$60=1,"此前实测；缺失用预测","此前预测")) -> 此前实测；缺失用预测 | Y16: =IF(H16="","",IF(H16>Boss参数!$B$63*Boss参数!$B$62,"超过暂定合计上限",""))
A17: =行动模拟!A17 -> 9 | B17: =行动模拟!B17 -> 1 | C17: =行动模拟!C17 -> 9 | D17: =行动模拟!D17 -> J｜高温回火 | E17: =行动模拟!O17 -> 1887 | F17: =行动模拟!P17 -> 2076 | G17: =IF(行动模拟!D17="","",行动模拟!E17) -> 是 | H17: =IF(COUNT(行动模拟!F17:H17)=0,"",SUM(行动模拟!F17:H17)) -> 2076 | I17: =IF(H17="","",IF(G17="是",F17,IF(G17="否",E17,""))) -> 2076 | J17: =IF(OR(H17="",I17=""),"",H17-I17) -> 0 | K17: =IF(J17="","",ABS(J17)) -> 0 | L17: =IF(OR(H17="",I17=""),"",IF(H17=0,IF(I17=0,0,"实测为0"),ABS(J17)/H17)) -> 0 | M17: =IF(H17="","",IF(AND(G17<>"是",G17<>"否"),"缺少暴击判定",IF(L17>0.03,"存在差异：请看核对说明并核对行动状态","数值差异≤3%；机制仍需核实"))) -> 数值差异≤3%；机制仍需核实 | N17: =IF(ISNUMBER(行动模拟!F17),行动模拟!F17,"") -> 2076 | O17: =IF(COUNT(行动模拟!G17:H17)=0,"",SUM(行动模拟!G17:H17)) -> 0 | P17: =IF(H17="","",IF(G17="是",后台计算!DX11,IF(G17="否",后台计算!DW11,""))) -> 2076 | Q17: =IF(H17="","",IF(G17="是",后台计算!BV11-后台计算!DX11,IF(G17="否",后台计算!BU11-后台计算!DW11,""))) -> 0 | R17: =IF(OR(N17="",P17=""),"",N17-P17) -> 0 | S17: =IF(OR(O17="",Q17=""),"",O17-Q17) -> 0 | T17: =IF(AND(后台计算!DH11="洞穿",O17>0),IF(O17=ROUNDDOWN(N17*0.4,0),"实测附加=floor(主伤害×40%)；稳态来源待确认","实测附加关系需核对"),"") | U17: =IF(D17="","",后台计算!EQ11) -> 0 | V17: =IF(D17="","",后台计算!ER11) -> 0 | W17: =IF(D17="","",后台计算!ES11) -> 0 | X17: =IF(D17="","",IF(Boss参数!$B$60=1,"此前实测；缺失用预测","此前预测")) -> 此前实测；缺失用预测 | Y17: =IF(H17="","",IF(H17>Boss参数!$B$63*Boss参数!$B$62,"超过暂定合计上限",""))
A18: =行动模拟!A18 -> 10 | B18: =行动模拟!B18 -> 2 | C18: =行动模拟!C18 -> 1 | D18: =行动模拟!D18 -> 小瑞安侬｜唱予无忧之诗 | E18: =行动模拟!O18 -> 0 | F18: =行动模拟!P18 -> 0 | G18: =IF(行动模拟!D18="","",行动模拟!E18) -> — | H18: =IF(COUNT(行动模拟!F18:H18)=0,"",SUM(行动模拟!F18:H18)) | I18: =IF(H18="","",IF(G18="是",F18,IF(G18="否",E18,""))) | J18: =IF(OR(H18="",I18=""),"",H18-I18) | K18: =IF(J18="","",ABS(J18)) | L18: =IF(OR(H18="",I18=""),"",IF(H18=0,IF(I18=0,0,"实测为0"),ABS(J18)/H18)) | M18: =IF(H18="","",IF(AND(G18<>"是",G18<>"否"),"缺少暴击判定",IF(L18>0.03,"存在差异：请看核对说明并核对行动状态","数值差异≤3%；机制仍需核实"))) | N18: =IF(ISNUMBER(行动模拟!F18),行动模拟!F18,"") | O18: =IF(COUNT(行动模拟!G18:H18)=0,"",SUM(行动模拟!G18:H18)) | P18: =IF(H18="","",IF(G18="是",后台计算!DX12,IF(G18="否",后台计算!DW12,""))) | Q18: =IF(H18="","",IF(G18="是",后台计算!BV12-后台计算!DX12,IF(G18="否",后台计算!BU12-后台计算!DW12,""))) | R18: =IF(OR(N18="",P18=""),"",N18-P18) | S18: =IF(OR(O18="",Q18=""),"",O18-Q18) | T18: =IF(AND(后台计算!DH12="洞穿",O18>0),IF(O18=ROUNDDOWN(N18*0.4,0),"实测附加=floor(主伤害×40%)；稳态来源待确认","实测附加关系需核对"),"") | U18: =IF(D18="","",后台计算!EQ12) -> 0 | V18: =IF(D18="","",后台计算!ER12) -> 0 | W18: =IF(D18="","",后台计算!ES12) -> 0 | X18: =IF(D18="","",IF(Boss参数!$B$60=1,"此前实测；缺失用预测","此前预测")) -> 此前实测；缺失用预测 | Y18: =IF(H18="","",IF(H18>Boss参数!$B$63*Boss参数!$B$62,"超过暂定合计上限",""))
A19: =行动模拟!A19 -> 11 | B19: =行动模拟!B19 -> 2 | C19: =行动模拟!C19 -> 2 | D19: =行动模拟!D19 -> J｜热处理 | E19: =行动模拟!O19 -> 0 | F19: =行动模拟!P19 -> 0 | G19: =IF(行动模拟!D19="","",行动模拟!E19) -> — | H19: =IF(COUNT(行动模拟!F19:H19)=0,"",SUM(行动模拟!F19:H19)) | I19: =IF(H19="","",IF(G19="是",F19,IF(G19="否",E19,""))) | J19: =IF(OR(H19="",I19=""),"",H19-I19) | K19: =IF(J19="","",ABS(J19)) | L19: =IF(OR(H19="",I19=""),"",IF(H19=0,IF(I19=0,0,"实测为0"),ABS(J19)/H19)) | M19: =IF(H19="","",IF(AND(G19<>"是",G19<>"否"),"缺少暴击判定",IF(L19>0.03,"存在差异：请看核对说明并核对行动状态","数值差异≤3%；机制仍需核实"))) | N19: =IF(ISNUMBER(行动模拟!F19),行动模拟!F19,"") | O19: =IF(COUNT(行动模拟!G19:H19)=0,"",SUM(行动模拟!G19:H19)) | P19: =IF(H19="","",IF(G19="是",后台计算!DX13,IF(G19="否",后台计算!DW13,""))) | Q19: =IF(H19="","",IF(G19="是",后台计算!BV13-后台计算!DX13,IF(G19="否",后台计算!BU13-后台计算!DW13,""))) | R19: =IF(OR(N19="",P19=""),"",N19-P19) | S19: =IF(OR(O19="",Q19=""),"",O19-Q19) | T19: =IF(AND(后台计算!DH13="洞穿",O19>0),IF(O19=ROUNDDOWN(N19*0.4,0),"实测附加=floor(主伤害×40%)；稳态来源待确认","实测附加关系需核对"),"") | U19: =IF(D19="","",后台计算!EQ13) -> 0 | V19: =IF(D19="","",后台计算!ER13) -> 0 | W19: =IF(D19="","",后台计算!ES13) -> 0 | X19: =IF(D19="","",IF(Boss参数!$B$60=1,"此前实测；缺失用预测","此前预测")) -> 此前实测；缺失用预测 | Y19: =IF(H19="","",IF(H19>Boss参数!$B$63*Boss参数!$B$62,"超过暂定合计上限",""))
A20: =行动模拟!A20 -> 12 | B20: =行动模拟!B20 -> 2 | C20: =行动模拟!C20 -> 3 | D20: =行动模拟!D20 -> 37｜补充算式 | E20: =行动模拟!O20 -> 5324 | F20: =行动模拟!P20 -> 10531 | G20: =IF(行动模拟!D20="","",行动模拟!E20) -> 是 | H20: =IF(COUNT(行动模拟!F20:H20)=0,"",SUM(行动模拟!F20:H20)) -> 10531 | I20: =IF(H20="","",IF(G20="是",F20,IF(G20="否",E20,""))) -> 10531 | J20: =IF(OR(H20="",I20=""),"",H20-I20) -> 0 | K20: =IF(J20="","",ABS(J20)) -> 0 | L20: =IF(OR(H20="",I20=""),"",IF(H20=0,IF(I20=0,0,"实测为0"),ABS(J20)/H20)) -> 0 | M20: =IF(H20="","",IF(AND(G20<>"是",G20<>"否"),"缺少暴击判定",IF(L20>0.03,"存在差异：请看核对说明并核对行动状态","数值差异≤3%；机制仍需核实"))) -> 数值差异≤3%；机制仍需核实 | N20: =IF(ISNUMBER(行动模拟!F20),行动模拟!F20,"") -> 6371 | O20: =IF(COUNT(行动模拟!G20:H20)=0,"",SUM(行动模拟!G20:H20)) -> 4160 | P20: =IF(H20="","",IF(G20="是",后台计算!DX14,IF(G20="否",后台计算!DW14,""))) -> 6371 | Q20: =IF(H20="","",IF(G20="是",后台计算!BV14-后台计算!DX14,IF(G20="否",后台计算!BU14-后台计算!DW14,""))) -> 4160 | R20: =IF(OR(N20="",P20=""),"",N20-P20) -> 0 | S20: =IF(OR(O20="",Q20=""),"",O20-Q20) -> 0 | T20: =IF(AND(后台计算!DH14="洞穿",O20>0),IF(O20=ROUNDDOWN(N20*0.4,0),"实测附加=floor(主伤害×40%)；稳态来源待确认","实测附加关系需核对"),"") | U20: =IF(D20="","",后台计算!EQ14) -> 0 | V20: =IF(D20="","",后台计算!ER14) -> 0 | W20: =IF(D20="","",后台计算!ES14) -> 0 | X20: =IF(D20="","",IF(Boss参数!$B$60=1,"此前实测；缺失用预测","此前预测")) -> 此前实测；缺失用预测 | Y20: =IF(H20="","",IF(H20>Boss参数!$B$63*Boss参数!$B$62,"超过暂定合计上限",""))
... A248: =行动模拟!A248 | B248: =行动模拟!B248 -> 0 | C248: =行动模拟!C248 -> 0 | D248: =行动模拟!D248 -> 0 | E248: =行动模拟!O248 | F248: =行动模拟!P248 | G248: =IF(行动模拟!D248="","",行动模拟!E248) | H248: =IF(COUNT(行动模拟!F248:H248)=0,"",SUM(行动模拟!F248:H248)) | I248: =IF(H248="","",IF(G248="是",F248,IF(G248="否",E248,""))) | J248: =IF(OR(H248="",I248=""),"",H248-I248) | K248: =IF(J248="","",ABS(J248)) | L248: =IF(OR(H248="",I248=""),"",IF(H248=0,IF(I248=0,0,"实测为0"),ABS(J248)/H248)) | M248: =IF(H248="","",IF(AND(G248<>"是",G248<>"否"),"缺少暴击判定",IF(L248>0.03,"存在差异：请看核对说明并核对行动状态","数值差异≤3%；机制仍需核实"))) | N248: =IF(ISNUMBER(行动模拟!F248),行动模拟!F248,"") | O248: =IF(COUNT(行动模拟!G248:H248)=0,"",SUM(行动模拟!G248:H248)) | P248: =IF(H248="","",IF(G248="是",后台计算!DX242,IF(G248="否",后台计算!DW242,""))) | Q248: =IF(H248="","",IF(G248="是",后台计算!BV242-后台计算!DX242,IF(G248="否",后台计算!BU242-后台计算!DW242,""))) | R248: =IF(OR(N248="",P248=""),"",N248-P248) | S248: =IF(OR(O248="",Q248=""),"",O248-Q248) | T248: =IF(AND(后台计算!DH242="洞穿",O248>0),IF(O248=ROUNDDOWN(N248*0.4,0),"实测附加=floor(主伤害×40%)；稳态来源待确认","实测附加关系需核对"),"") | U248: =IF(D248="","",后台计算!EQ242) -> 232 | V248: =IF(D248="","",后台计算!ER242) -> 0.9 | W248: =IF(D248="","",后台计算!ES242) -> 0.65 | X248: =IF(D248="","",IF(Boss参数!$B$60=1,"此前实测；缺失用预测","此前预测")) -> 此前实测；缺失用预测 | Y248: =IF(H248="","",IF(H248>Boss参数!$B$63*Boss参数!$B$62,"超过暂定合计上限",""))

Sheet 后台计算
A1: 后台计算｜状态递推与伤害公式（普通使用无需编辑） | DA1: =COUNTIFS(A3:A5,1) -> 1 | DB1: =COUNTIF(A3:A5,1) -> 1 | DC1: =MOD(4,3) -> 1 | DD1: =INT(1.9) -> 1 | DE1: =MAX(1,2) -> 2 | DF1: =ROUNDDOWN(1.9,0) -> 1
A2: 事件 | B2: 回合 | C2: 位 | D2: 选择键 | E2: 角色 | F2: 技能 | G2: 阶次 | H2: 类型 | I2: 创伤类型 | J2: 基础倍率 | K2: 本源倍率 | L2: 代码 | M2: J生命% | N2: J燃烧覆盖 | O2: 敌燃烧覆盖 | P2: 灵犀覆盖 | Q2: 稳态本源比例 | R2: 手动伤加 | S2: 手动倍率 | T2: 备注 | U2: 红吟诵前 | V2: 极限剩余前 | W2: 增压前 | X2: 弹药前 | Y2: 洞穿前 | Z2: 洞穿行动前 | AA2: 红洞知次数前 | AB2: 37灵光前 | AC2: 37启迪前 | AD2: J燃烧前 | AE2: 敌燃烧前 | AF2: J团队伤加前 | AG2: J伤加到期前 | AH2: 群鸟之歌到期前 | AI2: 瑞仪式暴创到期前 | AJ2: 加护到期前 | AK2: 尘酿鹰到期前 | AL2: J反击层前 | AM2: 激情累计前 | AN2: 37攻击Buff到期前 | AO2: 红心相层前 | AP2: 瑞攻击Buff前 | AQ2: 瑞攻击Buff到期前 | AR2: 敌暴防降低前 | AS2: 敌暴防降低到期前 | AT2: 瑞创伤Buff前 | AU2: 瑞创伤Buff到期前 | AV2: 灵犀有效层数 | AW2: 雨声伤加层数 | AX2: 37心相层数 | AY2: 有效攻击 | AZ2: 有效暴击率 | BA2: 有效暴击创伤 | BB2: 总伤害加成 | BC2: 术法威力 | BD2: 仪式威力 | BE2: 洞知创伤 | BF2: 穿透 | BG2: 有效倍率 | BH2: 有效本源倍率 | BI2: 克制乘区 | BJ2: 目标防御 | BK2: 攻防项 | BL2: 有效Boss暴击防御 | BM2: 有效Boss受创减免 | BN2: 创伤乘区 | BO2: 威力乘区 | BP2: 暴击倍率 | BQ2: 普通不暴 | BR2: 普通暴击 | BS2: 本源不暴 | BT2: 本源暴击 | BU2: 不暴击伤害 | BV2: 暴击伤害 | BW2: 期望伤害 | BX2: 提示 | BY2: 红吟诵后 | BZ2: 极限剩余后 | CA2: 增压后 | CB2: 弹药后 | CC2: 洞穿后 | CD2: 洞穿行动后 | CE2: 红洞知次数后 | CF2: 37灵光后 | CG2: 37启迪后 | CH2: J燃烧后 | CI2: 敌燃烧后 | CJ2: J团队伤加后 | CK2: J伤加到期后 | CL2: 群鸟之歌到期后 | CM2: 瑞仪式暴创到期后 | CN2: 加护到期后 | CO2: 尘酿鹰到期后 | CP2: J反击层后 | CQ2: 激情累计后 | CR2: 37攻击Buff到期后 | CS2: 红心相层后 | CT2: 瑞攻击Buff后 | CU2: 瑞攻击Buff到期后 | CV2: 敌暴防降低后 | CW2: 敌暴防降低到期后 | CX2: 瑞创伤Buff后 | CY2: 瑞创伤Buff到期后 | DG2: 回合标签 | DH2: 阶段 | DI2: 仰望有效 | DJ2: 红仰望前 | DK2: 37仰望前 | DL2: 瑞仰望前 | DM2: J仰望前 | DN2: 红仰望后 | DO2: 37仰望后 | DP2: 瑞仰望后 | DQ2: J仰望后 | DR2: 命中仰望触发 | DS2: 主动攻击 | DT2: 是否克制 | DU2: 额外减伤 | DV2: 本源乘区 | DW2: 普通分段不暴 | DX2: 普通分段暴击 | DY2: 鹰攻击前快照 | DZ2: 鹰攻击后快照 | EA2: 本源创伤修正 | EB2: 额外默契消耗次数 | EC2: 有效额外灵犀 | ED2: 默契前 | EE2: 普通咒语消耗 | EF2: 回合末消耗 | EG2: 默契后 | EH2: 洞知有效受创减免 | EI2: 瑞动态创伤加成 | EJ2: 动态降低暴防 | EK2: 洞知威力区 | EL2: 回合开始灵犀 | EM2: 两分悖论前 | EN2: 自动稳态比例 | EO2: 两分悖论后 | EP2: Boss攻击前已损生命 | EQ2: Boss攻击前已损段 | ER2: 本源创伤减伤 | ES2: 最终免伤 | ET2: Boss攻击后已损生命 | EU2: 本次采用预测总伤 | EV2: Boss效果提升次数 | EW2: Boss回合赋予仰望层 | EX2: 雨声计时回合 | EY2: 本次雨声新增层 | EZ2: 雨声伤后有效层 | FA2: 阶段开始J燃烧（自动） | FB2: 保守主义到期普通回合 | FC2: 本次额外行动受保守主义 | FD2: 持续时间计时（洞穿不消耗） | FE2: 本阶段回合末结算事件
A3: =行动模拟!A9 -> 1 | B3: =IF(D3="",0,INDEX(回合状态!$B$7:$B$17,MATCH(DG3,回合状态!$A$7:$A$17,0))) -> 1 | C3: =行动模拟!C9 -> 1 | D3: =IF(行动模拟!D9="","",行动模拟!D9) -> 小瑞安侬｜悄冥冥术阵 | E3: =IF($D3="","",IFERROR(INDEX(技能数据库!$B$4:$B$38,MATCH($D3,技能数据库!$A$4:$A$38,0)),"")) -> 小瑞安侬 | F3: =IF($D3="","",IFERROR(INDEX(技能数据库!$C$4:$C$38,MATCH($D3,技能数据库!$A$4:$A$38,0)),"")) -> 悄冥冥术阵 | G3: =IF($D3="","",IFERROR(INDEX(技能数据库!$D$4:$D$38,MATCH($D3,技能数据库!$A$4:$A$38,0)),"")) -> 0 | H3: =IF($D3="","",IFERROR(INDEX(技能数据库!$E$4:$E$38,MATCH($D3,技能数据库!$A$4:$A$38,0)),"")) -> 增益 | I3: =IF($D3="","",IFERROR(INDEX(技能数据库!$F$4:$F$38,MATCH($D3,技能数据库!$A$4:$A$38,0)),"")) -> 无 | J3: =IF($D3="","",IFERROR(INDEX(技能数据库!$G$4:$G$38,MATCH($D3,技能数据库!$A$4:$A$38,0)),"")) -> 0 | K3: =IF($D3="","",IFERROR(INDEX(技能数据库!$H$4:$H$38,MATCH($D3,技能数据库!$A$4:$A$38,0)),"")) -> 0 | L3: =IF($D3="","",IFERROR(INDEX(技能数据库!$I$4:$I$38,MATCH($D3,技能数据库!$A$4:$A$38,0)),"")) -> RHI_BUFF | M3: 1 | Q3: =EN3 -> 0 | R3: 0 | S3: 0 | T3: =行动模拟!I9 -> 0 | U3: =0 -> 0 | V3: =0 -> 0 | W3: =0 -> 0 | X3: =0 -> 0 | Y3: =IF(FALSE,1,0) -> 0 | Z3: =IF(FALSE,0,0) -> 0 | AA3: =IF(FALSE,0,0) -> 0 | AB3: =0 -> 0 | AC3: =0 -> 0 | AD3: =0 -> 0 | AE3: =IF(D3="",0,IF(TRUE,IFERROR(INDEX(回合状态!$F$7:$F$17,MATCH(DG3,回合状态!$A$7:$A$17,0)),0),CI2)) -> 0 | AF3: =0 -> 0 | AG3: =0 -> 0 | AH3: =0 -> 0 | AI3: =0 -> 0 | AJ3: =0 -> 0 | AK3: =0 -> 0 | AL3: =0 -> 0 | AM3: =0 -> 0 | ... AU3: =0 -> 0 | AV3: =MIN(5,SUMIFS($EL$3:EL3,$B$3:B3,">="&MAX(1,B3-2),$B$3:B3,"<="&B3)+EC3) -> 3 | AW3: =0 -> 0 | AX3: =0 -> 0 | AY3: =IF($E3="","",IF($E3="系统",0,ROUNDDOWN(INDEX(角色面板!$C$4:$C$7,MATCH($E3,角色面板!$A$4:$A$7,0))*(1+INDEX(角色面板!$C$11:$C$14,MATCH($E3,角色面板!$A$11:$A$14,0))+IF($E3="小瑞安侬",MAX(IF($B3<=$AQ3,$AP3,0),IF(AND($L3="RHI_ATTACK",$EE3>0),0.11+0.01*$G3,0)),0)+IF($E3="J",$AD3*Boss参数!$B$18,0))+IF(FD3<=$AN3,MIN(Boss参数!$B$21,ROUNDDOWN(角色面板!$C$19*Boss参数!$B$20,0)),0)+IF(AND($B3<=$AK3,$E3<>"小瑞安侬"),$DY3,0),0))) -> 2986 | AZ3: =IF($E3="","",MAX(0,MIN(1,IFERROR(INDEX(角色面板!$G$18:$G$21,MATCH($E3,角色面板!$A$18:$A$21,0)),0)-FC3*Boss参数!$B$89-Boss参数!$E$4))) -> 0.555 | BA3: =IF(E3="","",(IF($E3="","",IF($E3="红弩箭",Boss参数!$B$80,IF($E3="J",Boss参数!$B$81,IFERROR(INDEX(角色面板!$H$18:$H$21,MATCH($E3,角色面板!$A$18:$A$21,0)),0)))+IF($B3<=$AI3,Boss参数!$B$13,0)+MIN(30,$AM3)*Boss参数!$B$17+IF(AND($L3="LILYA_ULT",$X3>=6),1,0)+IF(AND($Y3=1,$L3="LILYA_INSIGHT"),IF(MOD($AA3+1,3)=0,Boss参数!$B$83,Boss参数!$B$82),IF(AND($Y3=1,$L3="LILYA_FINISH"),Boss参数!$B$84,0))))-FC3*Boss参数!$B$90) -> 1.55 | BB3: =IF($E3="","",IFERROR(INDEX(角色面板!$M$18:$M$21,MATCH($E3,角色面板!$A$18:$A$21,0)),0)+$AW3*Boss参数!$B$12+IF($B3<=$AG3,$AF3,0)+$EI3+IF($L3="LILYA_DIVE",IF($U3=1,IF($G3=1,0.3,IF($G3=2,0.4,0.5)),IF($U3=2,IF($G3=1,0.6,IF($G3=2,0.8,1)),0)),0)+$R3+IF(AND($E3="J",OR($L3="J_COUNTER",$L3="J_HARD")),Boss参数!$B$79,0)+IF(AND(OR(L3="J_COUNTER",L3="J_HARD"),FA3>=Boss参数!$B$59),FA3*Boss参数!$B$40,0)) -> 0 | BC3: =IF($E3="","",IFERROR(INDEX(角色面板!$K$18:$K$21,MATCH($E3,角色面板!$A$18:$A$21,0)),0)+IF($B3<=$AH3,Boss参数!$B$46,0)+IF($E3="红弩箭",IF($U3=1,0.6,IF($U3=2,1.2,0))+$W3*0.06,0))-DI3*Boss参数!$B$23 -> -0.4 | BD3: =IF($E3="","",IFERROR(INDEX(角色面板!$L$18:$L$21,MATCH($E3,角色面板!$A$18:$A$21,0)),0)+IF($B3<=$AH3,Boss参数!$B$46,0)+IF($E3="J",$AL3*Boss参数!$B$16,0)+IF($E3="红弩箭",$X3*0.025,0)+IF(AND($L3="LILYA_ULT",$X3>=6),1,0))-DI3*Boss参数!$B$23 -> 0 | BE3: =IF($E3="","",IF($H3="洞知",IF($E3="红弩箭",$AO3*Boss参数!$B$15,0)+$AX3*Boss参数!$B$14,0)) -> 0 | BF3: =IF(AND($L3="LILYA_ULT",$X3>=6),0.2,0) -> 0 | BG3: =IF($D3="",0,IF(AND($L3<>"LILYA_DIVE",$L3<>"LILYA_ULT",$L3<>"LILYA_INSIGHT",$L3<>"LILYA_FINISH",$L3<>"37_FOLLOW",$L3<>"RHI_ATTACK",$L3<>"RHI_BERRY",$L3<>"J_COUNTER",$L3<>"J_ULT"),$J3,0)+IF($L3="LILYA_DIVE",$J3+IF($U3=1,IF($G3=1,6,IF($G3=2,12,18)),IF($U3=2,IF($G3=1,12,IF($G3=2,24,36)),0)),0)+IF($L3="LILYA_ULT",$J3+IF($X3>=6,18,0),0)+IF($L3="LILYA_INSIGHT",IF($Y3=1,IF(MOD($AA3+1,3)=0,32,15),0),0)+IF($L3="LILYA_FINISH",IF($Y3=1,50+2.5*$Z3,0),0)+IF($L3="37_FOLLOW",$J3,0)+IF($L3="RHI_ATTACK",$J3*IF($B3<=$AJ3,2,1),0)+IF($L3="RHI_BERRY",15+1.5*$AV3,0)+IF($L3="J_COUNTER",$J3+$AD3*Boss参数!$B$39,0)+IF($L3="J_ULT",$J3+Boss参数!$B$45*MAX(0,$AE3+$AD3-Boss参数!$I$4),0)+$S3) -> 0 | BH3: =IF(D3="",0,K3) -> 0 | BI3: =IF(E3="","",IF(DT3=1,1+Boss参数!$B$8+AV3*Boss参数!$B$19,1)) -> 1 | BJ3: =IF($I3="现实",Boss参数!$C$4,IF($I3="精神",Boss参数!$D$4,0)) -> 0 | BK3: =IF($E3="","",MAX($AY3*Boss参数!$B$9,$AY3-$BJ3*(1-$BF3))) -> 2986 | BL3: =MAX(0,Boss参数!$F$4+IF(DT3=0,Boss参数!$B$27,0)-EJ3) -> 1.4 | BM3: =Boss参数!$G$4+DU3-IF(Y3=1,Boss参数!$B$11,0) -> 0.4 | BN3: =IF($E3="","",MAX(Boss参数!$B$10,1+IFERROR(INDEX(角色面板!$I$18:$I$21,MATCH($E3,角色面板!$A$18:$A$21,0)),0)+$BB3+Boss参数!$H$4-$BM3)) -> 0.635 | BO3: =IF(E3="","",IF(OR(L3="J_COUNTER",L3="J_HARD"),MAX(0,1+INDEX(角色面板!$K$18:$K$21,MATCH(E3,角色面板!$A$18:$A$21,0))-DI3*Boss参数!$B$23+IF(OR(Boss参数!$B$43=1,L3="J_HARD"),IF(B3<=AH3,Boss参数!$B$46,0),0)),MAX(0,IF(OR(H3="术法",L3="RHI_BERRY",AND(L3="37_FOLLOW",Boss参数!$B$31=1)),1+BC3,IF(H3="仪式",1+BD3,IF(H3="洞知",EK3,1)))))) -> 1 | BP3: =IF($E3="","",MAX(1.1,$BA3-$BL3)) -> 1.1 | BQ3: =IF($BG3=0,0,$BK3*$BG3*$BN3*$BO3*$BI3) -> 0 | BR3: =IF($BG3=0,0,$BQ3*$BP3) -> 0 | BS3: =IF(BH3=0,0,ROUNDDOWN(AY3*BH3,0)*DV3*IF(Boss参数!$B$29=1,BN3,1)*IF(Boss参数!$B$33=1,BO3,1)*IF(Boss参数!$B$76=1,1-ES3,1)) -> 0 | BT3: =IF($BH3=0,0,$BS3*IF($E3="37",$BP3,1)) -> 0 | BU3: =IF(D3="",0,MIN(IF(Boss参数!$B$77=1,Boss参数!$B$63*Boss参数!$B$62,Boss参数!$B$61*Boss参数!$B$62),DW3+ROUNDDOWN(BS3,0)+ROUNDDOWN(DW3*Q3,0))) -> 0 | BV3: =IF(D3="",0,MIN(IF(Boss参数!$B$77=1,Boss参数!$B$63*Boss参数!$B$62,Boss参数!$B$61*Boss参数!$B$62),DX3+ROUNDDOWN(BT3,0)+ROUNDDOWN(DX3*Q3,0))) -> 0 | BW3: =IF($D3="",0,ROUNDDOWN($BU3*(1-$AZ3)+$BV3*$AZ3,0)) -> 0 | BX3: =IF($D3="","",IF(AND($L3="37_FOLLOW",$AB3<5),"检查：37灵光不足5",IF(AND($L3="LILYA_INSIGHT",$Y3=0),"检查：未进入弱点洞穿",IF(AND($L3="LILYA_FINISH",$Y3=0),"检查：未进入弱点洞穿","")))) | BY3: =IF($L3="LILYA_COBRA",IF($U3=0,1,$U3),$U3) -> 0 | BZ3: =$V3 -> 0 | CA3: =MIN(10,W3+IF(AND(L3="LILYA_COBRA",COUNTIF($L$3:L3,"LILYA_COBRA")=1),5,0)+IF(AND(L3="LILYA_DIVE",U3=1,COUNTIFS($DG$3:DG3,DG3,$L$3:L3,"LILYA_DIVE")=1),2,0)+IF(AND(FE3=1,U3=1),3,0)) -> 0 | CB3: =MIN(20,MAX(0,X3+IF(L3="LILYA_COBRA",IF(COUNTIF($L$3:L3,"LILYA_COBRA")=1,6,IF(U3=1,MAX(1,G3),IF(U3=2,2*MAX(1,G3),0))),0)+IF(AND(Y3=1,E3="红弩箭",L3<>"ENTER_INSIGHT"),1,0)-IF(AND(L3="LILYA_ULT",X3>=6),6,0))) -> 0 | CC3: =IF($L3="ENTER_INSIGHT",1,IF($L3="LILYA_FINISH",0,$Y3)) -> 0 | CD3: =IF(OR($L3="ENTER_INSIGHT",$L3="LILYA_FINISH"),0,IF(AND($Y3=1,$D3<>"",$E3<>"系统"),$Z3+1,$Z3)) -> 0 | CE3: =IF(OR($L3="ENTER_INSIGHT",$L3="LILYA_FINISH"),0,IF($L3="LILYA_INSIGHT",$AA3+1,$AA3)) -> 0 | CF3: =IF(OR($D3="",$E3="系统"),$AB3,IF($L3="37_FOLLOW",MAX(0,$AB3-5),MIN(10,$AB3+1+IF($L3="37_ULT",2,0)))) -> 1 | CG3: =MAX(0,$AC3-IF(AND($E3="37",$BH3>0,$AC3>0),1,0)+IF($L3="37_ULT",2,0)+IF($L3="37_TRIANGLE",IF($G3=3,2,1),0)) -> 0 | CH3: =MIN(35,AD3+IF(L3="J_HARD",6,0)+IF(L3="J_COUNTER",Boss参数!$B$30,0)) -> 0 | CI3: =MIN(Boss参数!$I$4,AE3+IF(L3="J_HARD",6,0)+IF(L3="J_ULT",AD3,0)+IF(L3="J_COUNTER",Boss参数!$B$30,0)) -> 0 | CJ3: =IF(L3="J_ULT",AD3*Boss参数!$B$41,IF(B3<=AG3,AF3,0)) -> 0 | CK3: =IF(L3="J_ULT",B3+2,AG3) -> 0 | CL3: =IF($L3="RHI_BUFF",$B3+2,$AH3) -> 3 | CM3: =IF($L3="RHI_ULT",$B3+2,$AI3) -> 0 | CN3: =IF($L3="RHI_ULT",$B3+3,$AJ3) -> 0 | CO3: =IF($L3="RHI_ULT",$B3+2,$AK3) -> 0 | CP3: =MIN(3,$AL3+IF(OR($L3="J_COUNTER",$L3="J_HARD"),1,0)) -> 0 | CQ3: =MIN(30,$AM3+IF($H3="仪式",5,0)) -> 0 | CR3: =IF(L3="37_ULT",FD3+1,AN3) -> 0 | CS3: =IF(OR(L3="ENTER_INSIGHT",L3="LILYA_FINISH"),0,IF(AND(Y3=1,H3="洞知"),AO3+1,AO3)) -> 0 | CT3: =IF(AND($L3="RHI_ATTACK",$EE3>0),MAX(IF($B3<=$AQ3,$AP3,0),0.11+0.01*$G3),IF($B3<=$AQ3,$AP3,0)) -> 0 | CU3: =IF(AND($L3="RHI_ATTACK",$EE3>0,0.11+0.01*$G3>=IF($B3<=$AQ3,$AP3,0)),$B3+2,$AQ3) -> 0 | CV3: =IF(AND($L3="RHI_ATTACK",$B3<=$AJ3),0.15+MIN(0.15,$AV3*0.03),IF($B3<=$AS3,$AR3,0)) -> 0 | CW3: =IF(AND($L3="RHI_ATTACK",$B3<=$AJ3),$B3+2,$AS3) -> 0 | CX3: =IF(AND($L3="RHI_BUFF",$B3<=$AJ3),0.15+MIN(0.15,$AV3*0.03),IF($B3<=$AU3,$AT3,0)) -> 0 | CY3: =IF(AND($L3="RHI_BUFF",$B3<=$AJ3),$B3+2,$AU3) -> 0 | DG3: =IF(D3="","",行动模拟!B9) -> 1 | DH3: =IF(L3="END_TURN","回合结束",IF(D3="","",IF(INDEX(回合状态!$C$7:$C$17,MATCH(DG3,回合状态!$A$7:$A$17,0))="洞穿","洞穿",IF(OR(L3="J_COUNTER",L3="BOSS_ACTION",L3="BOSS_CONSERVATIVE"),"敌方",IF(INDEX(回合状态!$C$7:$C$17,MATCH(DG3,回合状态!$A$7:$A$17,0))="普通","出牌",INDEX(回合状态!$C$7:$C$17,MATCH(DG3,回合状态!$A$7:$A$17,0))))))) -> 出牌 | DI3: =IF(E3="红弩箭",DJ3,IF(E3="37",DK3,IF(E3="小瑞安侬",DL3,IF(E3="J",DM3,0)))) -> 0 | DJ3: =0 -> 0 | DK3: =0 -> 0 | DL3: =0 -> 0 | DM3: =0 -> 0 | DN3: =MAX(0,MIN(Boss参数!$B$25,DJ3+DR3)-IF(E3="红弩箭",2*DR3,0)) -> 0 | DO3: =MAX(0,MIN(Boss参数!$B$25,DK3+DR3)-IF(E3="37",2*DR3,0)) -> 0 | DP3: =MAX(0,MIN(Boss参数!$B$25,DL3+DR3)-IF(E3="小瑞安侬",2*DR3,0)) -> 0 | DQ3: =MAX(0,MIN(Boss参数!$B$25,DM3+DR3)-IF(E3="J",2*DR3,0)) -> 0 | DR3: =IF(AND(OR(J3>0,K3>0),DI3>0),1,0) -> 0 | DS3: =IF(AND(OR(J3>0,K3>0),OR(H3="术法",H3="仪式",H3="洞知",H3="特殊")),1,0) -> 0 | DT3: =IF(OR(E3="",E3="系统"),0,IF(OR(AND(DS3=1,Boss参数!$B$32=1),L3="RHI_BERRY",OR(AND(INDEX(角色面板!$B$18:$B$21,MATCH(E3,角色面板!$A$18:$A$21,0))="星",Boss参数!$B$4="岩"),AND(INDEX(角色面板!$B$18:$B$21,MATCH(E3,角色面板!$A$18:$A$21,0))="岩",Boss参数!$B$4="兽"),AND(INDEX(角色面板!$B$18:$B$21,MATCH(E3,角色面板!$A$18:$A$21,0))="兽",Boss参数!$B$4="木"),AND(INDEX(角色面板!$B$18:$B$21,MATCH(E3,角色面板!$A$18:$A$21,0))="木",Boss参数!$B$4="星"),AND(INDEX(角色面板!$B$18:$B$21,MATCH(E3,角色面板!$A$18:$A$21,0))="智",Boss参数!$B$4="灵"),AND(INDEX(角色面板!$B$18:$B$21,MATCH(E3,角色面板!$A$18:$A$21,0))="灵",Boss参数!$B$4="智"))),1,0)) -> 0 | DU3: =IF(D3="",0,INDEX(回合状态!$E$7:$E$17,MATCH(DG3,回合状态!$A$7:$A$17,0))+IF(AND(DH3="敌方",OR(INDEX(回合状态!$C$7:$C$17,MATCH(DG3,回合状态!$A$7:$A$17,0))="普通",INDEX(回合状态!$C$7:$C$17,MATCH(DG3,回合状态!$A$7:$A$17,0))="额外")),0.05,0)) -> 0 | DV3: =MAX(Boss参数!$B$28,1+IF(AND(E3="37",AC3>0,BH3>0),Boss参数!$B$42,0)-DI3*Boss参数!$B$24+EA3-ER3) -> 1 | DW3: =MIN(IF(Boss参数!$B$77=1,Boss参数!$B$63*Boss参数!$B$62,Boss参数!$B$61*Boss参数!$B$62),ROUNDDOWN(BQ3*(1-ES3),0)) -> 0 | DX3: =MIN(IF(Boss参数!$B$77=1,Boss参数!$B$63*Boss参数!$B$62,Boss参数!$B$61*Boss参数!$B$62),ROUNDDOWN(BR3*(1-ES3),0)) -> 0 | DY3: =0 -> 0 | DZ3: =IF(L3="RHI_ULT",MIN(Boss参数!$B$48,ROUNDDOWN(AY3*Boss参数!$B$47,0)),DY3) -> 0 | EA3: 0 | EB3: =EE3+EF3 -> 1 | EC3: =SUMIFS($EB$3:EB3,$B$3:B3,">="&MAX(1,B3-2),$B$3:B3,"<="&B3)*Boss参数!$B$51 -> 2 | ED3: =2 -> 2 | EE3: =IF(OR(L3="RHI_ATTACK",L3="RHI_BUFF"),MIN(1,ED3),0) -> 1 | EF3: =0 -> 0 | EG3: =MAX(0,ED3-EE3-EF3) -> 1 | EH3: =Boss参数!$B$53-IF(Y3=1,Boss参数!$B$54,0) -> 0 | EI3: =IF(B3<=AU3,0.15+MIN(0.15,AV3*0.03),0) -> 0 | EJ3: =IF(B3<=AS3,0.15+MIN(0.15,AV3*0.03),0) -> 0 | EK3: =MAX(0,1+BE3-EH3) -> 1 | EL3: =1 -> 1 | EM3: =IF(FALSE,0,Boss参数!$B$57) -> 0 | EN3: =IF(AND(Y3=1,H3="洞知",EM3>0),Boss参数!$B$56,0) -> 0 | EO3: =MAX(0,EM3-IF(AND(Y3=1,H3="洞知",Q3>0),1,0))+IF(AND(Y3=1,L3="37_INSIGHT"),1,0) -> 0 | EP3: =Boss参数!$B$75 -> 0 | EQ3: =ROUNDDOWN(EP3/Boss参数!$B$62,0) -> 0 | ER3: =IF(EQ3>=Boss参数!$B$66,Boss参数!$B$69,IF(EQ3>=Boss参数!$B$65,Boss参数!$B$68,IF(EQ3>=Boss参数!$B$64,Boss参数!$B$67,0))) -> 0 | ES3: =MIN(1,IF(EQ3>=Boss参数!$B$66,Boss参数!$B$72+ROUNDDOWN((EQ3-Boss参数!$B$66)/Boss参数!$B$73,0)*Boss参数!$B$74,IF(EQ3>=Boss参数!$B$65,Boss参数!$B$71,IF(EQ3>=Boss参数!$B$64,Boss参数!$B$70,0)))) -> 0 | ET3: =MIN(Boss参数!$B$61*Boss参数!$B$62,EP3+IF(AND(Boss参数!$B$60=1,ISNUMBER(验证表!H9)),验证表!H9,EU3)) -> 0 | EU3: =IF(D3="",0,IF(验证表!G9="是",BV3,IF(验证表!G9="否",BU3,BW3))) -> 0 | EV3: =IF(EQ3>=Boss参数!$B$66,2,IF(EQ3>=Boss参数!$B$65,1,0)) -> 0 | EW3: =1+EV3 -> 1 | EX3: =IF(D3="",0,INDEX(回合状态!$D$7:$D$17,MATCH(DG3,回合状态!$A$7:$A$17,0))) -> 1 | EY3: =IF(OR(L3="RHI_ATTACK",L3="RHI_BUFF"),1,IF(L3="RHI_ULT",Boss参数!$B$52,0)) -> 1 | EZ3: =MIN(6,SUMIFS($EY$3:EY3,$EX$3:EX3,">="&MAX(1,EX3-Boss参数!$B$87+1),$EX$3:EX3,"<="&EX3)) -> 1 | FA3: =IF(D3="",0,IF(TRUE,AD3,FA2)) -> 0 | FB3: =0 -> 0 | FC3: =0 -> 0 | FD3: =1 -> 1 | FE3: =0 -> 0
A4: =行动模拟!A10 -> 2 | B4: =IF(D4="",0,INDEX(回合状态!$B$7:$B$17,MATCH(DG4,回合状态!$A$7:$A$17,0))) -> 1 | C4: =行动模拟!C10 -> 2 | D4: =IF(行动模拟!D10="","",行动模拟!D10) -> J｜热处理 | E4: =IF($D4="","",IFERROR(INDEX(技能数据库!$B$4:$B$38,MATCH($D4,技能数据库!$A$4:$A$38,0)),"")) -> J | F4: =IF($D4="","",IFERROR(INDEX(技能数据库!$C$4:$C$38,MATCH($D4,技能数据库!$A$4:$A$38,0)),"")) -> 热处理 | G4: =IF($D4="","",IFERROR(INDEX(技能数据库!$D$4:$D$38,MATCH($D4,技能数据库!$A$4:$A$38,0)),"")) -> 0 | H4: =IF($D4="","",IFERROR(INDEX(技能数据库!$E$4:$E$38,MATCH($D4,技能数据库!$A$4:$A$38,0)),"")) -> 反制 | I4: =IF($D4="","",IFERROR(INDEX(技能数据库!$F$4:$F$38,MATCH($D4,技能数据库!$A$4:$A$38,0)),"")) -> 无 | J4: =IF($D4="","",IFERROR(INDEX(技能数据库!$G$4:$G$38,MATCH($D4,技能数据库!$A$4:$A$38,0)),"")) -> 0 | K4: =IF($D4="","",IFERROR(INDEX(技能数据库!$H$4:$H$38,MATCH($D4,技能数据库!$A$4:$A$38,0)),"")) -> 0 | L4: =IF($D4="","",IFERROR(INDEX(技能数据库!$I$4:$I$38,MATCH($D4,技能数据库!$A$4:$A$38,0)),"")) -> J_HEAT | M4: 1 | Q4: =EN4 -> 0 | R4: 0 | S4: 0 | T4: =行动模拟!I10 -> 0 | U4: =IF(FD4<>FD3,IF(BY3=1,IF(MIN(10,CA3+IF(AND(DG4<>DG3,DH3<>"洞穿",SUMIFS($FE$3:FE3,$DG$3:DG3,DG3)=0,BY3=1),3,0))>=10,2,1),IF(BY3=2,IF(BZ3<=1,0,2),0)),BY3) -> 0 | V4: =IF(FD4<>FD3,IF(BY3=1,IF(MIN(10,CA3+IF(AND(DG4<>DG3,DH3<>"洞穿",SUMIFS($FE$3:FE3,$DG$3:DG3,DG3)=0,BY3=1),3,0))>=10,2,0),IF(BY3=2,MAX(0,BZ3-1),0)),BZ3) -> 0 | W4: =IF(AND(FD4<>FD3,BY3=2,BZ3<=1),0,MIN(10,CA3+IF(AND(DG4<>DG3,DH3<>"洞穿",SUMIFS($FE$3:FE3,$DG$3:DG3,DG3)=0,BY3=1),3,0))) -> 0 | X4: =$CB3 -> 0 | Y4: =IF(AND(DG4<>DG3,DH4="洞穿"),1,$CC3) -> 0 | Z4: =IF(AND(DG4<>DG3,DH4="洞穿"),0,$CD3) -> 0 | AA4: =IF(AND(DG4<>DG3,DH4="洞穿"),0,$CE3) -> 0 | AB4: =$CF3 -> 1 | AC4: =$CG3 -> 0 | AD4: =CH3 -> 0 | AE4: =IF(D4="",0,IF(DG4<>DG3,IFERROR(INDEX(回合状态!$F$7:$F$17,MATCH(DG4,回合状态!$A$7:$A$17,0)),0),CI3)) -> 0 | AF4: =$CJ3 -> 0 | AG4: =$CK3 -> 0 | AH4: =$CL3 -> 3 | AI4: =$CM3 -> 0 | AJ4: =$CN3 -> 0 | AK4: =$CO3 -> 0 | AL4: =$CP3 -> 0 | AM4: =$CQ3 -> 0 | AN4: =CR3 -> 0 | AO4: =$CS3 -> 0 | AP4: =$CT3 -> 0 | AQ4: =$CU3 -> 0 | AR4: =$CV3 -> 0 | AS4: =$CW3 -> 0 | AT4: =$CX3 -> 0 | AU4: =$CY3 -> 0 | AV4: =MIN(5,SUMIFS($EL$3:EL4,$B$3:B4,">="&MAX(1,B4-2),$B$3:B4,"<="&B4)+EC4) -> 3 | AW4: =MIN(6,SUMIFS($EY$3:EY3,$EX$3:EX3,">="&MAX(1,EX4-Boss参数!$B$87+1),$EX$3:EX3,"<="&EX4)) -> 1 | AX4: =MIN(4,COUNTIFS($B$3:$B$3,">="&MAX(1,$B4-2),$B$3:$B$3,"<="&$B4,$L$3:$L$3,"37_FOLLOW")) -> 0 | AY4: =IF($E4="","",IF($E4="系统",0,ROUNDDOWN(INDEX(角色面板!$C$4:$C$7,MATCH($E4,角色面板!$A$4:$A$7,0))*(1+INDEX(角色面板!$C$11:$C$14,MATCH($E4,角色面板!$A$11:$A$14,0))+IF($E4="小瑞安侬",MAX(IF($B4<=$AQ4,$AP4,0),IF(AND($L4="RHI_ATTACK",$EE4>0),0.11+0.01*$G4,0)),0)+IF($E4="J",$AD4*Boss参数!$B$18,0))+IF(FD4<=$AN4,MIN(Boss参数!$B$21,ROUNDDOWN(角色面板!$C$19*Boss参数!$B$20,0)),0)+IF(AND($B4<=$AK4,$E4<>"小瑞安侬"),$DY4,0),0))) -> 1906 | AZ4: =IF($E4="","",MAX(0,MIN(1,IFERROR(INDEX(角色面板!$G$18:$G$21,MATCH($E4,角色面板!$A$18:$A$21,0)),0)-FC4*Boss参数!$B$89-Boss参数!$E$4))) -> 0.667 | BA4: =IF(E4="","",(IF($E4="","",IF($E4="红弩箭",Boss参数!$B$80,IF($E4="J",Boss参数!$B$81,IFERROR(INDEX(角色面板!$H$18:$H$21,MATCH($E4,角色面板!$A$18:$A$21,0)),0)))+IF($B4<=$AI4,Boss参数!$B$13,0)+MIN(30,$AM4)*Boss参数!$B$17+IF(AND($L4="LILYA_ULT",$X4>=6),1,0)+IF(AND($Y4=1,$L4="LILYA_INSIGHT"),IF(MOD($AA4+1,3)=0,Boss参数!$B$83,Boss参数!$B$82),IF(AND($Y4=1,$L4="LILYA_FINISH"),Boss参数!$B$84,0))))-FC4*Boss参数!$B$90) -> 1.717 | BB4: =IF($E4="","",IFERROR(INDEX(角色面板!$M$18:$M$21,MATCH($E4,角色面板!$A$18:$A$21,0)),0)+$AW4*Boss参数!$B$12+IF($B4<=$AG4,$AF4,0)+$EI4+IF($L4="LILYA_DIVE",IF($U4=1,IF($G4=1,0.3,IF($G4=2,0.4,0.5)),IF($U4=2,IF($G4=1,0.6,IF($G4=2,0.8,1)),0)),0)+$R4+IF(AND($E4="J",OR($L4="J_COUNTER",$L4="J_HARD")),Boss参数!$B$79,0)+IF(AND(OR(L4="J_COUNTER",L4="J_HARD"),FA4>=Boss参数!$B$59),FA4*Boss参数!$B$40,0)) -> 0.1 | BC4: =IF($E4="","",IFERROR(INDEX(角色面板!$K$18:$K$21,MATCH($E4,角色面板!$A$18:$A$21,0)),0)+IF($B4<=$AH4,Boss参数!$B$46,0)+IF($E4="红弩箭",IF($U4=1,0.6,IF($U4=2,1.2,0))+$W4*0.06,0))-DI4*Boss参数!$B$23 -> -0.1 | BD4: =IF($E4="","",IFERROR(INDEX(角色面板!$L$18:$L$21,MATCH($E4,角色面板!$A$18:$A$21,0)),0)+IF($B4<=$AH4,Boss参数!$B$46,0)+IF($E4="J",$AL4*Boss参数!$B$16,0)+IF($E4="红弩箭",$X4*0.025,0)+IF(AND($L4="LILYA_ULT",$X4>=6),1,0))-DI4*Boss参数!$B$23 -> 0.3 | BE4: =IF($E4="","",IF($H4="洞知",IF($E4="红弩箭",$AO4*Boss参数!$B$15,0)+$AX4*Boss参数!$B$14,0)) -> 0 | BF4: =IF(AND($L4="LILYA_ULT",$X4>=6),0.2,0) -> 0 | BG4: =IF($D4="",0,IF(AND($L4<>"LILYA_DIVE",$L4<>"LILYA_ULT",$L4<>"LILYA_INSIGHT",$L4<>"LILYA_FINISH",$L4<>"37_FOLLOW",$L4<>"RHI_ATTACK",$L4<>"RHI_BERRY",$L4<>"J_COUNTER",$L4<>"J_ULT"),$J4,0)+IF($L4="LILYA_DIVE",$J4+IF($U4=1,IF($G4=1,6,IF($G4=2,12,18)),IF($U4=2,IF($G4=1,12,IF($G4=2,24,36)),0)),0)+IF($L4="LILYA_ULT",$J4+IF($X4>=6,18,0),0)+IF($L4="LILYA_INSIGHT",IF($Y4=1,IF(MOD($AA4+1,3)=0,32,15),0),0)+IF($L4="LILYA_FINISH",IF($Y4=1,50+2.5*$Z4,0),0)+IF($L4="37_FOLLOW",$J4,0)+IF($L4="RHI_ATTACK",$J4*IF($B4<=$AJ4,2,1),0)+IF($L4="RHI_BERRY",15+1.5*$AV4,0)+IF($L4="J_COUNTER",$J4+$AD4*Boss参数!$B$39,0)+IF($L4="J_ULT",$J4+Boss参数!$B$45*MAX(0,$AE4+$AD4-Boss参数!$I$4),0)+$S4) -> 0 | BH4: =IF(D4="",0,K4) -> 0 | BI4: =IF(E4="","",IF(DT4=1,1+Boss参数!$B$8+AV4*Boss参数!$B$19,1)) -> 1 | BJ4: =IF($I4="现实",Boss参数!$C$4,IF($I4="精神",Boss参数!$D$4,0)) -> 0 | BK4: =IF($E4="","",MAX($AY4*Boss参数!$B$9,$AY4-$BJ4*(1-$BF4))) -> 1906 | BL4: =MAX(0,Boss参数!$F$4+IF(DT4=0,Boss参数!$B$27,0)-EJ4) -> 1.4 | BM4: =Boss参数!$G$4+DU4-IF(Y4=1,Boss参数!$B$11,0) -> 0.4 | BN4: =IF($E4="","",MAX(Boss参数!$B$10,1+IFERROR(INDEX(角色面板!$I$18:$I$21,MATCH($E4,角色面板!$A$18:$A$21,0)),0)+$BB4+Boss参数!$H$4-$BM4)) -> 0.725 | BO4: =IF(E4="","",IF(OR(L4="J_COUNTER",L4="J_HARD"),MAX(0,1+INDEX(角色面板!$K$18:$K$21,MATCH(E4,角色面板!$A$18:$A$21,0))-DI4*Boss参数!$B$23+IF(OR(Boss参数!$B$43=1,L4="J_HARD"),IF(B4<=AH4,Boss参数!$B$46,0),0)),MAX(0,IF(OR(H4="术法",L4="RHI_BERRY",AND(L4="37_FOLLOW",Boss参数!$B$31=1)),1+BC4,IF(H4="仪式",1+BD4,IF(H4="洞知",EK4,1)))))) -> 1 | BP4: =IF($E4="","",MAX(1.1,$BA4-$BL4)) -> 1.1 | BQ4: =IF($BG4=0,0,$BK4*$BG4*$BN4*$BO4*$BI4) -> 0 | BR4: =IF($BG4=0,0,$BQ4*$BP4) -> 0 | BS4: =IF(BH4=0,0,ROUNDDOWN(AY4*BH4,0)*DV4*IF(Boss参数!$B$29=1,BN4,1)*IF(Boss参数!$B$33=1,BO4,1)*IF(Boss参数!$B$76=1,1-ES4,1)) -> 0 | BT4: =IF($BH4=0,0,$BS4*IF($E4="37",$BP4,1)) -> 0 | BU4: =IF(D4="",0,MIN(IF(Boss参数!$B$77=1,Boss参数!$B$63*Boss参数!$B$62,Boss参数!$B$61*Boss参数!$B$62),DW4+ROUNDDOWN(BS4,0)+ROUNDDOWN(DW4*Q4,0))) -> 0 | BV4: =IF(D4="",0,MIN(IF(Boss参数!$B$77=1,Boss参数!$B$63*Boss参数!$B$62,Boss参数!$B$61*Boss参数!$B$62),DX4+ROUNDDOWN(BT4,0)+ROUNDDOWN(DX4*Q4,0))) -> 0 | BW4: =IF($D4="",0,ROUNDDOWN($BU4*(1-$AZ4)+$BV4*$AZ4,0)) -> 0 | BX4: =IF($D4="","",IF(AND($L4="37_FOLLOW",$AB4<5),"检查：37灵光不足5",IF(AND($L4="LILYA_INSIGHT",$Y4=0),"检查：未进入弱点洞穿",IF(AND($L4="LILYA_FINISH",$Y4=0),"检查：未进入弱点洞穿","")))) | BY4: =IF($L4="LILYA_COBRA",IF($U4=0,1,$U4),$U4) -> 0 | BZ4: =$V4 -> 0 | CA4: =MIN(10,W4+IF(AND(L4="LILYA_COBRA",COUNTIF($L$3:L4,"LILYA_COBRA")=1),5,0)+IF(AND(L4="LILYA_DIVE",U4=1,COUNTIFS($DG$3:DG4,DG4,$L$3:L4,"LILYA_DIVE")=1),2,0)+IF(AND(FE4=1,U4=1),3,0)) -> 0 | CB4: =MIN(20,MAX(0,X4+IF(L4="LILYA_COBRA",IF(COUNTIF($L$3:L4,"LILYA_COBRA")=1,6,IF(U4=1,MAX(1,G4),IF(U4=2,2*MAX(1,G4),0))),0)+IF(AND(Y4=1,E4="红弩箭",L4<>"ENTER_INSIGHT"),1,0)-IF(AND(L4="LILYA_ULT",X4>=6),6,0))) -> 0 | CC4: =IF($L4="ENTER_INSIGHT",1,IF($L4="LILYA_FINISH",0,$Y4)) -> 0 | CD4: =IF(OR($L4="ENTER_INSIGHT",$L4="LILYA_FINISH"),0,IF(AND($Y4=1,$D4<>"",$E4<>"系统"),$Z4+1,$Z4)) -> 0 | CE4: =IF(OR($L4="ENTER_INSIGHT",$L4="LILYA_FINISH"),0,IF($L4="LILYA_INSIGHT",$AA4+1,$AA4)) -> 0 | CF4: =IF(OR($D4="",$E4="系统"),$AB4,IF($L4="37_FOLLOW",MAX(0,$AB4-5),MIN(10,$AB4+1+IF($L4="37_ULT",2,0)))) -> 2 | CG4: =MAX(0,$AC4-IF(AND($E4="37",$BH4>0,$AC4>0),1,0)+IF($L4="37_ULT",2,0)+IF($L4="37_TRIANGLE",IF($G4=3,2,1),0)) -> 0 | CH4: =MIN(35,AD4+IF(L4="J_HARD",6,0)+IF(L4="J_COUNTER",Boss参数!$B$30,0)) -> 0 | CI4: =MIN(Boss参数!$I$4,AE4+IF(L4="J_HARD",6,0)+IF(L4="J_ULT",AD4,0)+IF(L4="J_COUNTER",Boss参数!$B$30,0)) -> 0 | CJ4: =IF(L4="J_ULT",AD4*Boss参数!$B$41,IF(B4<=AG4,AF4,0)) -> 0 | CK4: =IF(L4="J_ULT",B4+2,AG4) -> 0 | CL4: =IF($L4="RHI_BUFF",$B4+2,$AH4) -> 3 | CM4: =IF($L4="RHI_ULT",$B4+2,$AI4) -> 0 | CN4: =IF($L4="RHI_ULT",$B4+3,$AJ4) -> 0 | CO4: =IF($L4="RHI_ULT",$B4+2,$AK4) -> 0 | CP4: =MIN(3,$AL4+IF(OR($L4="J_COUNTER",$L4="J_HARD"),1,0)) -> 0 | CQ4: =MIN(30,$AM4+IF($H4="仪式",5,0)) -> 0 | CR4: =IF(L4="37_ULT",FD4+1,AN4) -> 0 | CS4: =IF(OR(L4="ENTER_INSIGHT",L4="LILYA_FINISH"),0,IF(AND(Y4=1,H4="洞知"),AO4+1,AO4)) -> 0 | CT4: =IF(AND($L4="RHI_ATTACK",$EE4>0),MAX(IF($B4<=$AQ4,$AP4,0),0.11+0.01*$G4),IF($B4<=$AQ4,$AP4,0)) -> 0 | CU4: =IF(AND($L4="RHI_ATTACK",$EE4>0,0.11+0.01*$G4>=IF($B4<=$AQ4,$AP4,0)),$B4+2,$AQ4) -> 0 | CV4: =IF(AND($L4="RHI_ATTACK",$B4<=$AJ4),0.15+MIN(0.15,$AV4*0.03),IF($B4<=$AS4,$AR4,0)) -> 0 | CW4: =IF(AND($L4="RHI_ATTACK",$B4<=$AJ4),$B4+2,$AS4) -> 0 | CX4: =IF(AND($L4="RHI_BUFF",$B4<=$AJ4),0.15+MIN(0.15,$AV4*0.03),IF($B4<=$AU4,$AT4,0)) -> 0 | CY4: =IF(AND($L4="RHI_BUFF",$B4<=$AJ4),$B4+2,$AU4) -> 0 | DG4: =IF(D4="","",行动模拟!B10) -> 1 | DH4: =IF(L4="END_TURN","回合结束",IF(D4="","",IF(INDEX(回合状态!$C$7:$C$17,MATCH(DG4,回合状态!$A$7:$A$17,0))="洞穿","洞穿",IF(OR(L4="J_COUNTER",L4="BOSS_ACTION",L4="BOSS_CONSERVATIVE"),"敌方",IF(AND(L4="37_FOLLOW",DG4=DG3,DH3="敌方"),"敌方",IF(INDEX(回合状态!$C$7:$C$17,MATCH(DG4,回合状态!$A$7:$A$17,0))="普通","出牌",INDEX(回合状态!$C$7:$C$17,MATCH(DG4,回合状态!$A$7:$A$17,0)))))))) -> 出牌 | DI4: =IF(E4="红弩箭",DJ4,IF(E4="37",DK4,IF(E4="小瑞安侬",DL4,IF(E4="J",DM4,0)))) -> 0 | DJ4: =IF(D4="",0,MIN(Boss参数!$B$25,IF(OR(AND(DH4="敌方",OR(DH3<>"敌方",DG4<>DG3)),AND(L4="END_TURN",DH4<>"洞穿"),AND(DG4<>DG3,DH3<>"洞穿",L3<>"END_TURN",COUNTIFS($DG$3:DG3,DG3,$DH$3:DH3,"敌方")=0)),EW4,DN3))) -> 0 | DK4: =IF(D4="",0,MIN(Boss参数!$B$25,IF(OR(AND(DH4="敌方",OR(DH3<>"敌方",DG4<>DG3)),AND(L4="END_TURN",DH4<>"洞穿"),AND(DG4<>DG3,DH3<>"洞穿",L3<>"END_TURN",COUNTIFS($DG$3:DG3,DG3,$DH$3:DH3,"敌方")=0)),EW4,DO3))) -> 0 | DL4: =IF(D4="",0,MIN(Boss参数!$B$25,IF(OR(AND(DH4="敌方",OR(DH3<>"敌方",DG4<>DG3)),AND(L4="END_TURN",DH4<>"洞穿"),AND(DG4<>DG3,DH3<>"洞穿",L3<>"END_TURN",COUNTIFS($DG$3:DG3,DG3,$DH$3:DH3,"敌方")=0)),EW4,DP3))) -> 0 | DM4: =IF(D4="",0,MIN(Boss参数!$B$25,IF(OR(AND(DH4="敌方",OR(DH3<>"敌方",DG4<>DG3)),AND(L4="END_TURN",DH4<>"洞穿"),AND(DG4<>DG3,DH3<>"洞穿",L3<>"END_TURN",COUNTIFS($DG$3:DG3,DG3,$DH$3:DH3,"敌方")=0)),EW4,DQ3))) -> 0 | DN4: =MAX(0,MIN(Boss参数!$B$25,DJ4+DR4)-IF(E4="红弩箭",2*DR4,0)) -> 0 | DO4: =MAX(0,MIN(Boss参数!$B$25,DK4+DR4)-IF(E4="37",2*DR4,0)) -> 0 | DP4: =MAX(0,MIN(Boss参数!$B$25,DL4+DR4)-IF(E4="小瑞安侬",2*DR4,0)) -> 0 | DQ4: =MAX(0,MIN(Boss参数!$B$25,DM4+DR4)-IF(E4="J",2*DR4,0)) -> 0 | DR4: =IF(AND(OR(J4>0,K4>0),DI4>0),1,0) -> 0 | DS4: =IF(AND(OR(J4>0,K4>0),OR(H4="术法",H4="仪式",H4="洞知",H4="特殊")),1,0) -> 0 | DT4: =IF(OR(E4="",E4="系统"),0,IF(OR(AND(DS4=1,Boss参数!$B$32=1),L4="RHI_BERRY",OR(AND(INDEX(角色面板!$B$18:$B$21,MATCH(E4,角色面板!$A$18:$A$21,0))="星",Boss参数!$B$4="岩"),AND(INDEX(角色面板!$B$18:$B$21,MATCH(E4,角色面板!$A$18:$A$21,0))="岩",Boss参数!$B$4="兽"),AND(INDEX(角色面板!$B$18:$B$21,MATCH(E4,角色面板!$A$18:$A$21,0))="兽",Boss参数!$B$4="木"),AND(INDEX(角色面板!$B$18:$B$21,MATCH(E4,角色面板!$A$18:$A$21,0))="木",Boss参数!$B$4="星"),AND(INDEX(角色面板!$B$18:$B$21,MATCH(E4,角色面板!$A$18:$A$21,0))="智",Boss参数!$B$4="灵"),AND(INDEX(角色面板!$B$18:$B$21,MATCH(E4,角色面板!$A$18:$A$21,0))="灵",Boss参数!$B$4="智"))),1,0)) -> 0 | DU4: =IF(D4="",0,INDEX(回合状态!$E$7:$E$17,MATCH(DG4,回合状态!$A$7:$A$17,0))+IF(AND(DH4="敌方",OR(INDEX(回合状态!$C$7:$C$17,MATCH(DG4,回合状态!$A$7:$A$17,0))="普通",INDEX(回合状态!$C$7:$C$17,MATCH(DG4,回合状态!$A$7:$A$17,0))="额外")),0.05,0)) -> 0 | DV4: =MAX(Boss参数!$B$28,1+IF(AND(E4="37",AC4>0,BH4>0),Boss参数!$B$42,0)-DI4*Boss参数!$B$24+EA4-ER4) -> 1 | DW4: =MIN(IF(Boss参数!$B$77=1,Boss参数!$B$63*Boss参数!$B$62,Boss参数!$B$61*Boss参数!$B$62),ROUNDDOWN(BQ4*(1-ES4),0)) -> 0 | DX4: =MIN(IF(Boss参数!$B$77=1,Boss参数!$B$63*Boss参数!$B$62,Boss参数!$B$61*Boss参数!$B$62),ROUNDDOWN(BR4*(1-ES4),0)) -> 0 | DY4: =DZ3 -> 0 | DZ4: =IF(L4="RHI_ULT",MIN(Boss参数!$B$48,ROUNDDOWN(AY4*Boss参数!$B$47,0)),DY4) -> 0 | EA4: 0 | EB4: =EE4+EF4 -> 0 | EC4: =SUMIFS($EB$3:EB4,$B$3:B4,">="&MAX(1,B4-2),$B$3:B4,"<="&B4)*Boss参数!$B$51 -> 2 | ED4: =IF(D4="",EG3,IF(AND(DG4<>DG3,DH4<>"洞穿"),MIN(Boss参数!$B$55,EG3+2),EG3)) -> 1 | EE4: =IF(OR(L4="RHI_ATTACK",L4="RHI_BUFF"),MIN(1,ED4),0) -> 0 | EF4: =IF(AND(OR(L4="END_TURN",AND(DH4="敌方",OR(DH3<>"敌方",DG4<>DG3))),SUMIFS($EF$3:EF3,$DG$3:DG3,DG4)=0),MIN(1,MAX(0,ED4-EE4)),0) -> 0 | EG4: =MAX(0,ED4-EE4-EF4) -> 1 | EH4: =Boss参数!$B$53-IF(Y4=1,Boss参数!$B$54,0) -> 0 | EI4: =IF(B4<=AU4,0.15+MIN(0.15,AV4*0.03),0) -> 0 | EJ4: =IF(B4<=AS4,0.15+MIN(0.15,AV4*0.03),0) -> 0 | EK4: =MAX(0,1+BE4-EH4) -> 1 | EL4: =IF(AND(D4<>"",DG4<>DG3,DH4<>"洞穿"),1,0) -> 0 | EM4: =IF(AND(DG4<>DG3,DH4="洞穿"),0,IF(L4="ENTER_INSIGHT",Boss参数!$B$57,EO3)) -> 0 | EN4: =IF(AND(Y4=1,H4="洞知",EM4>0),Boss参数!$B$56,0) -> 0 | EO4: =MAX(0,EM4-IF(AND(Y4=1,H4="洞知",Q4>0),1,0))+IF(AND(Y4=1,L4="37_INSIGHT"),1,0) -> 0 | EP4: =ET3 -> 0 | EQ4: =ROUNDDOWN(EP4/Boss参数!$B$62,0) -> 0 | ER4: =IF(EQ4>=Boss参数!$B$66,Boss参数!$B$69,IF(EQ4>=Boss参数!$B$65,Boss参数!$B$68,IF(EQ4>=Boss参数!$B$64,Boss参数!$B$67,0))) -> 0 | ES4: =MIN(1,IF(EQ4>=Boss参数!$B$66,Boss参数!$B$72+ROUNDDOWN((EQ4-Boss参数!$B$66)/Boss参数!$B$73,0)*Boss参数!$B$74,IF(EQ4>=Boss参数!$B$65,Boss参数!$B$71,IF(EQ4>=Boss参数!$B$64,Boss参数!$B$70,0)))) -> 0 | ET4: =MIN(Boss参数!$B$61*Boss参数!$B$62,EP4+IF(AND(Boss参数!$B$60=1,ISNUMBER(验证表!H10)),验证表!H10,EU4)) -> 0 | EU4: =IF(D4="",0,IF(验证表!G10="是",BV4,IF(验证表!G10="否",BU4,BW4))) -> 0 | EV4: =IF(EQ4>=Boss参数!$B$66,2,IF(EQ4>=Boss参数!$B$65,1,0)) -> 0 | EW4: =1+EV4 -> 1 | EX4: =IF(D4="",0,INDEX(回合状态!$D$7:$D$17,MATCH(DG4,回合状态!$A$7:$A$17,0))) -> 1 | EY4: =IF(OR(L4="RHI_ATTACK",L4="RHI_BUFF"),1,IF(L4="RHI_ULT",Boss参数!$B$52,0)) -> 0 | EZ4: =MIN(6,SUMIFS($EY$3:EY4,$EX$3:EX4,">="&MAX(1,EX4-Boss参数!$B$87+1),$EX$3:EX4,"<="&EX4)) -> 1 | FA4: =IF(D4="",0,IF(DG4<>DG3,AD4,FA3)) -> 0 | FB4: =IF(L4="BOSS_CONSERVATIVE",B4+Boss参数!$B$91,FB3) -> 0 | FC4: =IF(AND(D4<>"",B4<=FB3,FB3>0,OR(L4="J_COUNTER",L4="37_FOLLOW",L4="RHI_BERRY")),1,0) -> 0 | FD4: =IF(D4="",FD3,FD3+IF(AND(DG4<>DG3,INDEX(回合状态!$C$7:$C$17,MATCH(DG4,回合状态!$A$7:$A$17,0))<>"洞穿"),1,0)) -> 1 | FE4: =IF(D4="",0,IF(AND(OR(L4="END_TURN",DH4="敌方"),INDEX(回合状态!$C$7:$C$17,MATCH(DG4,回合状态!$A$7:$A$17,0))<>"洞穿",SUMIFS($FE$3:FE3,$DG$3:DG3,DG4)=0),1,0)) -> 0
A5: =行动模拟!A11 -> 3 | B5: =IF(D5="",0,INDEX(回合状态!$B$7:$B$17,MATCH(DG5,回合状态!$A$7:$A$17,0))) -> 1 | C5: =行动模拟!C11 -> 3 | D5: =IF(行动模拟!D11="","",行动模拟!D11) -> 红弩箭｜眼镜蛇机动 | E5: =IF($D5="","",IFERROR(INDEX(技能数据库!$B$4:$B$38,MATCH($D5,技能数据库!$A$4:$A$38,0)),"")) -> 红弩箭 | F5: =IF($D5="","",IFERROR(INDEX(技能数据库!$C$4:$C$38,MATCH($D5,技能数据库!$A$4:$A$38,0)),"")) -> 眼镜蛇机动 | G5: =IF($D5="","",IFERROR(INDEX(技能数据库!$D$4:$D$38,MATCH($D5,技能数据库!$A$4:$A$38,0)),"")) -> 0 | H5: =IF($D5="","",IFERROR(INDEX(技能数据库!$E$4:$E$38,MATCH($D5,技能数据库!$A$4:$A$38,0)),"")) -> 增益 | I5: =IF($D5="","",IFERROR(INDEX(技能数据库!$F$4:$F$38,MATCH($D5,技能数据库!$A$4:$A$38,0)),"")) -> 无 | J5: =IF($D5="","",IFERROR(INDEX(技能数据库!$G$4:$G$38,MATCH($D5,技能数据库!$A$4:$A$38,0)),"")) -> 0 | K5: =IF($D5="","",IFERROR(INDEX(技能数据库!$H$4:$H$38,MATCH($D5,技能数据库!$A$4:$A$38,0)),"")) -> 0 | L5: =IF($D5="","",IFERROR(INDEX(技能数据库!$I$4:$I$38,MATCH($D5,技能数据库!$A$4:$A$38,0)),"")) -> LILYA_COBRA | M5: 1 | Q5: =EN5 -> 0 | R5: 0 | S5: 0 | T5: =行动模拟!I11 -> 0 | U5: =IF(FD5<>FD4,IF(BY4=1,IF(MIN(10,CA4+IF(AND(DG5<>DG4,DH4<>"洞穿",SUMIFS($FE$3:FE4,$DG$3:DG4,DG4)=0,BY4=1),3,0))>=10,2,1),IF(BY4=2,IF(BZ4<=1,0,2),0)),BY4) -> 0 | V5: =IF(FD5<>FD4,IF(BY4=1,IF(MIN(10,CA4+IF(AND(DG5<>DG4,DH4<>"洞穿",SUMIFS($FE$3:FE4,$DG$3:DG4,DG4)=0,BY4=1),3,0))>=10,2,0),IF(BY4=2,MAX(0,BZ4-1),0)),BZ4) -> 0 | W5: =IF(AND(FD5<>FD4,BY4=2,BZ4<=1),0,MIN(10,CA4+IF(AND(DG5<>DG4,DH4<>"洞穿",SUMIFS($FE$3:FE4,$DG$3:DG4,DG4)=0,BY4=1),3,0))) -> 0 | X5: =$CB4 -> 0 | Y5: =IF(AND(DG5<>DG4,DH5="洞穿"),1,$CC4) -> 0 | Z5: =IF(AND(DG5<>DG4,DH5="洞穿"),0,$CD4) -> 0 | AA5: =IF(AND(DG5<>DG4,DH5="洞穿"),0,$CE4) -> 0 | AB5: =$CF4 -> 2 | AC5: =$CG4 -> 0 | AD5: =CH4 -> 0 | AE5: =IF(D5="",0,IF(DG5<>DG4,IFERROR(INDEX(回合状态!$F$7:$F$17,MATCH(DG5,回合状态!$A$7:$A$17,0)),0),CI4)) -> 0 | AF5: =$CJ4 -> 0 | AG5: =$CK4 -> 0 | AH5: =$CL4 -> 3 | AI5: =$CM4 -> 0 | AJ5: =$CN4 -> 0 | AK5: =$CO4 -> 0 | AL5: =$CP4 -> 0 | AM5: =$CQ4 -> 0 | AN5: =CR4 -> 0 | AO5: =$CS4 -> 0 | AP5: =$CT4 -> 0 | AQ5: =$CU4 -> 0 | AR5: =$CV4 -> 0 | AS5: =$CW4 -> 0 | AT5: =$CX4 -> 0 | AU5: =$CY4 -> 0 | AV5: =MIN(5,SUMIFS($EL$3:EL5,$B$3:B5,">="&MAX(1,B5-2),$B$3:B5,"<="&B5)+EC5) -> 3 | AW5: =MIN(6,SUMIFS($EY$3:EY4,$EX$3:EX4,">="&MAX(1,EX5-Boss参数!$B$87+1),$EX$3:EX4,"<="&EX5)) -> 1 | AX5: =MIN(4,COUNTIFS($B$3:$B$4,">="&MAX(1,$B5-2),$B$3:$B$4,"<="&$B5,$L$3:$L$4,"37_FOLLOW")) -> 0 | AY5: =IF($E5="","",IF($E5="系统",0,ROUNDDOWN(INDEX(角色面板!$C$4:$C$7,MATCH($E5,角色面板!$A$4:$A$7,0))*(1+INDEX(角色面板!$C$11:$C$14,MATCH($E5,角色面板!$A$11:$A$14,0))+IF($E5="小瑞安侬",MAX(IF($B5<=$AQ5,$AP5,0),IF(AND($L5="RHI_ATTACK",$EE5>0),0.11+0.01*$G5,0)),0)+IF($E5="J",$AD5*Boss参数!$B$18,0))+IF(FD5<=$AN5,MIN(Boss参数!$B$21,ROUNDDOWN(角色面板!$C$19*Boss参数!$B$20,0)),0)+IF(AND($B5<=$AK5,$E5<>"小瑞安侬"),$DY5,0),0))) -> 2755 | AZ5: =IF($E5="","",MAX(0,MIN(1,IFERROR(INDEX(角色面板!$G$18:$G$21,MATCH($E5,角色面板!$A$18:$A$21,0)),0)-FC5*Boss参数!$B$89-Boss参数!$E$4))) -> 1 | BA5: =IF(E5="","",(IF($E5="","",IF($E5="红弩箭",Boss参数!$B$80,IF($E5="J",Boss参数!$B$81,IFERROR(INDEX(角色面板!$H$18:$H$21,MATCH($E5,角色面板!$A$18:$A$21,0)),0)))+IF($B5<=$AI5,Boss参数!$B$13,0)+MIN(30,$AM5)*Boss参数!$B$17+IF(AND($L5="LILYA_ULT",$X5>=6),1,0)+IF(AND($Y5=1,$L5="LILYA_INSIGHT"),IF(MOD($AA5+1,3)=0,Boss参数!$B$83,Boss参数!$B$82),IF(AND($Y5=1,$L5="LILYA_FINISH"),Boss参数!$B$84,0))))-FC5*Boss参数!$B$90) -> 2.025 | BB5: =IF($E5="","",IFERROR(INDEX(角色面板!$M$18:$M$21,MATCH($E5,角色面板!$A$18:$A$21,0)),0)+$AW5*Boss参数!$B$12+IF($B5<=$AG5,$AF5,0)+$EI5+IF($L5="LILYA_DIVE",IF($U5=1,IF($G5=1,0.3,IF($G5=2,0.4,0.5)),IF($U5=2,IF($G5=1,0.6,IF($G5=2,0.8,1)),0)),0)+$R5+IF(AND($E5="J",OR($L5="J_COUNTER",$L5="J_HARD")),Boss参数!$B$79,0)+IF(AND(OR(L5="J_COUNTER",L5="J_HARD"),FA5>=Boss参数!$B$59),FA5*Boss参数!$B$40,0)) -> 0.26 | BC5: =IF($E5="","",IFERROR(INDEX(角色面板!$K$18:$K$21,MATCH($E5,角色面板!$A$18:$A$21,0)),0)+IF($B5<=$AH5,Boss参数!$B$46,0)+IF($E5="红弩箭",IF($U5=1,0.6,IF($U5=2,1.2,0))+$W5*0.06,0))-DI5*Boss参数!$B$23 -> -0.1 | BD5: =IF($E5="","",IFERROR(INDEX(角色面板!$L$18:$L$21,MATCH($E5,角色面板!$A$18:$A$21,0)),0)+IF($B5<=$AH5,Boss参数!$B$46,0)+IF($E5="J",$AL5*Boss参数!$B$16,0)+IF($E5="红弩箭",$X5*0.025,0)+IF(AND($L5="LILYA_ULT",$X5>=6),1,0))-DI5*Boss参数!$B$23 -> 0.3 | BE5: =IF($E5="","",IF($H5="洞知",IF($E5="红弩箭",$AO5*Boss参数!$B$15,0)+$AX5*Boss参数!$B$14,0)) -> 0 | BF5: =IF(AND($L5="LILYA_ULT",$X5>=6),0.2,0) -> 0 | BG5: =IF($D5="",0,IF(AND($L5<>"LILYA_DIVE",$L5<>"LILYA_ULT",$L5<>"LILYA_INSIGHT",$L5<>"LILYA_FINISH",$L5<>"37_FOLLOW",$L5<>"RHI_ATTACK",$L5<>"RHI_BERRY",$L5<>"J_COUNTER",$L5<>"J_ULT"),$J5,0)+IF($L5="LILYA_DIVE",$J5+IF($U5=1,IF($G5=1,6,IF($G5=2,12,18)),IF($U5=2,IF($G5=1,12,IF($G5=2,24,36)),0)),0)+IF($L5="LILYA_ULT",$J5+IF($X5>=6,18,0),0)+IF($L5="LILYA_INSIGHT",IF($Y5=1,IF(MOD($AA5+1,3)=0,32,15),0),0)+IF($L5="LILYA_FINISH",IF($Y5=1,50+2.5*$Z5,0),0)+IF($L5="37_FOLLOW",$J5,0)+IF($L5="RHI_ATTACK",$J5*IF($B5<=$AJ5,2,1),0)+IF($L5="RHI_BERRY",15+1.5*$AV5,0)+IF($L5="J_COUNTER",$J5+$AD5*Boss参数!$B$39,0)+IF($L5="J_ULT",$J5+Boss参数!$B$45*MAX(0,$AE5+$AD5-Boss参数!$I$4),0)+$S5) -> 0 | BH5: =IF(D5="",0,K5) -> 0 | BI5: =IF(E5="","",IF(DT5=1,1+Boss参数!$B$8+AV5*Boss参数!$B$19,1)) -> 1.42 | BJ5: =IF($I5="现实",Boss参数!$C$4,IF($I5="精神",Boss参数!$D$4,0)) -> 0 | BK5: =IF($E5="","",MAX($AY5*Boss参数!$B$9,$AY5-$BJ5*(1-$BF5))) -> 2755 | BL5: =MAX(0,Boss参数!$F$4+IF(DT5=0,Boss参数!$B$27,0)-EJ5) -> 0.4 | BM5: =Boss参数!$G$4+DU5-IF(Y5=1,Boss参数!$B$11,0) -> 0.4 | BN5: =IF($E5="","",MAX(Boss参数!$B$10,1+IFERROR(INDEX(角色面板!$I$18:$I$21,MATCH($E5,角色面板!$A$18:$A$21,0)),0)+$BB5+Boss参数!$H$4-$BM5)) -> 0.96 | BO5: =IF(E5="","",IF(OR(L5="J_COUNTER",L5="J_HARD"),MAX(0,1+INDEX(角色面板!$K$18:$K$21,MATCH(E5,角色面板!$A$18:$A$21,0))-DI5*Boss参数!$B$23+IF(OR(Boss参数!$B$43=1,L5="J_HARD"),IF(B5<=AH5,Boss参数!$B$46,0),0)),MAX(0,IF(OR(H5="术法",L5="RHI_BERRY",AND(L5="37_FOLLOW",Boss参数!$B$31=1)),1+BC5,IF(H5="仪式",1+BD5,IF(H5="洞知",EK5,1)))))) -> 1 | BP5: =IF($E5="","",MAX(1.1,$BA5-$BL5)) -> 1.625 | BQ5: =IF($BG5=0,0,$BK5*$BG5*$BN5*$BO5*$BI5) -> 0 | BR5: =IF($BG5=0,0,$BQ5*$BP5) -> 0 | BS5: =IF(BH5=0,0,ROUNDDOWN(AY5*BH5,0)*DV5*IF(Boss参数!$B$29=1,BN5,1)*IF(Boss参数!$B$33=1,BO5,1)*IF(Boss参数!$B$76=1,1-ES5,1)) -> 0 | BT5: =IF($BH5=0,0,$BS5*IF($E5="37",$BP5,1)) -> 0 | BU5: =IF(D5="",0,MIN(IF(Boss参数!$B$77=1,Boss参数!$B$63*Boss参数!$B$62,Boss参数!$B$61*Boss参数!$B$62),DW5+ROUNDDOWN(BS5,0)+ROUNDDOWN(DW5*Q5,0))) -> 0 | BV5: =IF(D5="",0,MIN(IF(Boss参数!$B$77=1,Boss参数!$B$63*Boss参数!$B$62,Boss参数!$B$61*Boss参数!$B$62),DX5+ROUNDDOWN(BT5,0)+ROUNDDOWN(DX5*Q5,0))) -> 0 | BW5: =IF($D5="",0,ROUNDDOWN($BU5*(1-$AZ5)+$BV5*$AZ5,0)) -> 0 | BX5: =IF($D5="","",IF(AND($L5="37_FOLLOW",$AB5<5),"检查：37灵光不足5",IF(AND($L5="LILYA_INSIGHT",$Y5=0),"检查：未进入弱点洞穿",IF(AND($L5="LILYA_FINISH",$Y5=0),"检查：未进入弱点洞穿","")))) | BY5: =IF($L5="LILYA_COBRA",IF($U5=0,1,$U5),$U5) -> 1 | BZ5: =$V5 -> 0 | CA5: =MIN(10,W5+IF(AND(L5="LILYA_COBRA",COUNTIF($L$3:L5,"LILYA_COBRA")=1),5,0)+IF(AND(L5="LILYA_DIVE",U5=1,COUNTIFS($DG$3:DG5,DG5,$L$3:L5,"LILYA_DIVE")=1),2,0)+IF(AND(FE5=1,U5=1),3,0)) -> 5 | CB5: =MIN(20,MAX(0,X5+IF(L5="LILYA_COBRA",IF(COUNTIF($L$3:L5,"LILYA_COBRA")=1,6,IF(U5=1,MAX(1,G5),IF(U5=2,2*MAX(1,G5),0))),0)+IF(AND(Y5=1,E5="红弩箭",L5<>"ENTER_INSIGHT"),1,0)-IF(AND(L5="LILYA_ULT",X5>=6),6,0))) -> 6 | CC5: =IF($L5="ENTER_INSIGHT",1,IF($L5="LILYA_FINISH",0,$Y5)) -> 0 | CD5: =IF(OR($L5="ENTER_INSIGHT",$L5="LILYA_FINISH"),0,IF(AND($Y5=1,$D5<>"",$E5<>"系统"),$Z5+1,$Z5)) -> 0 | CE5: =IF(OR($L5="ENTER_INSIGHT",$L5="LILYA_FINISH"),0,IF($L5="LILYA_INSIGHT",$AA5+1,$AA5)) -> 0 | CF5: =IF(OR($D5="",$E5="系统"),$AB5,IF($L5="37_FOLLOW",MAX(0,$AB5-5),MIN(10,$AB5+1+IF($L5="37_ULT",2,0)))) -> 3 | CG5: =MAX(0,$AC5-IF(AND($E5="37",$BH5>0,$AC5>0),1,0)+IF($L5="37_ULT",2,0)+IF($L5="37_TRIANGLE",IF($G5=3,2,1),0)) -> 0 | CH5: =MIN(35,AD5+IF(L5="J_HARD",6,0)+IF(L5="J_COUNTER",Boss参数!$B$30,0)) -> 0 | CI5: =MIN(Boss参数!$I$4,AE5+IF(L5="J_HARD",6,0)+IF(L5="J_ULT",AD5,0)+IF(L5="J_COUNTER",Boss参数!$B$30,0)) -> 0 | CJ5: =IF(L5="J_ULT",AD5*Boss参数!$B$41,IF(B5<=AG5,AF5,0)) -> 0 | CK5: =IF(L5="J_ULT",B5+2,AG5) -> 0 | CL5: =IF($L5="RHI_BUFF",$B5+2,$AH5) -> 3 | CM5: =IF($L5="RHI_ULT",$B5+2,$AI5) -> 0 | CN5: =IF($L5="RHI_ULT",$B5+3,$AJ5) -> 0 | CO5: =IF($L5="RHI_ULT",$B5+2,$AK5) -> 0 | CP5: =MIN(3,$AL5+IF(OR($L5="J_COUNTER",$L5="J_HARD"),1,0)) -> 0 | CQ5: =MIN(30,$AM5+IF($H5="仪式",5,0)) -> 0 | CR5: =IF(L5="37_ULT",FD5+1,AN5) -> 0 | CS5: =IF(OR(L5="ENTER_INSIGHT",L5="LILYA_FINISH"),0,IF(AND(Y5=1,H5="洞知"),AO5+1,AO5)) -> 0 | CT5: =IF(AND($L5="RHI_ATTACK",$EE5>0),MAX(IF($B5<=$AQ5,$AP5,0),0.11+0.01*$G5),IF($B5<=$AQ5,$AP5,0)) -> 0 | CU5: =IF(AND($L5="RHI_ATTACK",$EE5>0,0.11+0.01*$G5>=IF($B5<=$AQ5,$AP5,0)),$B5+2,$AQ5) -> 0 | CV5: =IF(AND($L5="RHI_ATTACK",$B5<=$AJ5),0.15+MIN(0.15,$AV5*0.03),IF($B5<=$AS5,$AR5,0)) -> 0 | CW5: =IF(AND($L5="RHI_ATTACK",$B5<=$AJ5),$B5+2,$AS5) -> 0 | CX5: =IF(AND($L5="RHI_BUFF",$B5<=$AJ5),0.15+MIN(0.15,$AV5*0.03),IF($B5<=$AU5,$AT5,0)) -> 0 | CY5: =IF(AND($L5="RHI_BUFF",$B5<=$AJ5),$B5+2,$AU5) -> 0 | DG5: =IF(D5="","",行动模拟!B11) -> 1 | DH5: =IF(L5="END_TURN","回合结束",IF(D5="","",IF(INDEX(回合状态!$C$7:$C$17,MATCH(DG5,回合状态!$A$7:$A$17,0))="洞穿","洞穿",IF(OR(L5="J_COUNTER",L5="BOSS_ACTION",L5="BOSS_CONSERVATIVE"),"敌方",IF(AND(L5="37_FOLLOW",DG5=DG4,DH4="敌方"),"敌方",IF(INDEX(回合状态!$C$7:$C$17,MATCH(DG5,回合状态!$A$7:$A$17,0))="普通","出牌",INDEX(回合状态!$C$7:$C$17,MATCH(DG5,回合状态!$A$7:$A$17,0)))))))) -> 出牌 | DI5: =IF(E5="红弩箭",DJ5,IF(E5="37",DK5,IF(E5="小瑞安侬",DL5,IF(E5="J",DM5,0)))) -> 0 | DJ5: =IF(D5="",0,MIN(Boss参数!$B$25,IF(OR(AND(DH5="敌方",OR(DH4<>"敌方",DG5<>DG4)),AND(L5="END_TURN",DH5<>"洞穿"),AND(DG5<>DG4,DH4<>"洞穿",L4<>"END_TURN",COUNTIFS($DG$3:DG4,DG4,$DH$3:DH4,"敌方")=0)),EW5,DN4))) -> 0 | DK5: =IF(D5="",0,MIN(Boss参数!$B$25,IF(OR(AND(DH5="敌方",OR(DH4<>"敌方",DG5<>DG4)),AND(L5="END_TURN",DH5<>"洞穿"),AND(DG5<>DG4,DH4<>"洞穿",L4<>"END_TURN",COUNTIFS($DG$3:DG4,DG4,$DH$3:DH4,"敌方")=0)),EW5,DO4))) -> 0 | DL5: =IF(D5="",0,MIN(Boss参数!$B$25,IF(OR(AND(DH5="敌方",OR(DH4<>"敌方",DG5<>DG4)),AND(L5="END_TURN",DH5<>"洞穿"),AND(DG5<>DG4,DH4<>"洞穿",L4<>"END_TURN",COUNTIFS($DG$3:DG4,DG4,$DH$3:DH4,"敌方")=0)),EW5,DP4))) -> 0 | DM5: =IF(D5="",0,MIN(Boss参数!$B$25,IF(OR(AND(DH5="敌方",OR(DH4<>"敌方",DG5<>DG4)),AND(L5="END_TURN",DH5<>"洞穿"),AND(DG5<>DG4,DH4<>"洞穿",L4<>"END_TURN",COUNTIFS($DG$3:DG4,DG4,$DH$3:DH4,"敌方")=0)),EW5,DQ4))) -> 0 | DN5: =MAX(0,MIN(Boss参数!$B$25,DJ5+DR5)-IF(E5="红弩箭",2*DR5,0)) -> 0 | DO5: =MAX(0,MIN(Boss参数!$B$25,DK5+DR5)-IF(E5="37",2*DR5,0)) -> 0 | DP5: =MAX(0,MIN(Boss参数!$B$25,DL5+DR5)-IF(E5="小瑞安侬",2*DR5,0)) -> 0 | DQ5: =MAX(0,MIN(Boss参数!$B$25,DM5+DR5)-IF(E5="J",2*DR5,0)) -> 0 | DR5: =IF(AND(OR(J5>0,K5>0),DI5>0),1,0) -> 0 | DS5: =IF(AND(OR(J5>0,K5>0),OR(H5="术法",H5="仪式",H5="洞知",H5="特殊")),1,0) -> 0 | DT5: =IF(OR(E5="",E5="系统"),0,IF(OR(AND(DS5=1,Boss参数!$B$32=1),L5="RHI_BERRY",OR(AND(INDEX(角色面板!$B$18:$B$21,MATCH(E5,角色面板!$A$18:$A$21,0))="星",Boss参数!$B$4="岩"),AND(INDEX(角色面板!$B$18:$B$21,MATCH(E5,角色面板!$A$18:$A$21,0))="岩",Boss参数!$B$4="兽"),AND(INDEX(角色面板!$B$18:$B$21,MATCH(E5,角色面板!$A$18:$A$21,0))="兽",Boss参数!$B$4="木"),AND(INDEX(角色面板!$B$18:$B$21,MATCH(E5,角色面板!$A$18:$A$21,0))="木",Boss参数!$B$4="星"),AND(INDEX(角色面板!$B$18:$B$21,MATCH(E5,角色面板!$A$18:$A$21,0))="智",Boss参数!$B$4="灵"),AND(INDEX(角色面板!$B$18:$B$21,MATCH(E5,角色面板!$A$18:$A$21,0))="灵",Boss参数!$B$4="智"))),1,0)) -> 1 | DU5: =IF(D5="",0,INDEX(回合状态!$E$7:$E$17,MATCH(DG5,回合状态!$A$7:$A$17,0))+IF(AND(DH5="敌方",OR(INDEX(回合状态!$C$7:$C$17,MATCH(DG5,回合状态!$A$7:$A$17,0))="普通",INDEX(回合状态!$C$7:$C$17,MATCH(DG5,回合状态!$A$7:$A$17,0))="额外")),0.05,0)) -> 0 | DV5: =MAX(Boss参数!$B$28,1+IF(AND(E5="37",AC5>0,BH5>0),Boss参数!$B$42,0)-DI5*Boss参数!$B$24+EA5-ER5) -> 1 | DW5: =MIN(IF(Boss参数!$B$77=1,Boss参数!$B$63*Boss参数!$B$62,Boss参数!$B$61*Boss参数!$B$62),ROUNDDOWN(BQ5*(1-ES5),0)) -> 0 | DX5: =MIN(IF(Boss参数!$B$77=1,Boss参数!$B$63*Boss参数!$B$62,Boss参数!$B$61*Boss参数!$B$62),ROUNDDOWN(BR5*(1-ES5),0)) -> 0 | DY5: =DZ4 -> 0 | DZ5: =IF(L5="RHI_ULT",MIN(Boss参数!$B$48,ROUNDDOWN(AY5*Boss参数!$B$47,0)),DY5) -> 0 | EA5: 0 | EB5: =EE5+EF5 -> 0 | EC5: =SUMIFS($EB$3:EB5,$B$3:B5,">="&MAX(1,B5-2),$B$3:B5,"<="&B5)*Boss参数!$B$51 -> 2 | ED5: =IF(D5="",EG4,IF(AND(DG5<>DG4,DH5<>"洞穿"),MIN(Boss参数!$B$55,EG4+2),EG4)) -> 1 | EE5: =IF(OR(L5="RHI_ATTACK",L5="RHI_BUFF"),MIN(1,ED5),0) -> 0 | EF5: =IF(AND(OR(L5="END_TURN",AND(DH5="敌方",OR(DH4<>"敌方",DG5<>DG4))),SUMIFS($EF$3:EF4,$DG$3:DG4,DG5)=0),MIN(1,MAX(0,ED5-EE5)),0) -> 0 | EG5: =MAX(0,ED5-EE5-EF5) -> 1 | EH5: =Boss参数!$B$53-IF(Y5=1,Boss参数!$B$54,0) -> 0 | EI5: =IF(B5<=AU5,0.15+MIN(0.15,AV5*0.03),0) -> 0 | EJ5: =IF(B5<=AS5,0.15+MIN(0.15,AV5*0.03),0) -> 0 | EK5: =MAX(0,1+BE5-EH5) -> 1 | EL5: =IF(AND(D5<>"",DG5<>DG4,DH5<>"洞穿"),1,0) -> 0 | EM5: =IF(AND(DG5<>DG4,DH5="洞穿"),0,IF(L5="ENTER_INSIGHT",Boss参数!$B$57,EO4)) -> 0 | EN5: =IF(AND(Y5=1,H5="洞知",EM5>0),Boss参数!$B$56,0) -> 0 | EO5: =MAX(0,EM5-IF(AND(Y5=1,H5="洞知",Q5>0),1,0))+IF(AND(Y5=1,L5="37_INSIGHT"),1,0) -> 0 | EP5: =ET4 -> 0 | EQ5: =ROUNDDOWN(EP5/Boss参数!$B$62,0) -> 0 | ER5: =IF(EQ5>=Boss参数!$B$66,Boss参数!$B$69,IF(EQ5>=Boss参数!$B$65,Boss参数!$B$68,IF(EQ5>=Boss参数!$B$64,Boss参数!$B$67,0))) -> 0 | ES5: =MIN(1,IF(EQ5>=Boss参数!$B$66,Boss参数!$B$72+ROUNDDOWN((EQ5-Boss参数!$B$66)/Boss参数!$B$73,0)*Boss参数!$B$74,IF(EQ5>=Boss参数!$B$65,Boss参数!$B$71,IF(EQ5>=Boss参数!$B$64,Boss参数!$B$70,0)))) -> 0 | ET5: =MIN(Boss参数!$B$61*Boss参数!$B$62,EP5+IF(AND(Boss参数!$B$60=1,ISNUMBER(验证表!H11)),验证表!H11,EU5)) -> 0 | EU5: =IF(D5="",0,IF(验证表!G11="是",BV5,IF(验证表!G11="否",BU5,BW5))) -> 0 | EV5: =IF(EQ5>=Boss参数!$B$66,2,IF(EQ5>=Boss参数!$B$65,1,0)) -> 0 | EW5: =1+EV5 -> 1 | EX5: =IF(D5="",0,INDEX(回合状态!$D$7:$D$17,MATCH(DG5,回合状态!$A$7:$A$17,0))) -> 1 | EY5: =IF(OR(L5="RHI_ATTACK",L5="RHI_BUFF"),1,IF(L5="RHI_ULT",Boss参数!$B$52,0)) -> 0 | EZ5: =MIN(6,SUMIFS($EY$3:EY5,$EX$3:EX5,">="&MAX(1,EX5-Boss参数!$B$87+1),$EX$3:EX5,"<="&EX5)) -> 1 | FA5: =IF(D5="",0,IF(DG5<>DG4,AD5,FA4)) -> 0 | FB5: =IF(L5="BOSS_CONSERVATIVE",B5+Boss参数!$B$91,FB4) -> 0 | FC5: =IF(AND(D5<>"",B5<=FB4,FB4>0,OR(L5="J_COUNTER",L5="37_FOLLOW",L5="RHI_BERRY")),1,0) -> 0 | FD5: =IF(D5="",FD4,FD4+IF(AND(DG5<>DG4,INDEX(回合状态!$C$7:$C$17,MATCH(DG5,回合状态!$A$7:$A$17,0))<>"洞穿"),1,0)) -> 1 | FE5: =IF(D5="",0,IF(AND(OR(L5="END_TURN",DH5="敌方"),INDEX(回合状态!$C$7:$C$17,MATCH(DG5,回合状态!$A$7:$A$17,0))<>"洞穿",SUMIFS($FE$3:FE4,$DG$3:DG4,DG5)=0),1,0)) -> 0
A6: =行动模拟!A12 -> 4 | B6: =IF(D6="",0,INDEX(回合状态!$B$7:$B$17,MATCH(DG6,回合状态!$A$7:$A$17,0))) -> 1 | C6: =行动模拟!C12 -> 4 | D6: =IF(行动模拟!D12="","",行动模拟!D12) -> 红弩箭｜极限俯冲Ⅰ | E6: =IF($D6="","",IFERROR(INDEX(技能数据库!$B$4:$B$38,MATCH($D6,技能数据库!$A$4:$A$38,0)),"")) -> 红弩箭 | F6: =IF($D6="","",IFERROR(INDEX(技能数据库!$C$4:$C$38,MATCH($D6,技能数据库!$A$4:$A$38,0)),"")) -> 极限俯冲 | G6: =IF($D6="","",IFERROR(INDEX(技能数据库!$D$4:$D$38,MATCH($D6,技能数据库!$A$4:$A$38,0)),"")) -> 1 | H6: =IF($D6="","",IFERROR(INDEX(技能数据库!$E$4:$E$38,MATCH($D6,技能数据库!$A$4:$A$38,0)),"")) -> 术法 | I6: =IF($D6="","",IFERROR(INDEX(技能数据库!$F$4:$F$38,MATCH($D6,技能数据库!$A$4:$A$38,0)),"")) -> 现实 | J6: =IF($D6="","",IFERROR(INDEX(技能数据库!$G$4:$G$38,MATCH($D6,技能数据库!$A$4:$A$38,0)),"")) -> 3 | K6: =IF($D6="","",IFERROR(INDEX(技能数据库!$H$4:$H$38,MATCH($D6,技能数据库!$A$4:$A$38,0)),"")) -> 0 | L6: =IF($D6="","",IFERROR(INDEX(技能数据库!$I$4:$I$38,MATCH($D6,技能数据库!$A$4:$A$38,0)),"")) -> LILYA_DIVE | M6: 1 | Q6: =EN6 -> 0 | R6: 0 | S6: 0 | T6: =行动模拟!I12 -> 0 | U6: =IF(FD6<>FD5,IF(BY5=1,IF(MIN(10,CA5+IF(AND(DG6<>DG5,DH5<>"洞穿",SUMIFS($FE$3:FE5,$DG$3:DG5,DG5)=0,BY5=1),3,0))>=10,2,1),IF(BY5=2,IF(BZ5<=1,0,2),0)),BY5) -> 1 | V6: =IF(FD6<>FD5,IF(BY5=1,IF(MIN(10,CA5+IF(AND(DG6<>DG5,DH5<>"洞穿",SUMIFS($FE$3:FE5,$DG$3:DG5,DG5)=0,BY5=1),3,0))>=10,2,0),IF(BY5=2,MAX(0,BZ5-1),0)),BZ5) -> 0 | W6: =IF(AND(FD6<>FD5,BY5=2,BZ5<=1),0,MIN(10,CA5+IF(AND(DG6<>DG5,DH5<>"洞穿",SUMIFS($FE$3:FE5,$DG$3:DG5,DG5)=0,BY5=1),3,0))) -> 5 | X6: =$CB5 -> 6 | Y6: =IF(AND(DG6<>DG5,DH6="洞穿"),1,$CC5) -> 0 | Z6: =IF(AND(DG6<>DG5,DH6="洞穿"),0,$CD5) -> 0 | AA6: =IF(AND(DG6<>DG5,DH6="洞穿"),0,$CE5) -> 0 | AB6: =$CF5 -> 3 | AC6: =$CG5 -> 0 | AD6: =CH5 -> 0 | AE6: =IF(D6="",0,IF(DG6<>DG5,IFERROR(INDEX(回合状态!$F$7:$F$17,MATCH(DG6,回合状态!$A$7:$A$17,0)),0),CI5)) -> 0 | AF6: =$CJ5 -> 0 | AG6: =$CK5 -> 0 | AH6: =$CL5 -> 3 | AI6: =$CM5 -> 0 | AJ6: =$CN5 -> 0 | AK6: =$CO5 -> 0 | AL6: =$CP5 -> 0 | AM6: =$CQ5 -> 0 | AN6: =CR5 -> 0 | AO6: =$CS5 -> 0 | AP6: =$CT5 -> 0 | AQ6: =$CU5 -> 0 | AR6: =$CV5 -> 0 | AS6: =$CW5 -> 0 | AT6: =$CX5 -> 0 | AU6: =$CY5 -> 0 | AV6: =MIN(5,SUMIFS($EL$3:EL6,$B$3:B6,">="&MAX(1,B6-2),$B$3:B6,"<="&B6)+EC6) -> 3 | AW6: =MIN(6,SUMIFS($EY$3:EY5,$EX$3:EX5,">="&MAX(1,EX6-Boss参数!$B$87+1),$EX$3:EX5,"<="&EX6)) -> 1 | AX6: =MIN(4,COUNTIFS($B$3:$B$5,">="&MAX(1,$B6-2),$B$3:$B$5,"<="&$B6,$L$3:$L$5,"37_FOLLOW")) -> 0 | AY6: =IF($E6="","",IF($E6="系统",0,ROUNDDOWN(INDEX(角色面板!$C$4:$C$7,MATCH($E6,角色面板!$A$4:$A$7,0))*(1+INDEX(角色面板!$C$11:$C$14,MATCH($E6,角色面板!$A$11:$A$14,0))+IF($E6="小瑞安侬",MAX(IF($B6<=$AQ6,$AP6,0),IF(AND($L6="RHI_ATTACK",$EE6>0),0.11+0.01*$G6,0)),0)+IF($E6="J",$AD6*Boss参数!$B$18,0))+IF(FD6<=$AN6,MIN(Boss参数!$B$21,ROUNDDOWN(角色面板!$C$19*Boss参数!$B$20,0)),0)+IF(AND($B6<=$AK6,$E6<>"小瑞安侬"),$DY6,0),0))) -> 2755 | AZ6: =IF($E6="","",MAX(0,MIN(1,IFERROR(INDEX(角色面板!$G$18:$G$21,MATCH($E6,角色面板!$A$18:$A$21,0)),0)-FC6*Boss参数!$B$89-Boss参数!$E$4))) -> 1 | BA6: =IF(E6="","",(IF($E6="","",IF($E6="红弩箭",Boss参数!$B$80,IF($E6="J",Boss参数!$B$81,IFERROR(INDEX(角色面板!$H$18:$H$21,MATCH($E6,角色面板!$A$18:$A$21,0)),0)))+IF($B6<=$AI6,Boss参数!$B$13,0)+MIN(30,$AM6)*Boss参数!$B$17+IF(AND($L6="LILYA_ULT",$X6>=6),1,0)+IF(AND($Y6=1,$L6="LILYA_INSIGHT"),IF(MOD($AA6+1,3)=0,Boss参数!$B$83,Boss参数!$B$82),IF(AND($Y6=1,$L6="LILYA_FINISH"),Boss参数!$B$84,0))))-FC6*Boss参数!$B$90) -> 2.025 | BB6: =IF($E6="","",IFERROR(INDEX(角色面板!$M$18:$M$21,MATCH($E6,角色面板!$A$18:$A$21,0)),0)+$AW6*Boss参数!$B$12+IF($B6<=$AG6,$AF6,0)+$EI6+IF($L6="LILYA_DIVE",IF($U6=1,IF($G6=1,0.3,IF($G6=2,0.4,0.5)),IF($U6=2,IF($G6=1,0.6,IF($G6=2,0.8,1)),0)),0)+$R6+IF(AND($E6="J",OR($L6="J_COUNTER",$L6="J_HARD")),Boss参数!$B$79,0)+IF(AND(OR(L6="J_COUNTER",L6="J_HARD"),FA6>=Boss参数!$B$59),FA6*Boss参数!$B$40,0)) -> 0.56 | BC6: =IF($E6="","",IFERROR(INDEX(角色面板!$K$18:$K$21,MATCH($E6,角色面板!$A$18:$A$21,0)),0)+IF($B6<=$AH6,Boss参数!$B$46,0)+IF($E6="红弩箭",IF($U6=1,0.6,IF($U6=2,1.2,0))+$W6*0.06,0))-DI6*Boss参数!$B$23 -> 0.8 | BD6: =IF($E6="","",IFERROR(INDEX(角色面板!$L$18:$L$21,MATCH($E6,角色面板!$A$18:$A$21,0)),0)+IF($B6<=$AH6,Boss参数!$B$46,0)+IF($E6="J",$AL6*Boss参数!$B$16,0)+IF($E6="红弩箭",$X6*0.025,0)+IF(AND($L6="LILYA_ULT",$X6>=6),1,0))-DI6*Boss参数!$B$23 -> 0.45 | BE6: =IF($E6="","",IF($H6="洞知",IF($E6="红弩箭",$AO6*Boss参数!$B$15,0)+$AX6*Boss参数!$B$14,0)) -> 0 | BF6: =IF(AND($L6="LILYA_ULT",$X6>=6),0.2,0) -> 0 | BG6: =IF($D6="",0,IF(AND($L6<>"LILYA_DIVE",$L6<>"LILYA_ULT",$L6<>"LILYA_INSIGHT",$L6<>"LILYA_FINISH",$L6<>"37_FOLLOW",$L6<>"RHI_ATTACK",$L6<>"RHI_BERRY",$L6<>"J_COUNTER",$L6<>"J_ULT"),$J6,0)+IF($L6="LILYA_DIVE",$J6+IF($U6=1,IF($G6=1,6,IF($G6=2,12,18)),IF($U6=2,IF($G6=1,12,IF($G6=2,24,36)),0)),0)+IF($L6="LILYA_ULT",$J6+IF($X6>=6,18,0),0)+IF($L6="LILYA_INSIGHT",IF($Y6=1,IF(MOD($AA6+1,3)=0,32,15),0),0)+IF($L6="LILYA_FINISH",IF($Y6=1,50+2.5*$Z6,0),0)+IF($L6="37_FOLLOW",$J6,0)+IF($L6="RHI_ATTACK",$J6*IF($B6<=$AJ6,2,1),0)+IF($L6="RHI_BERRY",15+1.5*$AV6,0)+IF($L6="J_COUNTER",$J6+$AD6*Boss参数!$B$39,0)+IF($L6="J_ULT",$J6+Boss参数!$B$45*MAX(0,$AE6+$AD6-Boss参数!$I$4),0)+$S6) -> 9 | BH6: =IF(D6="",0,K6) -> 0 | BI6: =IF(E6="","",IF(DT6=1,1+Boss参数!$B$8+AV6*Boss参数!$B$19,1)) -> 1.42 | BJ6: =IF($I6="现实",Boss参数!$C$4,IF($I6="精神",Boss参数!$D$4,0)) -> 1200 | BK6: =IF($E6="","",MAX($AY6*Boss参数!$B$9,$AY6-$BJ6*(1-$BF6))) -> 1555 | BL6: =MAX(0,Boss参数!$F$4+IF(DT6=0,Boss参数!$B$27,0)-EJ6) -> 0.4 | BM6: =Boss参数!$G$4+DU6-IF(Y6=1,Boss参数!$B$11,0) -> 0.4 | BN6: =IF($E6="","",MAX(Boss参数!$B$10,1+IFERROR(INDEX(角色面板!$I$18:$I$21,MATCH($E6,角色面板!$A$18:$A$21,0)),0)+$BB6+Boss参数!$H$4-$BM6)) -> 1.26 | BO6: =IF(E6="","",IF(OR(L6="J_COUNTER",L6="J_HARD"),MAX(0,1+INDEX(角色面板!$K$18:$K$21,MATCH(E6,角色面板!$A$18:$A$21,0))-DI6*Boss参数!$B$23+IF(OR(Boss参数!$B$43=1,L6="J_HARD"),IF(B6<=AH6,Boss参数!$B$46,0),0)),MAX(0,IF(OR(H6="术法",L6="RHI_BERRY",AND(L6="37_FOLLOW",Boss参数!$B$31=1)),1+BC6,IF(H6="仪式",1+BD6,IF(H6="洞知",EK6,1)))))) -> 1.8 | BP6: =IF($E6="","",MAX(1.1,$BA6-$BL6)) -> 1.625 | BQ6: =IF($BG6=0,0,$BK6*$BG6*$BN6*$BO6*$BI6) -> 45071.737 | BR6: =IF($BG6=0,0,$BQ6*$BP6) -> 73241.573 | BS6: =IF(BH6=0,0,ROUNDDOWN(AY6*BH6,0)*DV6*IF(Boss参数!$B$29=1,BN6,1)*IF(Boss参数!$B$33=1,BO6,1)*IF(Boss参数!$B$76=1,1-ES6,1)) -> 0 | BT6: =IF($BH6=0,0,$BS6*IF($E6="37",$BP6,1)) -> 0 | BU6: =IF(D6="",0,MIN(IF(Boss参数!$B$77=1,Boss参数!$B$63*Boss参数!$B$62,Boss参数!$B$61*Boss参数!$B$62),DW6+ROUNDDOWN(BS6,0)+ROUNDDOWN(DW6*Q6,0))) -> 45071 | BV6: =IF(D6="",0,MIN(IF(Boss参数!$B$77=1,Boss参数!$B$63*Boss参数!$B$62,Boss参数!$B$61*Boss参数!$B$62),DX6+ROUNDDOWN(BT6,0)+ROUNDDOWN(DX6*Q6,0))) -> 73241 | BW6: =IF($D6="",0,ROUNDDOWN($BU6*(1-$AZ6)+$BV6*$AZ6,0)) -> 73241 | BX6: =IF($D6="","",IF(AND($L6="37_FOLLOW",$AB6<5),"检查：37灵光不足5",IF(AND($L6="LILYA_INSIGHT",$Y6=0),"检查：未进入弱点洞穿",IF(AND($L6="LILYA_FINISH",$Y6=0),"检查：未进入弱点洞穿","")))) | BY6: =IF($L6="LILYA_COBRA",IF($U6=0,1,$U6),$U6) -> 1 | BZ6: =$V6 -> 0 | CA6: =MIN(10,W6+IF(AND(L6="LILYA_COBRA",COUNTIF($L$3:L6,"LILYA_COBRA")=1),5,0)+IF(AND(L6="LILYA_DIVE",U6=1,COUNTIFS($DG$3:DG6,DG6,$L$3:L6,"LILYA_DIVE")=1),2,0)+IF(AND(FE6=1,U6=1),3,0)) -> 7 | CB6: =MIN(20,MAX(0,X6+IF(L6="LILYA_COBRA",IF(COUNTIF($L$3:L6,"LILYA_COBRA")=1,6,IF(U6=1,MAX(1,G6),IF(U6=2,2*MAX(1,G6),0))),0)+IF(AND(Y6=1,E6="红弩箭",L6<>"ENTER_INSIGHT"),1,0)-IF(AND(L6="LILYA_ULT",X6>=6),6,0))) -> 6 | CC6: =IF($L6="ENTER_INSIGHT",1,IF($L6="LILYA_FINISH",0,$Y6)) -> 0 | CD6: =IF(OR($L6="ENTER_INSIGHT",$L6="LILYA_FINISH"),0,IF(AND($Y6=1,$D6<>"",$E6<>"系统"),$Z6+1,$Z6)) -> 0 | CE6: =IF(OR($L6="ENTER_INSIGHT",$L6="LILYA_FINISH"),0,IF($L6="LILYA_INSIGHT",$AA6+1,$AA6)) -> 0 | CF6: =IF(OR($D6="",$E6="系统"),$AB6,IF($L6="37_FOLLOW",MAX(0,$AB6-5),MIN(10,$AB6+1+IF($L6="37_ULT",2,0)))) -> 4 | CG6: =MAX(0,$AC6-IF(AND($E6="37",$BH6>0,$AC6>0),1,0)+IF($L6="37_ULT",2,0)+IF($L6="37_TRIANGLE",IF($G6=3,2,1),0)) -> 0 | CH6: =MIN(35,AD6+IF(L6="J_HARD",6,0)+IF(L6="J_COUNTER",Boss参数!$B$30,0)) -> 0 | CI6: =MIN(Boss参数!$I$4,AE6+IF(L6="J_HARD",6,0)+IF(L6="J_ULT",AD6,0)+IF(L6="J_COUNTER",Boss参数!$B$30,0)) -> 0 | CJ6: =IF(L6="J_ULT",AD6*Boss参数!$B$41,IF(B6<=AG6,AF6,0)) -> 0 | CK6: =IF(L6="J_ULT",B6+2,AG6) -> 0 | CL6: =IF($L6="RHI_BUFF",$B6+2,$AH6) -> 3 | CM6: =IF($L6="RHI_ULT",$B6+2,$AI6) -> 0 | CN6: =IF($L6="RHI_ULT",$B6+3,$AJ6) -> 0 | CO6: =IF($L6="RHI_ULT",$B6+2,$AK6) -> 0 | CP6: =MIN(3,$AL6+IF(OR($L6="J_COUNTER",$L6="J_HARD"),1,0)) -> 0 | CQ6: =MIN(30,$AM6+IF($H6="仪式",5,0)) -> 0 | CR6: =IF(L6="37_ULT",FD6+1,AN6) -> 0 | CS6: =IF(OR(L6="ENTER_INSIGHT",L6="LILYA_FINISH"),0,IF(AND(Y6=1,H6="洞知"),AO6+1,AO6)) -> 0 | CT6: =IF(AND($L6="RHI_ATTACK",$EE6>0),MAX(IF($B6<=$AQ6,$AP6,0),0.11+0.01*$G6),IF($B6<=$AQ6,$AP6,0)) -> 0 | CU6: =IF(AND($L6="RHI_ATTACK",$EE6>0,0.11+0.01*$G6>=IF($B6<=$AQ6,$AP6,0)),$B6+2,$AQ6) -> 0 | CV6: =IF(AND($L6="RHI_ATTACK",$B6<=$AJ6),0.15+MIN(0.15,$AV6*0.03),IF($B6<=$AS6,$AR6,0)) -> 0 | CW6: =IF(AND($L6="RHI_ATTACK",$B6<=$AJ6),$B6+2,$AS6) -> 0 | CX6: =IF(AND($L6="RHI_BUFF",$B6<=$AJ6),0.15+MIN(0.15,$AV6*0.03),IF($B6<=$AU6,$AT6,0)) -> 0 | CY6: =IF(AND($L6="RHI_BUFF",$B6<=$AJ6),$B6+2,$AU6) -> 0 | DG6: =IF(D6="","",行动模拟!B12) -> 1 | DH6: =IF(L6="END_TURN","回合结束",IF(D6="","",IF(INDEX(回合状态!$C$7:$C$17,MATCH(DG6,回合状态!$A$7:$A$17,0))="洞穿","洞穿",IF(OR(L6="J_COUNTER",L6="BOSS_ACTION",L6="BOSS_CONSERVATIVE"),"敌方",IF(AND(L6="37_FOLLOW",DG6=DG5,DH5="敌方"),"敌方",IF(INDEX(回合状态!$C$7:$C$17,MATCH(DG6,回合状态!$A$7:$A$17,0))="普通","出牌",INDEX(回合状态!$C$7:$C$17,MATCH(DG6,回合状态!$A$7:$A$17,0)))))))) -> 出牌 | DI6: =IF(E6="红弩箭",DJ6,IF(E6="37",DK6,IF(E6="小瑞安侬",DL6,IF(E6="J",DM6,0)))) -> 0 | DJ6: =IF(D6="",0,MIN(Boss参数!$B$25,IF(OR(AND(DH6="敌方",OR(DH5<>"敌方",DG6<>DG5)),AND(L6="END_TURN",DH6<>"洞穿"),AND(DG6<>DG5,DH5<>"洞穿",L5<>"END_TURN",COUNTIFS($DG$3:DG5,DG5,$DH$3:DH5,"敌方")=0)),EW6,DN5))) -> 0 | DK6: =IF(D6="",0,MIN(Boss参数!$B$25,IF(OR(AND(DH6="敌方",OR(DH5<>"敌方",DG6<>DG5)),AND(L6="END_TURN",DH6<>"洞穿"),AND(DG6<>DG5,DH5<>"洞穿",L5<>"END_TURN",COUNTIFS($DG$3:DG5,DG5,$DH$3:DH5,"敌方")=0)),EW6,DO5))) -> 0 | DL6: =IF(D6="",0,MIN(Boss参数!$B$25,IF(OR(AND(DH6="敌方",OR(DH5<>"敌方",DG6<>DG5)),AND(L6="END_TURN",DH6<>"洞穿"),AND(DG6<>DG5,DH5<>"洞穿",L5<>"END_TURN",COUNTIFS($DG$3:DG5,DG5,$DH$3:DH5,"敌方")=0)),EW6,DP5))) -> 0 | DM6: =IF(D6="",0,MIN(Boss参数!$B$25,IF(OR(AND(DH6="敌方",OR(DH5<>"敌方",DG6<>DG5)),AND(L6="END_TURN",DH6<>"洞穿"),AND(DG6<>DG5,DH5<>"洞穿",L5<>"END_TURN",COUNTIFS($DG$3:DG5,DG5,$DH$3:DH5,"敌方")=0)),EW6,DQ5))) -> 0 | DN6: =MAX(0,MIN(Boss参数!$B$25,DJ6+DR6)-IF(E6="红弩箭",2*DR6,0)) -> 0 | DO6: =MAX(0,MIN(Boss参数!$B$25,DK6+DR6)-IF(E6="37",2*DR6,0)) -> 0 | DP6: =MAX(0,MIN(Boss参数!$B$25,DL6+DR6)-IF(E6="小瑞安侬",2*DR6,0)) -> 0 | DQ6: =MAX(0,MIN(Boss参数!$B$25,DM6+DR6)-IF(E6="J",2*DR6,0)) -> 0 | DR6: =IF(AND(OR(J6>0,K6>0),DI6>0),1,0) -> 0 | DS6: =IF(AND(OR(J6>0,K6>0),OR(H6="术法",H6="仪式",H6="洞知",H6="特殊")),1,0) -> 1 | DT6: =IF(OR(E6="",E6="系统"),0,IF(OR(AND(DS6=1,Boss参数!$B$32=1),L6="RHI_BERRY",OR(AND(INDEX(角色面板!$B$18:$B$21,MATCH(E6,角色面板!$A$18:$A$21,0))="星",Boss参数!$B$4="岩"),AND(INDEX(角色面板!$B$18:$B$21,MATCH(E6,角色面板!$A$18:$A$21,0))="岩",Boss参数!$B$4="兽"),AND(INDEX(角色面板!$B$18:$B$21,MATCH(E6,角色面板!$A$18:$A$21,0))="兽",Boss参数!$B$4="木"),AND(INDEX(角色面板!$B$18:$B$21,MATCH(E6,角色面板!$A$18:$A$21,0))="木",Boss参数!$B$4="星"),AND(INDEX(角色面板!$B$18:$B$21,MATCH(E6,角色面板!$A$18:$A$21,0))="智",Boss参数!$B$4="灵"),AND(INDEX(角色面板!$B$18:$B$21,MATCH(E6,角色面板!$A$18:$A$21,0))="灵",Boss参数!$B$4="智"))),1,0)) -> 1 | DU6: =IF(D6="",0,INDEX(回合状态!$E$7:$E$17,MATCH(DG6,回合状态!$A$7:$A$17,0))+IF(AND(DH6="敌方",OR(INDEX(回合状态!$C$7:$C$17,MATCH(DG6,回合状态!$A$7:$A$17,0))="普通",INDEX(回合状态!$C$7:$C$17,MATCH(DG6,回合状态!$A$7:$A$17,0))="额外")),0.05,0)) -> 0 | DV6: =MAX(Boss参数!$B$28,1+IF(AND(E6="37",AC6>0,BH6>0),Boss参数!$B$42,0)-DI6*Boss参数!$B$24+EA6-ER6) -> 1 | DW6: =MIN(IF(Boss参数!$B$77=1,Boss参数!$B$63*Boss参数!$B$62,Boss参数!$B$61*Boss参数!$B$62),ROUNDDOWN(BQ6*(1-ES6),0)) -> 45071 | DX6: =MIN(IF(Boss参数!$B$77=1,Boss参数!$B$63*Boss参数!$B$62,Boss参数!$B$61*Boss参数!$B$62),ROUNDDOWN(BR6*(1-ES6),0)) -> 73241 | DY6: =DZ5 -> 0 | DZ6: =IF(L6="RHI_ULT",MIN(Boss参数!$B$48,ROUNDDOWN(AY6*Boss参数!$B$47,0)),DY6) -> 0 | EA6: 0 | EB6: =EE6+EF6 -> 0 | EC6: =SUMIFS($EB$3:EB6,$B$3:B6,">="&MAX(1,B6-2),$B$3:B6,"<="&B6)*Boss参数!$B$51 -> 2 | ED6: =IF(D6="",EG5,IF(AND(DG6<>DG5,DH6<>"洞穿"),MIN(Boss参数!$B$55,EG5+2),EG5)) -> 1 | EE6: =IF(OR(L6="RHI_ATTACK",L6="RHI_BUFF"),MIN(1,ED6),0) -> 0 | EF6: =IF(AND(OR(L6="END_TURN",AND(DH6="敌方",OR(DH5<>"敌方",DG6<>DG5))),SUMIFS($EF$3:EF5,$DG$3:DG5,DG6)=0),MIN(1,MAX(0,ED6-EE6)),0) -> 0 | EG6: =MAX(0,ED6-EE6-EF6) -> 1 | EH6: =Boss参数!$B$53-IF(Y6=1,Boss参数!$B$54,0) -> 0 | EI6: =IF(B6<=AU6,0.15+MIN(0.15,AV6*0.03),0) -> 0 | EJ6: =IF(B6<=AS6,0.15+MIN(0.15,AV6*0.03),0) -> 0 | EK6: =MAX(0,1+BE6-EH6) -> 1 | EL6: =IF(AND(D6<>"",DG6<>DG5,DH6<>"洞穿"),1,0) -> 0 | EM6: =IF(AND(DG6<>DG5,DH6="洞穿"),0,IF(L6="ENTER_INSIGHT",Boss参数!$B$57,EO5)) -> 0 | EN6: =IF(AND(Y6=1,H6="洞知",EM6>0),Boss参数!$B$56,0) -> 0 | EO6: =MAX(0,EM6-IF(AND(Y6=1,H6="洞知",Q6>0),1,0))+IF(AND(Y6=1,L6="37_INSIGHT"),1,0) -> 0 | EP6: =ET5 -> 0 | EQ6: =ROUNDDOWN(EP6/Boss参数!$B$62,0) -> 0 | ER6: =IF(EQ6>=Boss参数!$B$66,Boss参数!$B$69,IF(EQ6>=Boss参数!$B$65,Boss参数!$B$68,IF(EQ6>=Boss参数!$B$64,Boss参数!$B$67,0))) -> 0 | ES6: =MIN(1,IF(EQ6>=Boss参数!$B$66,Boss参数!$B$72+ROUNDDOWN((EQ6-Boss参数!$B$66)/Boss参数!$B$73,0)*Boss参数!$B$74,IF(EQ6>=Boss参数!$B$65,Boss参数!$B$71,IF(EQ6>=Boss参数!$B$64,Boss参数!$B$70,0)))) -> 0 | ET6: =MIN(Boss参数!$B$61*Boss参数!$B$62,EP6+IF(AND(Boss参数!$B$60=1,ISNUMBER(验证表!H12)),验证表!H12,EU6)) -> 73241 | EU6: =IF(D6="",0,IF(验证表!G12="是",BV6,IF(验证表!G12="否",BU6,BW6))) -> 73241 | EV6: =IF(EQ6>=Boss参数!$B$66,2,IF(EQ6>=Boss参数!$B$65,1,0)) -> 0 | EW6: =1+EV6 -> 1 | EX6: =IF(D6="",0,INDEX(回合状态!$D$7:$D$17,MATCH(DG6,回合状态!$A$7:$A$17,0))) -> 1 | EY6: =IF(OR(L6="RHI_ATTACK",L6="RHI_BUFF"),1,IF(L6="RHI_ULT",Boss参数!$B$52,0)) -> 0 | EZ6: =MIN(6,SUMIFS($EY$3:EY6,$EX$3:EX6,">="&MAX(1,EX6-Boss参数!$B$87+1),$EX$3:EX6,"<="&EX6)) -> 1 | FA6: =IF(D6="",0,IF(DG6<>DG5,AD6,FA5)) -> 0 | FB6: =IF(L6="BOSS_CONSERVATIVE",B6+Boss参数!$B$91,FB5) -> 0 | FC6: =IF(AND(D6<>"",B6<=FB5,FB5>0,OR(L6="J_COUNTER",L6="37_FOLLOW",L6="RHI_BERRY")),1,0) -> 0 | FD6: =IF(D6="",FD5,FD5+IF(AND(DG6<>DG5,INDEX(回合状态!$C$7:$C$17,MATCH(DG6,回合状态!$A$7:$A$17,0))<>"洞穿"),1,0)) -> 1 | FE6: =IF(D6="",0,IF(AND(OR(L6="END_TURN",DH6="敌方"),INDEX(回合状态!$C$7:$C$17,MATCH(DG6,回合状态!$A$7:$A$17,0))<>"洞穿",SUMIFS($FE$3:FE5,$DG$3:DG5,DG6)=0),1,0)) -> 0
A7: =行动模拟!A13 -> 5 | B7: =IF(D7="",0,INDEX(回合状态!$B$7:$B$17,MATCH(DG7,回合状态!$A$7:$A$17,0))) -> 1 | C7: =行动模拟!C13 -> 5 | D7: =IF(行动模拟!D13="","",行动模拟!D13) -> J｜高温回火 | E7: =IF($D7="","",IFERROR(INDEX(技能数据库!$B$4:$B$38,MATCH($D7,技能数据库!$A$4:$A$38,0)),"")) -> J | F7: =IF($D7="","",IFERROR(INDEX(技能数据库!$C$4:$C$38,MATCH($D7,技能数据库!$A$4:$A$38,0)),"")) -> 高温回火 | G7: =IF($D7="","",IFERROR(INDEX(技能数据库!$D$4:$D$38,MATCH($D7,技能数据库!$A$4:$A$38,0)),"")) -> 0 | H7: =IF($D7="","",IFERROR(INDEX(技能数据库!$E$4:$E$38,MATCH($D7,技能数据库!$A$4:$A$38,0)),"")) -> 反击 | I7: =IF($D7="","",IFERROR(INDEX(技能数据库!$F$4:$F$38,MATCH($D7,技能数据库!$A$4:$A$38,0)),"")) -> 现实 | J7: =IF($D7="","",IFERROR(INDEX(技能数据库!$G$4:$G$38,MATCH($D7,技能数据库!$A$4:$A$38,0)),"")) -> 3 | K7: =IF($D7="","",IFERROR(INDEX(技能数据库!$H$4:$H$38,MATCH($D7,技能数据库!$A$4:$A$38,0)),"")) -> 0 | L7: =IF($D7="","",IFERROR(INDEX(技能数据库!$I$4:$I$38,MATCH($D7,技能数据库!$A$4:$A$38,0)),"")) -> J_COUNTER | M7: 1 | Q7: =EN7 -> 0 | R7: 0 | S7: 0 | T7: =行动模拟!I13 -> 回合末默契消耗按库存自动计算；发生于首次Boss反击前的时点由本场验证。 | U7: =IF(FD7<>FD6,IF(BY6=1,IF(MIN(10,CA6+IF(AND(DG7<>DG6,DH6<>"洞穿",SUMIFS($FE$3:FE6,$DG$3:DG6,DG6)=0,BY6=1),3,0))>=10,2,1),IF(BY6=2,IF(BZ6<=1,0,2),0)),BY6) -> 1 | V7: =IF(FD7<>FD6,IF(BY6=1,IF(MIN(10,CA6+IF(AND(DG7<>DG6,DH6<>"洞穿",SUMIFS($FE$3:FE6,$DG$3:DG6,DG6)=0,BY6=1),3,0))>=10,2,0),IF(BY6=2,MAX(0,BZ6-1),0)),BZ6) -> 0 | W7: =IF(AND(FD7<>FD6,BY6=2,BZ6<=1),0,MIN(10,CA6+IF(AND(DG7<>DG6,DH6<>"洞穿",SUMIFS($FE$3:FE6,$DG$3:DG6,DG6)=0,BY6=1),3,0))) -> 7 | X7: =$CB6 -> 6 | Y7: =IF(AND(DG7<>DG6,DH7="洞穿"),1,$CC6) -> 0 | Z7: =IF(AND(DG7<>DG6,DH7="洞穿"),0,$CD6) -> 0 | AA7: =IF(AND(DG7<>DG6,DH7="洞穿"),0,$CE6) -> 0 | AB7: =$CF6 -> 4 | AC7: =$CG6 -> 0 | AD7: =CH6 -> 0 | AE7: =IF(D7="",0,IF(DG7<>DG6,IFERROR(INDEX(回合状态!$F$7:$F$17,MATCH(DG7,回合状态!$A$7:$A$17,0)),0),CI6)) -> 0 | AF7: =$CJ6 -> 0 | AG7: =$CK6 -> 0 | AH7: =$CL6 -> 3 | AI7: =$CM6 -> 0 | AJ7: =$CN6 -> 0 | AK7: =$CO6 -> 0 | AL7: =$CP6 -> 0 | AM7: =$CQ6 -> 0 | AN7: =CR6 -> 0 | AO7: =$CS6 -> 0 | AP7: =$CT6 -> 0 | AQ7: =$CU6 -> 0 | AR7: =$CV6 -> 0 | AS7: =$CW6 -> 0 | AT7: =$CX6 -> 0 | AU7: =$CY6 -> 0 | AV7: =MIN(5,SUMIFS($EL$3:EL7,$B$3:B7,">="&MAX(1,B7-2),$B$3:B7,"<="&B7)+EC7) -> 5 | AW7: =MIN(6,SUMIFS($EY$3:EY6,$EX$3:EX6,">="&MAX(1,EX7-Boss参数!$B$87+1),$EX$3:EX6,"<="&EX7)) -> 1 | AX7: =MIN(4,COUNTIFS($B$3:$B$6,">="&MAX(1,$B7-2),$B$3:$B$6,"<="&$B7,$L$3:$L$6,"37_FOLLOW")) -> 0 | AY7: =IF($E7="","",IF($E7="系统",0,ROUNDDOWN(INDEX(角色面板!$C$4:$C$7,MATCH($E7,角色面板!$A$4:$A$7,0))*(1+INDEX(角色面板!$C$11:$C$14,MATCH($E7,角色面板!$A$11:$A$14,0))+IF($E7="小瑞安侬",MAX(IF($B7<=$AQ7,$AP7,0),IF(AND($L7="RHI_ATTACK",$EE7>0),0.11+0.01*$G7,0)),0)+IF($E7="J",$AD7*Boss参数!$B$18,0))+IF(FD7<=$AN7,MIN(Boss参数!$B$21,ROUNDDOWN(角色面板!$C$19*Boss参数!$B$20,0)),0)+IF(AND($B7<=$AK7,$E7<>"小瑞安侬"),$DY7,0),0))) -> 1906 | AZ7: =IF($E7="","",MAX(0,MIN(1,IFERROR(INDEX(角色面板!$G$18:$G$21,MATCH($E7,角色面板!$A$18:$A$21,0)),0)-FC7*Boss参数!$B$89-Boss参数!$E$4))) -> 0.667 | BA7: =IF(E7="","",(IF($E7="","",IF($E7="红弩箭",Boss参数!$B$80,IF($E7="J",Boss参数!$B$81,IFERROR(INDEX(角色面板!$H$18:$H$21,MATCH($E7,角色面板!$A$18:$A$21,0)),0)))+IF($B7<=$AI7,Boss参数!$B$13,0)+MIN(30,$AM7)*Boss参数!$B$17+IF(AND($L7="LILYA_ULT",$X7>=6),1,0)+IF(AND($Y7=1,$L7="LILYA_INSIGHT"),IF(MOD($AA7+1,3)=0,Boss参数!$B$83,Boss参数!$B$82),IF(AND($Y7=1,$L7="LILYA_FINISH"),Boss参数!$B$84,0))))-FC7*Boss参数!$B$90) -> 1.717 | BB7: =IF($E7="","",IFERROR(INDEX(角色面板!$M$18:$M$21,MATCH($E7,角色面板!$A$18:$A$21,0)),0)+$AW7*Boss参数!$B$12+IF($B7<=$AG7,$AF7,0)+$EI7+IF($L7="LILYA_DIVE",IF($U7=1,IF($G7=1,0.3,IF($G7=2,0.4,0.5)),IF($U7=2,IF($G7=1,0.6,IF($G7=2,0.8,1)),0)),0)+$R7+IF(AND($E7="J",OR($L7="J_COUNTER",$L7="J_HARD")),Boss参数!$B$79,0)+IF(AND(OR(L7="J_COUNTER",L7="J_HARD"),FA7>=Boss参数!$B$59),FA7*Boss参数!$B$40,0)) -> 0.2 | BC7: =IF($E7="","",IFERROR(INDEX(角色面板!$K$18:$K$21,MATCH($E7,角色面板!$A$18:$A$21,0)),0)+IF($B7<=$AH7,Boss参数!$B$46,0)+IF($E7="红弩箭",IF($U7=1,0.6,IF($U7=2,1.2,0))+$W7*0.06,0))-DI7*Boss参数!$B$23 -> -0.25 | BD7: =IF($E7="","",IFERROR(INDEX(角色面板!$L$18:$L$21,MATCH($E7,角色面板!$A$18:$A$21,0)),0)+IF($B7<=$AH7,Boss参数!$B$46,0)+IF($E7="J",$AL7*Boss参数!$B$16,0)+IF($E7="红弩箭",$X7*0.025,0)+IF(AND($L7="LILYA_ULT",$X7>=6),1,0))-DI7*Boss参数!$B$23 -> 0.15 | BE7: =IF($E7="","",IF($H7="洞知",IF($E7="红弩箭",$AO7*Boss参数!$B$15,0)+$AX7*Boss参数!$B$14,0)) -> 0 | BF7: =IF(AND($L7="LILYA_ULT",$X7>=6),0.2,0) -> 0 | BG7: =IF($D7="",0,IF(AND($L7<>"LILYA_DIVE",$L7<>"LILYA_ULT",$L7<>"LILYA_INSIGHT",$L7<>"LILYA_FINISH",$L7<>"37_FOLLOW",$L7<>"RHI_ATTACK",$L7<>"RHI_BERRY",$L7<>"J_COUNTER",$L7<>"J_ULT"),$J7,0)+IF($L7="LILYA_DIVE",$J7+IF($U7=1,IF($G7=1,6,IF($G7=2,12,18)),IF($U7=2,IF($G7=1,12,IF($G7=2,24,36)),0)),0)+IF($L7="LILYA_ULT",$J7+IF($X7>=6,18,0),0)+IF($L7="LILYA_INSIGHT",IF($Y7=1,IF(MOD($AA7+1,3)=0,32,15),0),0)+IF($L7="LILYA_FINISH",IF($Y7=1,50+2.5*$Z7,0),0)+IF($L7="37_FOLLOW",$J7,0)+IF($L7="RHI_ATTACK",$J7*IF($B7<=$AJ7,2,1),0)+IF($L7="RHI_BERRY",15+1.5*$AV7,0)+IF($L7="J_COUNTER",$J7+$AD7*Boss参数!$B$39,0)+IF($L7="J_ULT",$J7+Boss参数!$B$45*MAX(0,$AE7+$AD7-Boss参数!$I$4),0)+$S7) -> 3 | BH7: =IF(D7="",0,K7) -> 0 | BI7: =IF(E7="","",IF(DT7=1,1+Boss参数!$B$8+AV7*Boss参数!$B$19,1)) -> 1 | BJ7: =IF($I7="现实",Boss参数!$C$4,IF($I7="精神",Boss参数!$D$4,0)) -> 1200 | BK7: =IF($E7="","",MAX($AY7*Boss参数!$B$9,$AY7-$BJ7*(1-$BF7))) -> 706 | BL7: =MAX(0,Boss参数!$F$4+IF(DT7=0,Boss参数!$B$27,0)-EJ7) -> 1.4 | BM7: =Boss参数!$G$4+DU7-IF(Y7=1,Boss参数!$B$11,0) -> 0.45 | BN7: =IF($E7="","",MAX(Boss参数!$B$10,1+IFERROR(INDEX(角色面板!$I$18:$I$21,MATCH($E7,角色面板!$A$18:$A$21,0)),0)+$BB7+Boss参数!$H$4-$BM7)) -> 0.775 | BO7: =IF(E7="","",IF(OR(L7="J_COUNTER",L7="J_HARD"),MAX(0,1+INDEX(角色面板!$K$18:$K$21,MATCH(E7,角色面板!$A$18:$A$21,0))-DI7*Boss参数!$B$23+IF(OR(Boss参数!$B$43=1,L7="J_HARD"),IF(B7<=AH7,Boss参数!$B$46,0),0)),MAX(0,IF(OR(H7="术法",L7="RHI_BERRY",AND(L7="37_FOLLOW",Boss参数!$B$31=1)),1+BC7,IF(H7="仪式",1+BD7,IF(H7="洞知",EK7,1)))))) -> 0.75 | BP7: =IF($E7="","",MAX(1.1,$BA7-$BL7)) -> 1.1 | BQ7: =IF($BG7=0,0,$BK7*$BG7*$BN7*$BO7*$BI7) -> 1231.0875 | BR7: =IF($BG7=0,0,$BQ7*$BP7) -> 1354.1962 | BS7: =IF(BH7=0,0,ROUNDDOWN(AY7*BH7,0)*DV7*IF(Boss参数!$B$29=1,BN7,1)*IF(Boss参数!$B$33=1,BO7,1)*IF(Boss参数!$B$76=1,1-ES7,1)) -> 0 | BT7: =IF($BH7=0,0,$BS7*IF($E7="37",$BP7,1)) -> 0 | BU7: =IF(D7="",0,MIN(IF(Boss参数!$B$77=1,Boss参数!$B$63*Boss参数!$B$62,Boss参数!$B$61*Boss参数!$B$62),DW7+ROUNDDOWN(BS7,0)+ROUNDDOWN(DW7*Q7,0))) -> 1231 | BV7: =IF(D7="",0,MIN(IF(Boss参数!$B$77=1,Boss参数!$B$63*Boss参数!$B$62,Boss参数!$B$61*Boss参数!$B$62),DX7+ROUNDDOWN(BT7,0)+ROUNDDOWN(DX7*Q7,0))) -> 1354 | BW7: =IF($D7="",0,ROUNDDOWN($BU7*(1-$AZ7)+$BV7*$AZ7,0)) -> 1313 | BX7: =IF($D7="","",IF(AND($L7="37_FOLLOW",$AB7<5),"检查：37灵光不足5",IF(AND($L7="LILYA_INSIGHT",$Y7=0),"检查：未进入弱点洞穿",IF(AND($L7="LILYA_FINISH",$Y7=0),"检查：未进入弱点洞穿","")))) | BY7: =IF($L7="LILYA_COBRA",IF($U7=0,1,$U7),$U7) -> 1 | BZ7: =$V7 -> 0 | CA7: =MIN(10,W7+IF(AND(L7="LILYA_COBRA",COUNTIF($L$3:L7,"LILYA_COBRA")=1),5,0)+IF(AND(L7="LILYA_DIVE",U7=1,COUNTIFS($DG$3:DG7,DG7,$L$3:L7,"LILYA_DIVE")=1),2,0)+IF(AND(FE7=1,U7=1),3,0)) -> 10 | CB7: =MIN(20,MAX(0,X7+IF(L7="LILYA_COBRA",IF(COUNTIF($L$3:L7,"LILYA_COBRA")=1,6,IF(U7=1,MAX(1,G7),IF(U7=2,2*MAX(1,G7),0))),0)+IF(AND(Y7=1,E7="红弩箭",L7<>"ENTER_INSIGHT"),1,0)-IF(AND(L7="LILYA_ULT",X7>=6),6,0))) -> 6 | CC7: =IF($L7="ENTER_INSIGHT",1,IF($L7="LILYA_FINISH",0,$Y7)) -> 0 | CD7: =IF(OR($L7="ENTER_INSIGHT",$L7="LILYA_FINISH"),0,IF(AND($Y7=1,$D7<>"",$E7<>"系统"),$Z7+1,$Z7)) -> 0 | CE7: =IF(OR($L7="ENTER_INSIGHT",$L7="LILYA_FINISH"),0,IF($L7="LILYA_INSIGHT",$AA7+1,$AA7)) -> 0 | CF7: =IF(OR($D7="",$E7="系统"),$AB7,IF($L7="37_FOLLOW",MAX(0,$AB7-5),MIN(10,$AB7+1+IF($L7="37_ULT",2,0)))) -> 5 | CG7: =MAX(0,$AC7-IF(AND($E7="37",$BH7>0,$AC7>0),1,0)+IF($L7="37_ULT",2,0)+IF($L7="37_TRIANGLE",IF($G7=3,2,1),0)) -> 0 | CH7: =MIN(35,AD7+IF(L7="J_HARD",6,0)+IF(L7="J_COUNTER",Boss参数!$B$30,0)) -> 2 | CI7: =MIN(Boss参数!$I$4,AE7+IF(L7="J_HARD",6,0)+IF(L7="J_ULT",AD7,0)+IF(L7="J_COUNTER",Boss参数!$B$30,0)) -> 2 | CJ7: =IF(L7="J_ULT",AD7*Boss参数!$B$41,IF(B7<=AG7,AF7,0)) -> 0 | CK7: =IF(L7="J_ULT",B7+2,AG7) -> 0 | CL7: =IF($L7="RHI_BUFF",$B7+2,$AH7) -> 3 | CM7: =IF($L7="RHI_ULT",$B7+2,$AI7) -> 0 | CN7: =IF($L7="RHI_ULT",$B7+3,$AJ7) -> 0 | CO7: =IF($L7="RHI_ULT",$B7+2,$AK7) -> 0 | CP7: =MIN(3,$AL7+IF(OR($L7="J_COUNTER",$L7="J_HARD"),1,0)) -> 1 | CQ7: =MIN(30,$AM7+IF($H7="仪式",5,0)) -> 0 | CR7: =IF(L7="37_ULT",FD7+1,AN7) -> 0 | CS7: =IF(OR(L7="ENTER_INSIGHT",L7="LILYA_FINISH"),0,IF(AND(Y7=1,H7="洞知"),AO7+1,AO7)) -> 0 | CT7: =IF(AND($L7="RHI_ATTACK",$EE7>0),MAX(IF($B7<=$AQ7,$AP7,0),0.11+0.01*$G7),IF($B7<=$AQ7,$AP7,0)) -> 0 | CU7: =IF(AND($L7="RHI_ATTACK",$EE7>0,0.11+0.01*$G7>=IF($B7<=$AQ7,$AP7,0)),$B7+2,$AQ7) -> 0 | CV7: =IF(AND($L7="RHI_ATTACK",$B7<=$AJ7),0.15+MIN(0.15,$AV7*0.03),IF($B7<=$AS7,$AR7,0)) -> 0 | CW7: =IF(AND($L7="RHI_ATTACK",$B7<=$AJ7),$B7+2,$AS7) -> 0 | CX7: =IF(AND($L7="RHI_BUFF",$B7<=$AJ7),0.15+MIN(0.15,$AV7*0.03),IF($B7<=$AU7,$AT7,0)) -> 0 | CY7: =IF(AND($L7="RHI_BUFF",$B7<=$AJ7),$B7+2,$AU7) -> 0 | DG7: =IF(D7="","",行动模拟!B13) -> 1 | DH7: =IF(L7="END_TURN","回合结束",IF(D7="","",IF(INDEX(回合状态!$C$7:$C$17,MATCH(DG7,回合状态!$A$7:$A$17,0))="洞穿","洞穿",IF(OR(L7="J_COUNTER",L7="BOSS_ACTION",L7="BOSS_CONSERVATIVE"),"敌方",IF(AND(L7="37_FOLLOW",DG7=DG6,DH6="敌方"),"敌方",IF(INDEX(回合状态!$C$7:$C$17,MATCH(DG7,回合状态!$A$7:$A$17,0))="普通","出牌",INDEX(回合状态!$C$7:$C$17,MATCH(DG7,回合状态!$A$7:$A$17,0)))))))) -> 敌方 | DI7: =IF(E7="红弩箭",DJ7,IF(E7="37",DK7,IF(E7="小瑞安侬",DL7,IF(E7="J",DM7,0)))) -> 1 | DJ7: =IF(D7="",0,MIN(Boss参数!$B$25,IF(OR(AND(DH7="敌方",OR(DH6<>"敌方",DG7<>DG6)),AND(L7="END_TURN",DH7<>"洞穿"),AND(DG7<>DG6,DH6<>"洞穿",L6<>"END_TURN",COUNTIFS($DG$3:DG6,DG6,$DH$3:DH6,"敌方")=0)),EW7,DN6))) -> 1 | DK7: =IF(D7="",0,MIN(Boss参数!$B$25,IF(OR(AND(DH7="敌方",OR(DH6<>"敌方",DG7<>DG6)),AND(L7="END_TURN",DH7<>"洞穿"),AND(DG7<>DG6,DH6<>"洞穿",L6<>"END_TURN",COUNTIFS($DG$3:DG6,DG6,$DH$3:DH6,"敌方")=0)),EW7,DO6))) -> 1 | DL7: =IF(D7="",0,MIN(Boss参数!$B$25,IF(OR(AND(DH7="敌方",OR(DH6<>"敌方",DG7<>DG6)),AND(L7="END_TURN",DH7<>"洞穿"),AND(DG7<>DG6,DH6<>"洞穿",L6<>"END_TURN",COUNTIFS($DG$3:DG6,DG6,$DH$3:DH6,"敌方")=0)),EW7,DP6))) -> 1 | DM7: =IF(D7="",0,MIN(Boss参数!$B$25,IF(OR(AND(DH7="敌方",OR(DH6<>"敌方",DG7<>DG6)),AND(L7="END_TURN",DH7<>"洞穿"),AND(DG7<>DG6,DH6<>"洞穿",L6<>"END_TURN",COUNTIFS($DG$3:DG6,DG6,$DH$3:DH6,"敌方")=0)),EW7,DQ6))) -> 1 | DN7: =MAX(0,MIN(Boss参数!$B$25,DJ7+DR7)-IF(E7="红弩箭",2*DR7,0)) -> 2 | DO7: =MAX(0,MIN(Boss参数!$B$25,DK7+DR7)-IF(E7="37",2*DR7,0)) -> 2 | DP7: =MAX(0,MIN(Boss参数!$B$25,DL7+DR7)-IF(E7="小瑞安侬",2*DR7,0)) -> 2 | DQ7: =MAX(0,MIN(Boss参数!$B$25,DM7+DR7)-IF(E7="J",2*DR7,0)) -> 0 | DR7: =IF(AND(OR(J7>0,K7>0),DI7>0),1,0) -> 1 | DS7: =IF(AND(OR(J7>0,K7>0),OR(H7="术法",H7="仪式",H7="洞知",H7="特殊")),1,0) -> 0 | DT7: =IF(OR(E7="",E7="系统"),0,IF(OR(AND(DS7=1,Boss参数!$B$32=1),L7="RHI_BERRY",OR(AND(INDEX(角色面板!$B$18:$B$21,MATCH(E7,角色面板!$A$18:$A$21,0))="星",Boss参数!$B$4="岩"),AND(INDEX(角色面板!$B$18:$B$21,MATCH(E7,角色面板!$A$18:$A$21,0))="岩",Boss参数!$B$4="兽"),AND(INDEX(角色面板!$B$18:$B$21,MATCH(E7,角色面板!$A$18:$A$21,0))="兽",Boss参数!$B$4="木"),AND(INDEX(角色面板!$B$18:$B$21,MATCH(E7,角色面板!$A$18:$A$21,0))="木",Boss参数!$B$4="星"),AND(INDEX(角色面板!$B$18:$B$21,MATCH(E7,角色面板!$A$18:$A$21,0))="智",Boss参数!$B$4="灵"),AND(INDEX(角色面板!$B$18:$B$21,MATCH(E7,角色面板!$A$18:$A$21,0))="灵",Boss参数!$B$4="智"))),1,0)) -> 0 | DU7: =IF(D7="",0,INDEX(回合状态!$E$7:$E$17,MATCH(DG7,回合状态!$A$7:$A$17,0))+IF(AND(DH7="敌方",OR(INDEX(回合状态!$C$7:$C$17,MATCH(DG7,回合状态!$A$7:$A$17,0))="普通",INDEX(回合状态!$C$7:$C$17,MATCH(DG7,回合状态!$A$7:$A$17,0))="额外")),0.05,0)) -> 0.05 | DV7: =MAX(Boss参数!$B$28,1+IF(AND(E7="37",AC7>0,BH7>0),Boss参数!$B$42,0)-DI7*Boss参数!$B$24+EA7-ER7) -> 0.85 | DW7: =MIN(IF(Boss参数!$B$77=1,Boss参数!$B$63*Boss参数!$B$62,Boss参数!$B$61*Boss参数!$B$62),ROUNDDOWN(BQ7*(1-ES7),0)) -> 1231 | DX7: =MIN(IF(Boss参数!$B$77=1,Boss参数!$B$63*Boss参数!$B$62,Boss参数!$B$61*Boss参数!$B$62),ROUNDDOWN(BR7*(1-ES7),0)) -> 1354 | DY7: =DZ6 -> 0 | DZ7: =IF(L7="RHI_ULT",MIN(Boss参数!$B$48,ROUNDDOWN(AY7*Boss参数!$B$47,0)),DY7) -> 0 | EA7: 0 | EB7: =EE7+EF7 -> 1 | EC7: =SUMIFS($EB$3:EB7,$B$3:B7,">="&MAX(1,B7-2),$B$3:B7,"<="&B7)*Boss参数!$B$51 -> 4 | ED7: =IF(D7="",EG6,IF(AND(DG7<>DG6,DH7<>"洞穿"),MIN(Boss参数!$B$55,EG6+2),EG6)) -> 1 | EE7: =IF(OR(L7="RHI_ATTACK",L7="RHI_BUFF"),MIN(1,ED7),0) -> 0 | EF7: =IF(AND(OR(L7="END_TURN",AND(DH7="敌方",OR(DH6<>"敌方",DG7<>DG6))),SUMIFS($EF$3:EF6,$DG$3:DG6,DG7)=0),MIN(1,MAX(0,ED7-EE7)),0) -> 1 | EG7: =MAX(0,ED7-EE7-EF7) -> 0 | EH7: =Boss参数!$B$53-IF(Y7=1,Boss参数!$B$54,0) -> 0 | EI7: =IF(B7<=AU7,0.15+MIN(0.15,AV7*0.03),0) -> 0 | EJ7: =IF(B7<=AS7,0.15+MIN(0.15,AV7*0.03),0) -> 0 | EK7: =MAX(0,1+BE7-EH7) -> 1 | EL7: =IF(AND(D7<>"",DG7<>DG6,DH7<>"洞穿"),1,0) -> 0 | EM7: =IF(AND(DG7<>DG6,DH7="洞穿"),0,IF(L7="ENTER_INSIGHT",Boss参数!$B$57,EO6)) -> 0 | EN7: =IF(AND(Y7=1,H7="洞知",EM7>0),Boss参数!$B$56,0) -> 0 | EO7: =MAX(0,EM7-IF(AND(Y7=1,H7="洞知",Q7>0),1,0))+IF(AND(Y7=1,L7="37_INSIGHT"),1,0) -> 0 | EP7: =ET6 -> 73241 | EQ7: =ROUNDDOWN(EP7/Boss参数!$B$62,0) -> 0 | ER7: =IF(EQ7>=Boss参数!$B$66,Boss参数!$B$69,IF(EQ7>=Boss参数!$B$65,Boss参数!$B$68,IF(EQ7>=Boss参数!$B$64,Boss参数!$B$67,0))) -> 0 | ES7: =MIN(1,IF(EQ7>=Boss参数!$B$66,Boss参数!$B$72+ROUNDDOWN((EQ7-Boss参数!$B$66)/Boss参数!$B$73,0)*Boss参数!$B$74,IF(EQ7>=Boss参数!$B$65,Boss参数!$B$71,IF(EQ7>=Boss参数!$B$64,Boss参数!$B$70,0)))) -> 0 | ET7: =MIN(Boss参数!$B$61*Boss参数!$B$62,EP7+IF(AND(Boss参数!$B$60=1,ISNUMBER(验证表!H13)),验证表!H13,EU7)) -> 74472 | EU7: =IF(D7="",0,IF(验证表!G13="是",BV7,IF(验证表!G13="否",BU7,BW7))) -> 1231 | EV7: =IF(EQ7>=Boss参数!$B$66,2,IF(EQ7>=Boss参数!$B$65,1,0)) -> 0 | EW7: =1+EV7 -> 1 | EX7: =IF(D7="",0,INDEX(回合状态!$D$7:$D$17,MATCH(DG7,回合状态!$A$7:$A$17,0))) -> 1 | EY7: =IF(OR(L7="RHI_ATTACK",L7="RHI_BUFF"),1,IF(L7="RHI_ULT",Boss参数!$B$52,0)) -> 0 | EZ7: =MIN(6,SUMIFS($EY$3:EY7,$EX$3:EX7,">="&MAX(1,EX7-Boss参数!$B$87+1),$EX$3:EX7,"<="&EX7)) -> 1 | FA7: =IF(D7="",0,IF(DG7<>DG6,AD7,FA6)) -> 0 | FB7: =IF(L7="BOSS_CONSERVATIVE",B7+Boss参数!$B$91,FB6) -> 0 | FC7: =IF(AND(D7<>"",B7<=FB6,FB6>0,OR(L7="J_COUNTER",L7="37_FOLLOW",L7="RHI_BERRY")),1,0) -> 0 | FD7: =IF(D7="",FD6,FD6+IF(AND(DG7<>DG6,INDEX(回合状态!$C$7:$C$17,MATCH(DG7,回合状态!$A$7:$A$17,0))<>"洞穿"),1,0)) -> 1 | FE7: =IF(D7="",0,IF(AND(OR(L7="END_TURN",DH7="敌方"),INDEX(回合状态!$C$7:$C$17,MATCH(DG7,回合状态!$A$7:$A$17,0))<>"洞穿",SUMIFS($FE$3:FE6,$DG$3:DG6,DG7)=0),1,0)) -> 1
A8: =行动模拟!A14 -> 6 | B8: =IF(D8="",0,INDEX(回合状态!$B$7:$B$17,MATCH(DG8,回合状态!$A$7:$A$17,0))) -> 1 | C8: =行动模拟!C14 -> 6 | D8: =IF(行动模拟!D14="","",行动模拟!D14) -> 37｜补充算式 | E8: =IF($D8="","",IFERROR(INDEX(技能数据库!$B$4:$B$38,MATCH($D8,技能数据库!$A$4:$A$38,0)),"")) -> 37 | F8: =IF($D8="","",IFERROR(INDEX(技能数据库!$C$4:$C$38,MATCH($D8,技能数据库!$A$4:$A$38,0)),"")) -> 补充算式 | G8: =IF($D8="","",IFERROR(INDEX(技能数据库!$D$4:$D$38,MATCH($D8,技能数据库!$A$4:$A$38,0)),"")) -> 0 | H8: =IF($D8="","",IFERROR(INDEX(技能数据库!$E$4:$E$38,MATCH($D8,技能数据库!$A$4:$A$38,0)),"")) -> 额外行动 | I8: =IF($D8="","",IFERROR(INDEX(技能数据库!$F$4:$F$38,MATCH($D8,技能数据库!$A$4:$A$38,0)),"")) -> 精神 | J8: =IF($D8="","",IFERROR(INDEX(技能数据库!$G$4:$G$38,MATCH($D8,技能数据库!$A$4:$A$38,0)),"")) -> 3 | K8: =IF($D8="","",IFERROR(INDEX(技能数据库!$H$4:$H$38,MATCH($D8,技能数据库!$A$4:$A$38,0)),"")) -> 1 | L8: =IF($D8="","",IFERROR(INDEX(技能数据库!$I$4:$I$38,MATCH($D8,技能数据库!$A$4:$A$38,0)),"")) -> 37_FOLLOW | M8: 1 | Q8: =EN8 -> 0 | R8: 0 | S8: 0 | T8: =行动模拟!I14 -> 0 | U8: =IF(FD8<>FD7,IF(BY7=1,IF(MIN(10,CA7+IF(AND(DG8<>DG7,DH7<>"洞穿",SUMIFS($FE$3:FE7,$DG$3:DG7,DG7)=0,BY7=1),3,0))>=10,2,1),IF(BY7=2,IF(BZ7<=1,0,2),0)),BY7) -> 1 | V8: =IF(FD8<>FD7,IF(BY7=1,IF(MIN(10,CA7+IF(AND(DG8<>DG7,DH7<>"洞穿",SUMIFS($FE$3:FE7,$DG$3:DG7,DG7)=0,BY7=1),3,0))>=10,2,0),IF(BY7=2,MAX(0,BZ7-1),0)),BZ7) -> 0 | W8: =IF(AND(FD8<>FD7,BY7=2,BZ7<=1),0,MIN(10,CA7+IF(AND(DG8<>DG7,DH7<>"洞穿",SUMIFS($FE$3:FE7,$DG$3:DG7,DG7)=0,BY7=1),3,0))) -> 10 | X8: =$CB7 -> 6 | Y8: =IF(AND(DG8<>DG7,DH8="洞穿"),1,$CC7) -> 0 | Z8: =IF(AND(DG8<>DG7,DH8="洞穿"),0,$CD7) -> 0 | AA8: =IF(AND(DG8<>DG7,DH8="洞穿"),0,$CE7) -> 0 | AB8: =$CF7 -> 5 | AC8: =$CG7 -> 0 | AD8: =CH7 -> 2 | AE8: =IF(D8="",0,IF(DG8<>DG7,IFERROR(INDEX(回合状态!$F$7:$F$17,MATCH(DG8,回合状态!$A$7:$A$17,0)),0),CI7)) -> 2 | AF8: =$CJ7 -> 0 | AG8: =$CK7 -> 0 | AH8: =$CL7 -> 3 | AI8: =$CM7 -> 0 | AJ8: =$CN7 -> 0 | AK8: =$CO7 -> 0 | AL8: =$CP7 -> 1 | AM8: =$CQ7 -> 0 | AN8: =CR7 -> 0 | AO8: =$CS7 -> 0 | AP8: =$CT7 -> 0 | AQ8: =$CU7 -> 0 | AR8: =$CV7 -> 0 | AS8: =$CW7 -> 0 | AT8: =$CX7 -> 0 | AU8: =$CY7 -> 0 | AV8: =MIN(5,SUMIFS($EL$3:EL8,$B$3:B8,">="&MAX(1,B8-2),$B$3:B8,"<="&B8)+EC8) -> 5 | AW8: =MIN(6,SUMIFS($EY$3:EY7,$EX$3:EX7,">="&MAX(1,EX8-Boss参数!$B$87+1),$EX$3:EX7,"<="&EX8)) -> 1 | AX8: =MIN(4,COUNTIFS($B$3:$B$7,">="&MAX(1,$B8-2),$B$3:$B$7,"<="&$B8,$L$3:$L$7,"37_FOLLOW")) -> 0 | AY8: =IF($E8="","",IF($E8="系统",0,ROUNDDOWN(INDEX(角色面板!$C$4:$C$7,MATCH($E8,角色面板!$A$4:$A$7,0))*(1+INDEX(角色面板!$C$11:$C$14,MATCH($E8,角色面板!$A$11:$A$14,0))+IF($E8="小瑞安侬",MAX(IF($B8<=$AQ8,$AP8,0),IF(AND($L8="RHI_ATTACK",$EE8>0),0.11+0.01*$G8,0)),0)+IF($E8="J",$AD8*Boss参数!$B$18,0))+IF(FD8<=$AN8,MIN(Boss参数!$B$21,ROUNDDOWN(角色面板!$C$19*Boss参数!$B$20,0)),0)+IF(AND($B8<=$AK8,$E8<>"小瑞安侬"),$DY8,0),0))) -> 2767 | AZ8: =IF($E8="","",MAX(0,MIN(1,IFERROR(INDEX(角色面板!$G$18:$G$21,MATCH($E8,角色面板!$A$18:$A$21,0)),0)-FC8*Boss参数!$B$89-Boss参数!$E$4))) -> 0.76 | BA8: =IF(E8="","",(IF($E8="","",IF($E8="红弩箭",Boss参数!$B$80,IF($E8="J",Boss参数!$B$81,IFERROR(INDEX(角色面板!$H$18:$H$21,MATCH($E8,角色面板!$A$18:$A$21,0)),0)))+IF($B8<=$AI8,Boss参数!$B$13,0)+MIN(30,$AM8)*Boss参数!$B$17+IF(AND($L8="LILYA_ULT",$X8>=6),1,0)+IF(AND($Y8=1,$L8="LILYA_INSIGHT"),IF(MOD($AA8+1,3)=0,Boss参数!$B$83,Boss参数!$B$82),IF(AND($Y8=1,$L8="LILYA_FINISH"),Boss参数!$B$84,0))))-FC8*Boss参数!$B$90) -> 2.198 | BB8: =IF($E8="","",IFERROR(INDEX(角色面板!$M$18:$M$21,MATCH($E8,角色面板!$A$18:$A$21,0)),0)+$AW8*Boss参数!$B$12+IF($B8<=$AG8,$AF8,0)+$EI8+IF($L8="LILYA_DIVE",IF($U8=1,IF($G8=1,0.3,IF($G8=2,0.4,0.5)),IF($U8=2,IF($G8=1,0.6,IF($G8=2,0.8,1)),0)),0)+$R8+IF(AND($E8="J",OR($L8="J_COUNTER",$L8="J_HARD")),Boss参数!$B$79,0)+IF(AND(OR(L8="J_COUNTER",L8="J_HARD"),FA8>=Boss参数!$B$59),FA8*Boss参数!$B$40,0)) -> 0.02 | BC8: =IF($E8="","",IFERROR(INDEX(角色面板!$K$18:$K$21,MATCH($E8,角色面板!$A$18:$A$21,0)),0)+IF($B8<=$AH8,Boss参数!$B$46,0)+IF($E8="红弩箭",IF($U8=1,0.6,IF($U8=2,1.2,0))+$W8*0.06,0))-DI8*Boss参数!$B$23 -> -0.4 | BD8: =IF($E8="","",IFERROR(INDEX(角色面板!$L$18:$L$21,MATCH($E8,角色面板!$A$18:$A$21,0)),0)+IF($B8<=$AH8,Boss参数!$B$46,0)+IF($E8="J",$AL8*Boss参数!$B$16,0)+IF($E8="红弩箭",$X8*0.025,0)+IF(AND($L8="LILYA_ULT",$X8>=6),1,0))-DI8*Boss参数!$B$23 -> 0 | BE8: =IF($E8="","",IF($H8="洞知",IF($E8="红弩箭",$AO8*Boss参数!$B$15,0)+$AX8*Boss参数!$B$14,0)) -> 0 | BF8: =IF(AND($L8="LILYA_ULT",$X8>=6),0.2,0) -> 0 | BG8: =IF($D8="",0,IF(AND($L8<>"LILYA_DIVE",$L8<>"LILYA_ULT",$L8<>"LILYA_INSIGHT",$L8<>"LILYA_FINISH",$L8<>"37_FOLLOW",$L8<>"RHI_ATTACK",$L8<>"RHI_BERRY",$L8<>"J_COUNTER",$L8<>"J_ULT"),$J8,0)+IF($L8="LILYA_DIVE",$J8+IF($U8=1,IF($G8=1,6,IF($G8=2,12,18)),IF($U8=2,IF($G8=1,12,IF($G8=2,24,36)),0)),0)+IF($L8="LILYA_ULT",$J8+IF($X8>=6,18,0),0)+IF($L8="LILYA_INSIGHT",IF($Y8=1,IF(MOD($AA8+1,3)=0,32,15),0),0)+IF($L8="LILYA_FINISH",IF($Y8=1,50+2.5*$Z8,0),0)+IF($L8="37_FOLLOW",$J8,0)+IF($L8="RHI_ATTACK",$J8*IF($B8<=$AJ8,2,1),0)+IF($L8="RHI_BERRY",15+1.5*$AV8,0)+IF($L8="J_COUNTER",$J8+$AD8*Boss参数!$B$39,0)+IF($L8="J_ULT",$J8+Boss参数!$B$45*MAX(0,$AE8+$AD8-Boss参数!$I$4),0)+$S8) -> 3 | BH8: =IF(D8="",0,K8) -> 1 | BI8: =IF(E8="","",IF(DT8=1,1+Boss参数!$B$8+AV8*Boss参数!$B$19,1)) -> 1.5 | BJ8: =IF($I8="现实",Boss参数!$C$4,IF($I8="精神",Boss参数!$D$4,0)) -> 1000 | BK8: =IF($E8="","",MAX($AY8*Boss参数!$B$9,$AY8-$BJ8*(1-$BF8))) -> 1767 | BL8: =MAX(0,Boss参数!$F$4+IF(DT8=0,Boss参数!$B$27,0)-EJ8) -> 0.4 | BM8: =Boss参数!$G$4+DU8-IF(Y8=1,Boss参数!$B$11,0) -> 0.45 | BN8: =IF($E8="","",MAX(Boss参数!$B$10,1+IFERROR(INDEX(角色面板!$I$18:$I$21,MATCH($E8,角色面板!$A$18:$A$21,0)),0)+$BB8+Boss参数!$H$4-$BM8)) -> 0.575 | BO8: =IF(E8="","",IF(OR(L8="J_COUNTER",L8="J_HARD"),MAX(0,1+INDEX(角色面板!$K$18:$K$21,MATCH(E8,角色面板!$A$18:$A$21,0))-DI8*Boss参数!$B$23+IF(OR(Boss参数!$B$43=1,L8="J_HARD"),IF(B8<=AH8,Boss参数!$B$46,0),0)),MAX(0,IF(OR(H8="术法",L8="RHI_BERRY",AND(L8="37_FOLLOW",Boss参数!$B$31=1)),1+BC8,IF(H8="仪式",1+BD8,IF(H8="洞知",EK8,1)))))) -> 0.6 | BP8: =IF($E8="","",MAX(1.1,$BA8-$BL8)) -> 1.798 | BQ8: =IF($BG8=0,0,$BK8*$BG8*$BN8*$BO8*$BI8) -> 2743.2675 | BR8: =IF($BG8=0,0,$BQ8*$BP8) -> 4932.395 | BS8: =IF(BH8=0,0,ROUNDDOWN(AY8*BH8,0)*DV8*IF(Boss参数!$B$29=1,BN8,1)*IF(Boss参数!$B$33=1,BO8,1)*IF(Boss参数!$B$76=1,1-ES8,1)) -> 1936.9 | BT8: =IF($BH8=0,0,$BS8*IF($E8="37",$BP8,1)) -> 3482.5462 | BU8: =IF(D8="",0,MIN(IF(Boss参数!$B$77=1,Boss参数!$B$63*Boss参数!$B$62,Boss参数!$B$61*Boss参数!$B$62),DW8+ROUNDDOWN(BS8,0)+ROUNDDOWN(DW8*Q8,0))) -> 4679 | BV8: =IF(D8="",0,MIN(IF(Boss参数!$B$77=1,Boss参数!$B$63*Boss参数!$B$62,Boss参数!$B$61*Boss参数!$B$62),DX8+ROUNDDOWN(BT8,0)+ROUNDDOWN(DX8*Q8,0))) -> 8414 | BW8: =IF($D8="",0,ROUNDDOWN($BU8*(1-$AZ8)+$BV8*$AZ8,0)) -> 7517 | BX8: =IF($D8="","",IF(AND($L8="37_FOLLOW",$AB8<5),"检查：37灵光不足5",IF(AND($L8="LILYA_INSIGHT",$Y8=0),"检查：未进入弱点洞穿",IF(AND($L8="LILYA_FINISH",$Y8=0),"检查：未进入弱点洞穿","")))) | BY8: =IF($L8="LILYA_COBRA",IF($U8=0,1,$U8),$U8) -> 1 | BZ8: =$V8 -> 0 | CA8: =MIN(10,W8+IF(AND(L8="LILYA_COBRA",COUNTIF($L$3:L8,"LILYA_COBRA")=1),5,0)+IF(AND(L8="LILYA_DIVE",U8=1,COUNTIFS($DG$3:DG8,DG8,$L$3:L8,"LILYA_DIVE")=1),2,0)+IF(AND(FE8=1,U8=1),3,0)) -> 10 | CB8: =MIN(20,MAX(0,X8+IF(L8="LILYA_COBRA",IF(COUNTIF($L$3:L8,"LILYA_COBRA")=1,6,IF(U8=1,MAX(1,G8),IF(U8=2,2*MAX(1,G8),0))),0)+IF(AND(Y8=1,E8="红弩箭",L8<>"ENTER_INSIGHT"),1,0)-IF(AND(L8="LILYA_ULT",X8>=6),6,0))) -> 6 | CC8: =IF($L8="ENTER_INSIGHT",1,IF($L8="LILYA_FINISH",0,$Y8)) -> 0 | CD8: =IF(OR($L8="ENTER_INSIGHT",$L8="LILYA_FINISH"),0,IF(AND($Y8=1,$D8<>"",$E8<>"系统"),$Z8+1,$Z8)) -> 0 | CE8: =IF(OR($L8="ENTER_INSIGHT",$L8="LILYA_FINISH"),0,IF($L8="LILYA_INSIGHT",$AA8+1,$AA8)) -> 0 | CF8: =IF(OR($D8="",$E8="系统"),$AB8,IF($L8="37_FOLLOW",MAX(0,$AB8-5),MIN(10,$AB8+1+IF($L8="37_ULT",2,0)))) -> 0 | CG8: =MAX(0,$AC8-IF(AND($E8="37",$BH8>0,$AC8>0),1,0)+IF($L8="37_ULT",2,0)+IF($L8="37_TRIANGLE",IF($G8=3,2,1),0)) -> 0 | CH8: =MIN(35,AD8+IF(L8="J_HARD",6,0)+IF(L8="J_COUNTER",Boss参数!$B$30,0)) -> 2 | CI8: =MIN(Boss参数!$I$4,AE8+IF(L8="J_HARD",6,0)+IF(L8="J_ULT",AD8,0)+IF(L8="J_COUNTER",Boss参数!$B$30,0)) -> 2 | CJ8: =IF(L8="J_ULT",AD8*Boss参数!$B$41,IF(B8<=AG8,AF8,0)) -> 0 | CK8: =IF(L8="J_ULT",B8+2,AG8) -> 0 | CL8: =IF($L8="RHI_BUFF",$B8+2,$AH8) -> 3 | CM8: =IF($L8="RHI_ULT",$B8+2,$AI8) -> 0 | CN8: =IF($L8="RHI_ULT",$B8+3,$AJ8) -> 0 | CO8: =IF($L8="RHI_ULT",$B8+2,$AK8) -> 0 | CP8: =MIN(3,$AL8+IF(OR($L8="J_COUNTER",$L8="J_HARD"),1,0)) -> 1 | CQ8: =MIN(30,$AM8+IF($H8="仪式",5,0)) -> 0 | CR8: =IF(L8="37_ULT",FD8+1,AN8) -> 0 | CS8: =IF(OR(L8="ENTER_INSIGHT",L8="LILYA_FINISH"),0,IF(AND(Y8=1,H8="洞知"),AO8+1,AO8)) -> 0 | CT8: =IF(AND($L8="RHI_ATTACK",$EE8>0),MAX(IF($B8<=$AQ8,$AP8,0),0.11+0.01*$G8),IF($B8<=$AQ8,$AP8,0)) -> 0 | CU8: =IF(AND($L8="RHI_ATTACK",$EE8>0,0.11+0.01*$G8>=IF($B8<=$AQ8,$AP8,0)),$B8+2,$AQ8) -> 0 | CV8: =IF(AND($L8="RHI_ATTACK",$B8<=$AJ8),0.15+MIN(0.15,$AV8*0.03),IF($B8<=$AS8,$AR8,0)) -> 0 | CW8: =IF(AND($L8="RHI_ATTACK",$B8<=$AJ8),$B8+2,$AS8) -> 0 | CX8: =IF(AND($L8="RHI_BUFF",$B8<=$AJ8),0.15+MIN(0.15,$AV8*0.03),IF($B8<=$AU8,$AT8,0)) -> 0 | CY8: =IF(AND($L8="RHI_BUFF",$B8<=$AJ8),$B8+2,$AU8) -> 0 | DG8: =IF(D8="","",行动模拟!B14) -> 1 | DH8: =IF(L8="END_TURN","回合结束",IF(D8="","",IF(INDEX(回合状态!$C$7:$C$17,MATCH(DG8,回合状态!$A$7:$A$17,0))="洞穿","洞穿",IF(OR(L8="J_COUNTER",L8="BOSS_ACTION",L8="BOSS_CONSERVATIVE"),"敌方",IF(AND(L8="37_FOLLOW",DG8=DG7,DH7="敌方"),"敌方",IF(INDEX(回合状态!$C$7:$C$17,MATCH(DG8,回合状态!$A$7:$A$17,0))="普通","出牌",INDEX(回合状态!$C$7:$C$17,MATCH(DG8,回合状态!$A$7:$A$17,0)))))))) -> 敌方 | DI8: =IF(E8="红弩箭",DJ8,IF(E8="37",DK8,IF(E8="小瑞安侬",DL8,IF(E8="J",DM8,0)))) -> 2 | DJ8: =IF(D8="",0,MIN(Boss参数!$B$25,IF(OR(AND(DH8="敌方",OR(DH7<>"敌方",DG8<>DG7)),AND(L8="END_TURN",DH8<>"洞穿"),AND(DG8<>DG7,DH7<>"洞穿",L7<>"END_TURN",COUNTIFS($DG$3:DG7,DG7,$DH$3:DH7,"敌方")=0)),EW8,DN7))) -> 2 | DK8: =IF(D8="",0,MIN(Boss参数!$B$25,IF(OR(AND(DH8="敌方",OR(DH7<>"敌方",DG8<>DG7)),AND(L8="END_TURN",DH8<>"洞穿"),AND(DG8<>DG7,DH7<>"洞穿",L7<>"END_TURN",COUNTIFS($DG$3:DG7,DG7,$DH$3:DH7,"敌方")=0)),EW8,DO7))) -> 2 | DL8: =IF(D8="",0,MIN(Boss参数!$B$25,IF(OR(AND(DH8="敌方",OR(DH7<>"敌方",DG8<>DG7)),AND(L8="END_TURN",DH8<>"洞穿"),AND(DG8<>DG7,DH7<>"洞穿",L7<>"END_TURN",COUNTIFS($DG$3:DG7,DG7,$DH$3:DH7,"敌方")=0)),EW8,DP7))) -> 2 | DM8: =IF(D8="",0,MIN(Boss参数!$B$25,IF(OR(AND(DH8="敌方",OR(DH7<>"敌方",DG8<>DG7)),AND(L8="END_TURN",DH8<>"洞穿"),AND(DG8<>DG7,DH7<>"洞穿",L7<>"END_TURN",COUNTIFS($DG$3:DG7,DG7,$DH$3:DH7,"敌方")=0)),EW8,DQ7))) -> 0 | DN8: =MAX(0,MIN(Boss参数!$B$25,DJ8+DR8)-IF(E8="红弩箭",2*DR8,0)) -> 3 | DO8: =MAX(0,MIN(Boss参数!$B$25,DK8+DR8)-IF(E8="37",2*DR8,0)) -> 1 | DP8: =MAX(0,MIN(Boss参数!$B$25,DL8+DR8)-IF(E8="小瑞安侬",2*DR8,0)) -> 3 | DQ8: =MAX(0,MIN(Boss参数!$B$25,DM8+DR8)-IF(E8="J",2*DR8,0)) -> 1 | DR8: =IF(AND(OR(J8>0,K8>0),DI8>0),1,0) -> 1 | DS8: =IF(AND(OR(J8>0,K8>0),OR(H8="术法",H8="仪式",H8="洞知",H8="特殊")),1,0) -> 0 | DT8: =IF(OR(E8="",E8="系统"),0,IF(OR(AND(DS8=1,Boss参数!$B$32=1),L8="RHI_BERRY",OR(AND(INDEX(角色面板!$B$18:$B$21,MATCH(E8,角色面板!$A$18:$A$21,0))="星",Boss参数!$B$4="岩"),AND(INDEX(角色面板!$B$18:$B$21,MATCH(E8,角色面板!$A$18:$A$21,0))="岩",Boss参数!$B$4="兽"),AND(INDEX(角色面板!$B$18:$B$21,MATCH(E8,角色面板!$A$18:$A$21,0))="兽",Boss参数!$B$4="木"),AND(INDEX(角色面板!$B$18:$B$21,MATCH(E8,角色面板!$A$18:$A$21,0))="木",Boss参数!$B$4="星"),AND(INDEX(角色面板!$B$18:$B$21,MATCH(E8,角色面板!$A$18:$A$21,0))="智",Boss参数!$B$4="灵"),AND(INDEX(角色面板!$B$18:$B$21,MATCH(E8,角色面板!$A$18:$A$21,0))="灵",Boss参数!$B$4="智"))),1,0)) -> 1 | DU8: =IF(D8="",0,INDEX(回合状态!$E$7:$E$17,MATCH(DG8,回合状态!$A$7:$A$17,0))+IF(AND(DH8="敌方",OR(INDEX(回合状态!$C$7:$C$17,MATCH(DG8,回合状态!$A$7:$A$17,0))="普通",INDEX(回合状态!$C$7:$C$17,MATCH(DG8,回合状态!$A$7:$A$17,0))="额外")),0.05,0)) -> 0.05 | DV8: =MAX(Boss参数!$B$28,1+IF(AND(E8="37",AC8>0,BH8>0),Boss参数!$B$42,0)-DI8*Boss参数!$B$24+EA8-ER8) -> 0.7 | DW8: =MIN(IF(Boss参数!$B$77=1,Boss参数!$B$63*Boss参数!$B$62,Boss参数!$B$61*Boss参数!$B$62),ROUNDDOWN(BQ8*(1-ES8),0)) -> 2743 | DX8: =MIN(IF(Boss参数!$B$77=1,Boss参数!$B$63*Boss参数!$B$62,Boss参数!$B$61*Boss参数!$B$62),ROUNDDOWN(BR8*(1-ES8),0)) -> 4932 | DY8: =DZ7 -> 0 | DZ8: =IF(L8="RHI_ULT",MIN(Boss参数!$B$48,ROUNDDOWN(AY8*Boss参数!$B$47,0)),DY8) -> 0 | EA8: 0 | EB8: =EE8+EF8 -> 0 | EC8: =SUMIFS($EB$3:EB8,$B$3:B8,">="&MAX(1,B8-2),$B$3:B8,"<="&B8)*Boss参数!$B$51 -> 4 | ED8: =IF(D8="",EG7,IF(AND(DG8<>DG7,DH8<>"洞穿"),MIN(Boss参数!$B$55,EG7+2),EG7)) -> 0 | EE8: =IF(OR(L8="RHI_ATTACK",L8="RHI_BUFF"),MIN(1,ED8),0) -> 0 | EF8: =IF(AND(OR(L8="END_TURN",AND(DH8="敌方",OR(DH7<>"敌方",DG8<>DG7))),SUMIFS($EF$3:EF7,$DG$3:DG7,DG8)=0),MIN(1,MAX(0,ED8-EE8)),0) -> 0 | EG8: =MAX(0,ED8-EE8-EF8) -> 0 | EH8: =Boss参数!$B$53-IF(Y8=1,Boss参数!$B$54,0) -> 0 | EI8: =IF(B8<=AU8,0.15+MIN(0.15,AV8*0.03),0) -> 0 | EJ8: =IF(B8<=AS8,0.15+MIN(0.15,AV8*0.03),0) -> 0 | EK8: =MAX(0,1+BE8-EH8) -> 1 | EL8: =IF(AND(D8<>"",DG8<>DG7,DH8<>"洞穿"),1,0) -> 0 | EM8: =IF(AND(DG8<>DG7,DH8="洞穿"),0,IF(L8="ENTER_INSIGHT",Boss参数!$B$57,EO7)) -> 0 | EN8: =IF(AND(Y8=1,H8="洞知",EM8>0),Boss参数!$B$56,0) -> 0 | EO8: =MAX(0,EM8-IF(AND(Y8=1,H8="洞知",Q8>0),1,0))+IF(AND(Y8=1,L8="37_INSIGHT"),1,0) -> 0 | EP8: =ET7 -> 74472 | EQ8: =ROUNDDOWN(EP8/Boss参数!$B$62,0) -> 0 | ER8: =IF(EQ8>=Boss参数!$B$66,Boss参数!$B$69,IF(EQ8>=Boss参数!$B$65,Boss参数!$B$68,IF(EQ8>=Boss参数!$B$64,Boss参数!$B$67,0))) -> 0 | ES8: =MIN(1,IF(EQ8>=Boss参数!$B$66,Boss参数!$B$72+ROUNDDOWN((EQ8-Boss参数!$B$66)/Boss参数!$B$73,0)*Boss参数!$B$74,IF(EQ8>=Boss参数!$B$65,Boss参数!$B$71,IF(EQ8>=Boss参数!$B$64,Boss参数!$B$70,0)))) -> 0 | ET8: =MIN(Boss参数!$B$61*Boss参数!$B$62,EP8+IF(AND(Boss参数!$B$60=1,ISNUMBER(验证表!H14)),验证表!H14,EU8)) -> 82886 | EU8: =IF(D8="",0,IF(验证表!G14="是",BV8,IF(验证表!G14="否",BU8,BW8))) -> 8414 | EV8: =IF(EQ8>=Boss参数!$B$66,2,IF(EQ8>=Boss参数!$B$65,1,0)) -> 0 | EW8: =1+EV8 -> 1 | EX8: =IF(D8="",0,INDEX(回合状态!$D$7:$D$17,MATCH(DG8,回合状态!$A$7:$A$17,0))) -> 1 | EY8: =IF(OR(L8="RHI_ATTACK",L8="RHI_BUFF"),1,IF(L8="RHI_ULT",Boss参数!$B$52,0)) -> 0 | EZ8: =MIN(6,SUMIFS($EY$3:EY8,$EX$3:EX8,">="&MAX(1,EX8-Boss参数!$B$87+1),$EX$3:EX8,"<="&EX8)) -> 1 | FA8: =IF(D8="",0,IF(DG8<>DG7,AD8,FA7)) -> 0 | FB8: =IF(L8="BOSS_CONSERVATIVE",B8+Boss参数!$B$91,FB7) -> 0 | FC8: =IF(AND(D8<>"",B8<=FB7,FB7>0,OR(L8="J_COUNTER",L8="37_FOLLOW",L8="RHI_BERRY")),1,0) -> 0 | FD8: =IF(D8="",FD7,FD7+IF(AND(DG8<>DG7,INDEX(回合状态!$C$7:$C$17,MATCH(DG8,回合状态!$A$7:$A$17,0))<>"洞穿"),1,0)) -> 1 | FE8: =IF(D8="",0,IF(AND(OR(L8="END_TURN",DH8="敌方"),INDEX(回合状态!$C$7:$C$17,MATCH(DG8,回合状态!$A$7:$A$17,0))<>"洞穿",SUMIFS($FE$3:FE7,$DG$3:DG7,DG8)=0),1,0)) -> 0
